month,avg_players,gain,gain_percent,peak_players,name,steam_appid
Sep-25,7805.25,883.12,0.1276,13254,Counter-Strike,10
Aug-25,6922.13,-449.35,-0.061,12168,Counter-Strike,10
Jul-25,7371.48,-833.5,-0.1016,13951,Counter-Strike,10
Jun-25,8204.98,-847.53,-0.0935999999999999,15798,Counter-Strike,10
May-25,9052.51,-471.31,-0.0495,15333,Counter-Strike,10
Apr-25,9523.82,-849.53,-0.0819,17727,Counter-Strike,10
Mar-25,10373.35,-1190.16,-0.1028999999999999,18180,Counter-Strike,10
Feb-25,11563.5,-341.15,-0.0287,18934,Counter-Strike,10
Jan-25,11904.66,413.55,0.036,20626,Counter-Strike,10
Dec-24,11491.11,1253.53,0.1224,19006,Counter-Strike,10
Nov-24,10237.58,310.83,0.0313,17065,Counter-Strike,10
Oct-24,9926.75,645.11,0.0695,16821,Counter-Strike,10
Sep-24,9281.64,407.25,0.0458999999999999,16410,Counter-Strike,10
Aug-24,8874.39,-1609.88,-0.1536,14878,Counter-Strike,10
Jul-24,10484.26,820.42,0.0849,18909,Counter-Strike,10
Jun-24,9663.84,692.22,0.0771999999999999,15671,Counter-Strike,10
May-24,8971.63,746.44,0.0908,15664,Counter-Strike,10
Apr-24,8225.19,-645.74,-0.0728,14470,Counter-Strike,10
Mar-24,8870.93,687.48,0.084,15954,Counter-Strike,10
Feb-24,8183.44,-413.77,-0.0481,14925,Counter-Strike,10
Jan-24,8597.22,404.76,0.0494,15597,Counter-Strike,10
Dec-23,8192.45,216.76,0.0272,14596,Counter-Strike,10
Nov-23,7975.7,-26.73,-0.0033,14415,Counter-Strike,10
Oct-23,8002.42,403.87,0.0532,14219,Counter-Strike,10
Sep-23,7598.56,85.95,0.0113999999999999,13166,Counter-Strike,10
Aug-23,7512.6,-343.71,-0.0437,12412,Counter-Strike,10
Jul-23,7856.31,193.59,0.0253,13232,Counter-Strike,10
Jun-23,7662.73,-100.78,-0.013,13078,Counter-Strike,10
May-23,7763.5,-695.43,-0.0822,13587,Counter-Strike,10
Apr-23,8458.93,-444.41,-0.0499,15526,Counter-Strike,10
Mar-23,8903.35,-363.64,-0.0392,15828,Counter-Strike,10
Feb-23,9266.99,-497.47,-0.0509,16364,Counter-Strike,10
Jan-23,9764.46,590.19,0.0643,17136,Counter-Strike,10
Dec-22,9174.27,520.82,0.0602,16245,Counter-Strike,10
Nov-22,8653.45,476.15,0.0582,15888,Counter-Strike,10
Oct-22,8177.3,172.54,0.0216,13709,Counter-Strike,10
Sep-22,8004.76,-682.2,-0.0785,13455,Counter-Strike,10
Aug-22,8686.96,-340.27,-0.0377,13191,Counter-Strike,10
Jul-22,9027.23,444.17,0.0516999999999999,14019,Counter-Strike,10
Jun-22,8583.06,-120.59,-0.0139,13707,Counter-Strike,10
May-22,8703.65,-874.61,-0.0913,14189,Counter-Strike,10
Apr-22,9578.26,-196.28,-0.0200999999999999,16636,Counter-Strike,10
Mar-22,9774.55,-782.56,-0.0741,16745,Counter-Strike,10
Feb-22,10557.11,204.87,0.0197999999999999,18714,Counter-Strike,10
Jan-22,10352.24,989.88,0.1057,18392,Counter-Strike,10
Dec-21,9362.36,221.01,0.0242,16534,Counter-Strike,10
Nov-21,9141.35,469.64,0.0542,16321,Counter-Strike,10
Oct-21,8671.71,210.59,0.0249,15631,Counter-Strike,10
Sep-21,8461.12,-390.07,-0.0441,14559,Counter-Strike,10
Aug-21,8851.19,-286.57,-0.0314,14064,Counter-Strike,10
Jul-21,9137.76,-359.69,-0.0379,14972,Counter-Strike,10
Jun-21,9497.45,-1243.5,-0.1158,16391,Counter-Strike,10
May-21,10740.95,-1685.32,-0.1356,18089,Counter-Strike,10
Apr-21,12426.28,114.93,0.0093,21562,Counter-Strike,10
Mar-21,12311.34,220.02,0.0182,22140,Counter-Strike,10
Feb-21,12091.33,-1002.98,-0.0766,21626,Counter-Strike,10
Jan-21,13094.31,854.78,0.0698,23762,Counter-Strike,10
Dec-20,12239.53,960.83,0.0852,22645,Counter-Strike,10
Nov-20,11278.7,958.12,0.0928,20908,Counter-Strike,10
Oct-20,10320.58,336.63,0.0337,17908,Counter-Strike,10
Sep-20,9983.94,-680.97,-0.0639,16041,Counter-Strike,10
Aug-20,10664.91,-867.54,-0.0751999999999999,16485,Counter-Strike,10
Jul-20,11532.45,-543.85,-0.045,18159,Counter-Strike,10
Jun-20,12076.3,-3271.2,-0.2130999999999999,21446,Counter-Strike,10
May-20,15347.51,-2417.08,-0.1361,29589,Counter-Strike,10
Apr-20,17764.58,5255.06,0.4201,31782,Counter-Strike,10
Mar-20,12509.52,2835.54,0.2930999999999999,30500,Counter-Strike,10
Feb-20,9673.98,-523.56,-0.0513,17705,Counter-Strike,10
Jan-20,10197.54,622.14,0.065,19141,Counter-Strike,10
Dec-19,9575.4,801.58,0.0914,18196,Counter-Strike,10
Nov-19,8773.82,490.26,0.0592,15994,Counter-Strike,10
Oct-19,8283.56,-179.98,-0.0213,14937,Counter-Strike,10
Sep-19,8463.54,-696.38,-0.076,14661,Counter-Strike,10
Aug-19,9159.92,-157.5,-0.0169,14902,Counter-Strike,10
Jul-19,9317.42,151.81,0.0166,15309,Counter-Strike,10
Jun-19,9165.61,-80.97,-0.0088,14925,Counter-Strike,10
May-19,9246.58,-317.98,-0.0332,16503,Counter-Strike,10
Apr-19,9564.55,-962.04,-0.0914,17373,Counter-Strike,10
Mar-19,10526.59,-1227.21,-0.1043999999999999,19302,Counter-Strike,10
Feb-19,11753.8,-864.14,-0.0684999999999999,21432,Counter-Strike,10
Jan-19,12617.94,1034.28,0.0892999999999999,22902,Counter-Strike,10
Dec-18,11583.65,1211.48,0.1168,21858,Counter-Strike,10
Nov-18,10372.17,624.92,0.0641,20591,Counter-Strike,10
Oct-18,9747.26,-10.04,-0.001,18183,Counter-Strike,10
Sep-18,9757.29,-683.95,-0.0655,17531,Counter-Strike,10
Aug-18,10441.25,-684.15,-0.0615,17093,Counter-Strike,10
Jul-18,11125.39,177.45,0.0162,18703,Counter-Strike,10
Jun-18,10947.94,115.97,0.0107,18604,Counter-Strike,10
May-18,10831.97,-934.32,-0.0794,18895,Counter-Strike,10
Apr-18,11766.29,-2257.31,-0.161,22637,Counter-Strike,10
Mar-18,14023.6,-594.31,-0.0407,25812,Counter-Strike,10
Feb-18,14617.92,-501.99,-0.0332,26135,Counter-Strike,10
Jan-18,15119.9,1383,0.1007,27589,Counter-Strike,10
Dec-17,13736.9,1686.41,0.1399,25689,Counter-Strike,10
Nov-17,12050.49,977.92,0.0883,24734,Counter-Strike,10
Oct-17,11072.57,353.59,0.033,20764,Counter-Strike,10
Sep-17,10718.98,-630.87,-0.0556,18685,Counter-Strike,10
Aug-17,11349.85,-378.43,-0.0323,18292,Counter-Strike,10
Jul-17,11728.28,-419.12,-0.0345,20303,Counter-Strike,10
Jun-17,12147.4,28.52,0.0024,20229,Counter-Strike,10
May-17,12118.87,-939.24,-0.0719,21838,Counter-Strike,10
Apr-17,13058.12,-1253.16,-0.0876,22842,Counter-Strike,10
Mar-17,14311.28,-1314.58,-0.0841,26577,Counter-Strike,10
Feb-17,15625.86,-455.31,-0.0283,28071,Counter-Strike,10
Jan-17,16081.17,1864.74,0.1311999999999999,29300,Counter-Strike,10
Dec-16,14216.43,768.26,0.0571,26909,Counter-Strike,10
Nov-16,13448.17,445.52,0.0343,24792,Counter-Strike,10
Oct-16,13002.65,418.17,0.0332,23413,Counter-Strike,10
Sep-16,12584.48,-562.96,-0.0428,21984,Counter-Strike,10
Aug-16,13147.45,34.78,0.0027,21491,Counter-Strike,10
Jul-16,13112.67,-170.04,-0.0128,21136,Counter-Strike,10
Jun-16,13282.71,212.82,0.0163,22585,Counter-Strike,10
May-16,13069.89,-597.82,-0.0437,22998,Counter-Strike,10
Apr-16,13667.71,-1761.1,-0.1141,24994,Counter-Strike,10
Mar-16,15428.81,-967.82,-0.059,28136,Counter-Strike,10
Feb-16,16396.64,-246.65,-0.0148,29617,Counter-Strike,10
Jan-16,16643.29,1988.07,0.1357,29670,Counter-Strike,10
Dec-15,14655.22,810.51,0.0584999999999999,27926,Counter-Strike,10
Nov-15,13844.71,615.83,0.0466,26133,Counter-Strike,10
Oct-15,13228.88,342.42,0.0266,24278,Counter-Strike,10
Sep-15,12886.46,-1098.97,-0.0786,23130,Counter-Strike,10
Aug-15,13985.42,-416.88,-0.0289,22650,Counter-Strike,10
Jul-15,14402.31,152.28,0.0107,23624,Counter-Strike,10
Jun-15,14250.03,-74.15,-0.0052,24177,Counter-Strike,10
May-15,14324.18,-1413.44,-0.0898,26466,Counter-Strike,10
Apr-15,15737.62,-1702.04,-0.0975999999999999,30333,Counter-Strike,10
Mar-15,17439.66,-1361.65,-0.0724,33107,Counter-Strike,10
Feb-15,18801.32,-965.94,-0.0489,34453,Counter-Strike,10
Jan-15,19767.26,989.08,0.0527,37018,Counter-Strike,10
Dec-14,18778.18,1485.7,0.0859,36393,Counter-Strike,10
Nov-14,17292.48,656.01,0.0394,33495,Counter-Strike,10
Oct-14,16636.47,307.96,0.0189,31690,Counter-Strike,10
Sep-14,16328.5,-1694.35,-0.094,30379,Counter-Strike,10
Aug-14,18022.85,-91.66,-0.0051,29564,Counter-Strike,10
Jul-14,18114.51,123.15,0.0068,30469,Counter-Strike,10
Jun-14,17991.36,525.83,0.0301,31392,Counter-Strike,10
May-14,17465.53,-1290.67,-0.0688,33755,Counter-Strike,10
Apr-14,18756.2,-1728.85,-0.0843999999999999,35774,Counter-Strike,10
Mar-14,20485.05,-1722.63,-0.0776,39230,Counter-Strike,10
Feb-14,22207.68,-1114.3,-0.0478,41945,Counter-Strike,10
Jan-14,23321.98,1900.11,0.0886999999999999,44491,Counter-Strike,10
Dec-13,21421.87,1719.46,0.0873,40743,Counter-Strike,10
Nov-13,19702.41,621.56,0.0326,39826,Counter-Strike,10
Oct-13,19080.85,-106.94,-0.0056,36655,Counter-Strike,10
Sep-13,19187.79,-2109.73,-0.0991,36983,Counter-Strike,10
Aug-13,21297.53,816.1,0.0398,34230,Counter-Strike,10
Jul-13,20481.43,336.54,0.0167,34412,Counter-Strike,10
Jun-13,20144.89,244.08,0.0123,35960,Counter-Strike,10
May-13,19900.81,-1303.65,-0.0615,36913,Counter-Strike,10
Apr-13,21204.46,-2934.69,-0.1216,43856,Counter-Strike,10
Mar-13,24139.15,-4239.27,-0.1494,49412,Counter-Strike,10
Feb-13,28378.42,-6436.05,-0.1848999999999999,60134,Counter-Strike,10
Jan-13,34814.47,2818.4,0.0881,65188,Counter-Strike,10
Dec-12,31996.07,2326.1,0.0784,61189,Counter-Strike,10
Nov-12,29669.97,833.67,0.0289,56957,Counter-Strike,10
Oct-12,28836.29,-596.27,-0.0203,56053,Counter-Strike,10
Sep-12,29432.56,-3663.24,-0.1107,55321,Counter-Strike,10
Aug-12,33095.8,-1043.4,-0.0306,53685,Counter-Strike,10
Jul-12,34139.2,-,0.0,53967,Counter-Strike,10
Sep-25,40279.19,382.27,0.0096,60896,Counter-Strike: Source,240
Aug-25,39896.92,17140.67,0.7532,58458,Counter-Strike: Source,240
Jul-25,22756.24,12407.37,1.1989,56238,Counter-Strike: Source,240
Jun-25,10348.87,2979.4,0.4043,17527,Counter-Strike: Source,240
May-25,7369.48,-641.39,-0.0801,12760,Counter-Strike: Source,240
Apr-25,8010.87,-4688.2,-0.3692,15902,Counter-Strike: Source,240
Mar-25,12699.06,2580.44,0.255,19819,Counter-Strike: Source,240
Feb-25,10118.63,-325.67,-0.0312,15828,Counter-Strike: Source,240
Jan-25,10444.3,1069.72,0.1141,16783,Counter-Strike: Source,240
Dec-24,9374.57,1669.95,0.2167,16314,Counter-Strike: Source,240
Nov-24,7704.63,-164.16,-0.0209,12424,Counter-Strike: Source,240
Oct-24,7868.79,-549.06,-0.0652,12797,Counter-Strike: Source,240
Sep-24,8417.84,-1866.03,-0.1815,13820,Counter-Strike: Source,240
Aug-24,10283.87,-21.08,-0.002,15935,Counter-Strike: Source,240
Jul-24,10304.96,1833.97,0.2165,17981,Counter-Strike: Source,240
Jun-24,8470.98,-710.44,-0.0774,13920,Counter-Strike: Source,240
May-24,9181.42,1224.42,0.1539,12756,Counter-Strike: Source,240
Apr-24,7957.01,922.24,0.1311,12800,Counter-Strike: Source,240
Mar-24,7034.77,2147.4,0.4393999999999999,12576,Counter-Strike: Source,240
Feb-24,4887.38,1563.98,0.4706,10834,Counter-Strike: Source,240
Jan-24,3323.4,47.68,0.0146,5914,Counter-Strike: Source,240
Dec-23,3275.72,195.78,0.0636,5929,Counter-Strike: Source,240
Nov-23,3079.94,36.63,0.012,5992,Counter-Strike: Source,240
Oct-23,3043.31,305.29,0.1115,5444,Counter-Strike: Source,240
Sep-23,2738.02,79.81,0.03,5314,Counter-Strike: Source,240
Aug-23,2658.22,-295.55,-0.1001,4432,Counter-Strike: Source,240
Jul-23,2953.76,359.26,0.1384999999999999,5257,Counter-Strike: Source,240
Jun-23,2594.5,-2.3,-0.0009,4772,Counter-Strike: Source,240
May-23,2596.8,-295.16,-0.1021,4803,Counter-Strike: Source,240
Apr-23,2891.96,-227.18,-0.0728,5615,Counter-Strike: Source,240
Mar-23,3119.14,81.08,0.0266999999999999,6217,Counter-Strike: Source,240
Feb-23,3038.06,-337.31,-0.0999,5486,Counter-Strike: Source,240
Jan-23,3375.37,94.2,0.0287,6205,Counter-Strike: Source,240
Dec-22,3281.17,165.24,0.053,5944,Counter-Strike: Source,240
Nov-22,3115.93,84.99,0.0279999999999999,6386,Counter-Strike: Source,240
Oct-22,3030.94,-249.4,-0.076,5363,Counter-Strike: Source,240
Sep-22,3280.33,-1873.81,-0.3636,6950,Counter-Strike: Source,240
Aug-22,5154.14,-209.43,-0.039,7015,Counter-Strike: Source,240
Jul-22,5363.57,478.81,0.098,7498,Counter-Strike: Source,240
Jun-22,4884.76,-238.28,-0.0465,7246,Counter-Strike: Source,240
May-22,5123.04,-369.45,-0.0673,7463,Counter-Strike: Source,240
Apr-22,5492.49,294.75,0.0567,8494,Counter-Strike: Source,240
Mar-22,5197.74,-534.56,-0.0933,8296,Counter-Strike: Source,240
Feb-22,5732.3,1829.92,0.4689,8891,Counter-Strike: Source,240
Jan-22,3902.38,475.14,0.1386,8063,Counter-Strike: Source,240
Dec-21,3427.24,156.56,0.0479,6544,Counter-Strike: Source,240
Nov-21,3270.68,152.72,0.049,6094,Counter-Strike: Source,240
Oct-21,3117.96,80.96,0.0266999999999999,5684,Counter-Strike: Source,240
Sep-21,3037.0,-132.45,-0.0418,5637,Counter-Strike: Source,240
Aug-21,3169.45,-130.94,-0.0397,5306,Counter-Strike: Source,240
Jul-21,3300.39,-4.68,-0.0014,5924,Counter-Strike: Source,240
Jun-21,3305.07,-668.93,-0.1682999999999999,5962,Counter-Strike: Source,240
May-21,3974.0,-1075.53,-0.213,6947,Counter-Strike: Source,240
Apr-21,5049.53,386.27,0.0828,8698,Counter-Strike: Source,240
Mar-21,4663.27,553.99,0.1348,8857,Counter-Strike: Source,240
Feb-21,4109.28,-348.88,-0.0783,7489,Counter-Strike: Source,240
Jan-21,4458.15,397.71,0.0978999999999999,8270,Counter-Strike: Source,240
Dec-20,4060.44,269.69,0.0711,7967,Counter-Strike: Source,240
Nov-20,3790.76,302.79,0.0868,7245,Counter-Strike: Source,240
Oct-20,3487.96,157.39,0.0473,6473,Counter-Strike: Source,240
Sep-20,3330.58,-296.79,-0.0818,5866,Counter-Strike: Source,240
Aug-20,3627.37,-341.01,-0.0859,6171,Counter-Strike: Source,240
Jul-20,3968.38,-167.13,-0.0404,6697,Counter-Strike: Source,240
Jun-20,4135.51,-922.71,-0.1823999999999999,7341,Counter-Strike: Source,240
May-20,5058.22,-1100.49,-0.1787,9884,Counter-Strike: Source,240
Apr-20,6158.71,1327.48,0.2748,11446,Counter-Strike: Source,240
Mar-20,4831.22,981.43,0.2548999999999999,10910,Counter-Strike: Source,240
Feb-20,3849.79,-231.58,-0.0567,6990,Counter-Strike: Source,240
Jan-20,4081.37,74.21,0.0185,7846,Counter-Strike: Source,240
Dec-19,4007.16,553.19,0.1602,7868,Counter-Strike: Source,240
Nov-19,3453.98,161.48,0.049,7038,Counter-Strike: Source,240
Oct-19,3292.49,26.44,0.0081,6157,Counter-Strike: Source,240
Sep-19,3266.05,-223.6,-0.0641,6250,Counter-Strike: Source,240
Aug-19,3489.65,-385.84,-0.0996,6028,Counter-Strike: Source,240
Jul-19,3875.5,390.42,0.1119999999999999,6906,Counter-Strike: Source,240
Jun-19,3485.08,51.15,0.0149,6758,Counter-Strike: Source,240
May-19,3433.93,-94.3,-0.0266999999999999,6581,Counter-Strike: Source,240
Apr-19,3528.24,-514.06,-0.1272,6779,Counter-Strike: Source,240
Mar-19,4042.3,-259.22,-0.0603,7530,Counter-Strike: Source,240
Feb-19,4301.52,-309.96,-0.0672,8156,Counter-Strike: Source,240
Jan-19,4611.47,207.41,0.0471,8699,Counter-Strike: Source,240
Dec-18,4404.06,370.56,0.0919,8674,Counter-Strike: Source,240
Nov-18,4033.5,298,0.0798,8207,Counter-Strike: Source,240
Oct-18,3735.49,51.67,0.0139999999999999,7121,Counter-Strike: Source,240
Sep-18,3683.82,-245.08,-0.0624,6760,Counter-Strike: Source,240
Aug-18,3928.91,-90.77,-0.0226,6786,Counter-Strike: Source,240
Jul-18,4019.67,30.33,0.0076,6682,Counter-Strike: Source,240
Jun-18,3989.34,-45.74,-0.0113,7091,Counter-Strike: Source,240
May-18,4035.08,-345.62,-0.0789,7144,Counter-Strike: Source,240
Apr-18,4380.69,-711.14,-0.1397,8661,Counter-Strike: Source,240
Mar-18,5091.83,-173.11,-0.0329,9341,Counter-Strike: Source,240
Feb-18,5264.94,-230.03,-0.0419,9770,Counter-Strike: Source,240
Jan-18,5494.97,424.11,0.0836,10405,Counter-Strike: Source,240
Dec-17,5070.85,359.25,0.0762,9828,Counter-Strike: Source,240
Nov-17,4711.61,125.87,0.0274,9093,Counter-Strike: Source,240
Oct-17,4585.74,105.87,0.0236,8811,Counter-Strike: Source,240
Sep-17,4479.86,-232.1,-0.0493,8227,Counter-Strike: Source,240
Aug-17,4711.96,-125.02,-0.0258,7905,Counter-Strike: Source,240
Jul-17,4836.98,22.76,0.0046999999999999,8619,Counter-Strike: Source,240
Jun-17,4814.22,5.44,0.0011,8598,Counter-Strike: Source,240
May-17,4808.78,-450.16,-0.0856,8849,Counter-Strike: Source,240
Apr-17,5258.94,-401.66,-0.071,9774,Counter-Strike: Source,240
Mar-17,5660.6,-625.61,-0.0994999999999999,10926,Counter-Strike: Source,240
Feb-17,6286.21,-409.94,-0.0612,11557,Counter-Strike: Source,240
Jan-17,6696.14,532.6,0.0864,12471,Counter-Strike: Source,240
Dec-16,6163.55,300.26,0.0512,11500,Counter-Strike: Source,240
Nov-16,5863.28,160.91,0.0282,11211,Counter-Strike: Source,240
Oct-16,5702.38,210.2,0.0383,10503,Counter-Strike: Source,240
Sep-16,5492.18,-388.62,-0.0661,10083,Counter-Strike: Source,240
Aug-16,5880.8,-22.68,-0.0038,9828,Counter-Strike: Source,240
Jul-16,5903.48,-246.68,-0.0401,10131,Counter-Strike: Source,240
Jun-16,6150.16,-113.57,-0.0181,10865,Counter-Strike: Source,240
May-16,6263.72,-574.81,-0.0841,11363,Counter-Strike: Source,240
Apr-16,6838.54,-857.98,-0.1115,12774,Counter-Strike: Source,240
Mar-16,7696.51,-719.38,-0.0855,14846,Counter-Strike: Source,240
Feb-16,8415.89,-126.45,-0.0148,15627,Counter-Strike: Source,240
Jan-16,8542.34,635.59,0.0803999999999999,16142,Counter-Strike: Source,240
Dec-15,7906.74,369.63,0.049,14860,Counter-Strike: Source,240
Nov-15,7537.12,116.18,0.0157,14300,Counter-Strike: Source,240
Oct-15,7420.94,255.18,0.0356,13960,Counter-Strike: Source,240
Sep-15,7165.76,-906.48,-0.1123,13553,Counter-Strike: Source,240
Aug-15,8072.23,-202.66,-0.0245,13594,Counter-Strike: Source,240
Jul-15,8274.89,-70.48,-0.0084,13797,Counter-Strike: Source,240
Jun-15,8345.37,-130.74,-0.0154,14866,Counter-Strike: Source,240
May-15,8476.11,-647.32,-0.071,16137,Counter-Strike: Source,240
Apr-15,9123.43,-1184.81,-0.1149,17772,Counter-Strike: Source,240
Mar-15,10308.23,-1146.54,-0.1001,20165,Counter-Strike: Source,240
Feb-15,11454.77,-947.7,-0.0764,21441,Counter-Strike: Source,240
Jan-15,12402.47,541.82,0.0457,24519,Counter-Strike: Source,240
Dec-14,11860.65,879.91,0.0801,23493,Counter-Strike: Source,240
Nov-14,10980.74,-161.95,-0.0144999999999999,21678,Counter-Strike: Source,240
Oct-14,11142.68,226.67,0.0208,20991,Counter-Strike: Source,240
Sep-14,10916.02,-1452.23,-0.1174,20981,Counter-Strike: Source,240
Aug-14,12368.25,-38.94,-0.0031,21069,Counter-Strike: Source,240
Jul-14,12407.19,87.95,0.0070999999999999,21974,Counter-Strike: Source,240
Jun-14,12319.24,120.18,0.0098999999999999,23374,Counter-Strike: Source,240
May-14,12199.06,-1225.99,-0.0913,24485,Counter-Strike: Source,240
Apr-14,13425.05,-1049.92,-0.0725,25837,Counter-Strike: Source,240
Mar-14,14474.97,-1391.95,-0.0877,27582,Counter-Strike: Source,240
Feb-14,15866.92,-1691.95,-0.0964,30676,Counter-Strike: Source,240
Jan-14,17558.87,768.3,0.0458,35222,Counter-Strike: Source,240
Dec-13,16790.57,1682.16,0.1113,32530,Counter-Strike: Source,240
Nov-13,15108.4,107.64,0.0072,32227,Counter-Strike: Source,240
Oct-13,15000.76,-293.4,-0.0192,29641,Counter-Strike: Source,240
Sep-13,15294.16,-1924.89,-0.1118,31385,Counter-Strike: Source,240
Aug-13,17219.05,569.41,0.0342,29840,Counter-Strike: Source,240
Jul-13,16649.64,-161.09,-0.0096,30232,Counter-Strike: Source,240
Jun-13,16810.73,177.67,0.0107,31888,Counter-Strike: Source,240
May-13,16633.06,-1194.45,-0.067,32727,Counter-Strike: Source,240
Apr-13,17827.51,-2911.56,-0.1404,38507,Counter-Strike: Source,240
Mar-13,20739.07,-1926.04,-0.085,40117,Counter-Strike: Source,240
Feb-13,22665.12,-1043.75,-0.044,43945,Counter-Strike: Source,240
Jan-13,23708.86,1667.88,0.0757,48458,Counter-Strike: Source,240
Dec-12,22040.98,1638.96,0.0803,44160,Counter-Strike: Source,240
Nov-12,20402.02,-71.42,-0.0034999999999999,42386,Counter-Strike: Source,240
Oct-12,20473.44,-541.27,-0.0258,43924,Counter-Strike: Source,240
Sep-12,21014.72,-4528.62,-0.1773,41451,Counter-Strike: Source,240
Aug-12,25543.33,-2426.19,-0.0867,48007,Counter-Strike: Source,240
Jul-12,27969.52,-,0.0,47909,Counter-Strike: Source,240
Sep-25,47672.62,1566.97,0.034,67138,Team Fortress 2,440
Aug-25,46105.64,1128.3,0.0250999999999999,62083,Team Fortress 2,440
Jul-25,44977.34,236,0.0053,70613,Team Fortress 2,440
Jun-25,44741.34,3065.97,0.0736,60738,Team Fortress 2,440
May-25,41675.36,961.76,0.0236,59650,Team Fortress 2,440
Apr-25,40713.6,-3102.8,-0.0708,55704,Team Fortress 2,440
Mar-25,43816.4,1611.06,0.0382,58434,Team Fortress 2,440
Feb-25,42205.35,-5771.14,-0.1202999999999999,58638,Team Fortress 2,440
Jan-25,47976.48,-20706.42,-0.3015,80723,Team Fortress 2,440
Dec-24,68682.9,16888.45,0.3261,146595,Team Fortress 2,440
Nov-24,51794.45,-869.1,-0.0165,68400,Team Fortress 2,440
Oct-24,52663.55,103.6,0.002,78491,Team Fortress 2,440
Sep-24,52559.95,-11088.34,-0.1742,67263,Team Fortress 2,440
Aug-24,63648.29,-33934.89,-0.3478,97050,Team Fortress 2,440
Jul-24,97583.18,19483.91,0.2495,159941,Team Fortress 2,440
Jun-24,78099.27,5920.7,0.0819999999999999,148457,Team Fortress 2,440
May-24,72178.57,7257.72,0.1118,99995,Team Fortress 2,440
Apr-24,64920.85,4927.78,0.0821,83577,Team Fortress 2,440
Mar-24,59993.08,-10149.96,-0.1447,77754,Team Fortress 2,440
Feb-24,70143.03,-23994.36,-0.2548999999999999,98588,Team Fortress 2,440
Jan-24,94137.4,-20878.63,-0.1815,179882,Team Fortress 2,440
Dec-23,115016.03,47213.3,0.6962999999999999,215509,Team Fortress 2,440
Nov-23,67802.73,-9030.51,-0.1175,98605,Team Fortress 2,440
Oct-23,76833.24,424.93,0.0056,180283,Team Fortress 2,440
Sep-23,76408.31,-15304.39,-0.1669,110520,Team Fortress 2,440
Aug-23,91712.7,-27194.07,-0.2287,113761,Team Fortress 2,440
Jul-23,118906.77,51706.56,0.7694,253225,Team Fortress 2,440
Jun-23,67200.2,-12756.09,-0.1595,120989,Team Fortress 2,440
May-23,79956.29,-6872.94,-0.0791999999999999,100266,Team Fortress 2,440
Apr-23,86829.23,-4863.75,-0.053,106135,Team Fortress 2,440
Mar-23,91692.98,-24.1,-0.0003,116604,Team Fortress 2,440
Feb-23,91717.08,-2444.13,-0.026,119399,Team Fortress 2,440
Jan-23,94161.21,-5105.04,-0.0513999999999999,135479,Team Fortress 2,440
Dec-22,99266.25,9922.08,0.1110999999999999,147868,Team Fortress 2,440
Nov-22,89344.18,-2714.46,-0.0295,116266,Team Fortress 2,440
Oct-22,92058.63,-3949.9,-0.0411,127647,Team Fortress 2,440
Sep-22,96008.54,-1965.79,-0.0200999999999999,133570,Team Fortress 2,440
Aug-22,97974.33,-11667.79,-0.1064,120426,Team Fortress 2,440
Jul-22,109642.12,19524.73,0.2167,139034,Team Fortress 2,440
Jun-22,90117.39,21621.11,0.3157,138435,Team Fortress 2,440
May-22,68496.28,-6916.09,-0.0917,91626,Team Fortress 2,440
Apr-22,75412.37,2601.58,0.0356999999999999,94815,Team Fortress 2,440
Mar-22,72810.79,2457.87,0.0349,92526,Team Fortress 2,440
Feb-22,70352.92,-9395.24,-0.1177999999999999,93238,Team Fortress 2,440
Jan-22,79748.16,-9577.3,-0.1072,129305,Team Fortress 2,440
Dec-21,89325.46,-7667.6,-0.0791,129147,Team Fortress 2,440
Nov-21,96993.06,10889.99,0.1265,121812,Team Fortress 2,440
Oct-21,86103.07,4249.06,0.0519,107528,Team Fortress 2,440
Sep-21,81854.01,6838.04,0.0911999999999999,100830,Team Fortress 2,440
Aug-21,75015.97,-10141.52,-0.1191,92436,Team Fortress 2,440
Jul-21,85157.49,-21065.46,-0.1982999999999999,134736,Team Fortress 2,440
Jun-21,106222.95,16690.73,0.1864,150037,Team Fortress 2,440
May-21,89532.22,1345.22,0.0153,123327,Team Fortress 2,440
Apr-21,88187.0,-516.56,-0.0058,118950,Team Fortress 2,440
Mar-21,88703.56,-12527.35,-0.1238,113107,Team Fortress 2,440
Feb-21,101230.91,18082.74,0.2175,133620,Team Fortress 2,440
Jan-21,83148.17,724.66,0.0088,111102,Team Fortress 2,440
Dec-20,82423.51,12118.72,0.1724,146887,Team Fortress 2,440
Nov-20,70304.79,-3289.29,-0.0447,101610,Team Fortress 2,440
Oct-20,73594.08,4727.84,0.0687,130548,Team Fortress 2,440
Sep-20,68866.24,1922.66,0.0287,86576,Team Fortress 2,440
Aug-20,66943.58,-2358.31,-0.034,96577,Team Fortress 2,440
Jul-20,69301.89,4131.99,0.0634,89648,Team Fortress 2,440
Jun-20,65169.91,-1223.89,-0.0184,79946,Team Fortress 2,440
May-20,66393.8,-793.33,-0.0118,85744,Team Fortress 2,440
Apr-20,67187.12,-791.81,-0.0116,88124,Team Fortress 2,440
Mar-20,67978.93,7869.89,0.1309,85149,Team Fortress 2,440
Feb-20,60109.05,511.17,0.0086,78393,Team Fortress 2,440
Jan-20,59597.88,-2098.02,-0.034,76738,Team Fortress 2,440
Dec-19,61695.9,11380,0.2262,103481,Team Fortress 2,440
Nov-19,50315.89,-1678.04,-0.0323,69869,Team Fortress 2,440
Oct-19,51993.93,3661.04,0.0757,73467,Team Fortress 2,440
Sep-19,48332.88,2788.01,0.0612,64640,Team Fortress 2,440
Aug-19,45544.88,-3994.12,-0.0806,64518,Team Fortress 2,440
Jul-19,49538.99,6536.45,0.152,93245,Team Fortress 2,440
Jun-19,43002.54,3925.62,0.1005,57130,Team Fortress 2,440
May-19,39076.92,-3428.13,-0.0807,54127,Team Fortress 2,440
Apr-19,42505.05,-3434.96,-0.0748,60330,Team Fortress 2,440
Mar-19,45940.01,-1767.58,-0.0371,63379,Team Fortress 2,440
Feb-19,47707.59,-2803.7,-0.0555,65290,Team Fortress 2,440
Jan-19,50511.29,-81.11,-0.0016,66649,Team Fortress 2,440
Dec-18,50592.4,-2491.76,-0.0469,116141,Team Fortress 2,440
Nov-18,53084.17,4317.94,0.0885,93560,Team Fortress 2,440
Oct-18,48766.22,7764.1,0.1894,97329,Team Fortress 2,440
Sep-18,41002.12,-2630.22,-0.0603,58152,Team Fortress 2,440
Aug-18,43632.35,-2517.02,-0.0545,57772,Team Fortress 2,440
Jul-18,46149.36,1941.94,0.0438999999999999,59658,Team Fortress 2,440
Jun-18,44207.43,5360.4,0.138,57752,Team Fortress 2,440
May-18,38847.02,-333.43,-0.0085,56049,Team Fortress 2,440
Apr-18,39180.46,2398.58,0.0652,58292,Team Fortress 2,440
Mar-18,36781.88,-933.23,-0.0247,57366,Team Fortress 2,440
Feb-18,37715.11,-15716.99,-0.2941,69198,Team Fortress 2,440
Jan-18,53432.1,1615.99,0.0312,72845,Team Fortress 2,440
Dec-17,51816.11,-453.98,-0.0087,71122,Team Fortress 2,440
Nov-17,52270.09,-2693.2,-0.049,84022,Team Fortress 2,440
Oct-17,54963.29,3978.11,0.078,97248,Team Fortress 2,440
Sep-17,50985.18,-2007.3,-0.0379,73411,Team Fortress 2,440
Aug-17,52992.48,1131.07,0.0218,69172,Team Fortress 2,440
Jul-17,51861.41,-546.65,-0.0104,66951,Team Fortress 2,440
Jun-17,52408.06,2282.05,0.0455,69895,Team Fortress 2,440
May-17,50126.01,-1607.51,-0.0311,73188,Team Fortress 2,440
Apr-17,51733.52,2250.33,0.0455,72616,Team Fortress 2,440
Mar-17,49483.19,-2304.17,-0.0445,74656,Team Fortress 2,440
Feb-17,51787.36,-648.82,-0.0124,77381,Team Fortress 2,440
Jan-17,52436.19,2295.43,0.0458,77405,Team Fortress 2,440
Dec-16,50140.76,3236.52,0.069,71438,Team Fortress 2,440
Nov-16,46904.24,994.17,0.0217,77056,Team Fortress 2,440
Oct-16,45910.06,-2631.15,-0.0542,81153,Team Fortress 2,440
Sep-16,48541.21,-5201.28,-0.0968,74797,Team Fortress 2,440
Aug-16,53742.49,-716.86,-0.0132,72111,Team Fortress 2,440
Jul-16,54459.35,3096.62,0.0603,72643,Team Fortress 2,440
Jun-16,51362.73,1558.32,0.0313,72453,Team Fortress 2,440
May-16,49804.41,-1630.34,-0.0317,77972,Team Fortress 2,440
Apr-16,51434.75,-1319.62,-0.025,81206,Team Fortress 2,440
Mar-16,52754.37,-110.34,-0.0021,83425,Team Fortress 2,440
Feb-16,52864.72,101.19,0.0019,83544,Team Fortress 2,440
Jan-16,52763.52,-209.42,-0.004,80583,Team Fortress 2,440
Dec-15,52972.94,827.71,0.0159,82824,Team Fortress 2,440
Nov-15,52145.23,-3111.36,-0.0562999999999999,91588,Team Fortress 2,440
Oct-15,55256.59,-520.18,-0.0093,91684,Team Fortress 2,440
Sep-15,55776.77,-4708.02,-0.0778,90718,Team Fortress 2,440
Aug-15,60484.79,-293.95,-0.0048,85201,Team Fortress 2,440
Jul-15,60778.74,4434.17,0.0787,83241,Team Fortress 2,440
Jun-15,56344.56,757.65,0.0136,78971,Team Fortress 2,440
May-15,55586.91,1053.91,0.0192999999999999,84603,Team Fortress 2,440
Apr-15,54533.01,415.29,0.0077,84438,Team Fortress 2,440
Mar-15,54117.72,-2351.85,-0.0416,89571,Team Fortress 2,440
Feb-15,56469.57,-2080.81,-0.0355,90599,Team Fortress 2,440
Jan-15,58550.38,158.81,0.0027,94272,Team Fortress 2,440
Dec-14,58391.58,1658.84,0.0292,97449,Team Fortress 2,440
Nov-14,56732.74,-1244.24,-0.0215,104323,Team Fortress 2,440
Oct-14,57976.98,2885.39,0.0524,101741,Team Fortress 2,440
Sep-14,55091.58,-4137.2,-0.0699,93749,Team Fortress 2,440
Aug-14,59228.78,2524.48,0.0445,83414,Team Fortress 2,440
Jul-14,56704.31,3361.58,0.063,76060,Team Fortress 2,440
Jun-14,53342.72,5442.46,0.1135999999999999,90242,Team Fortress 2,440
May-14,47900.26,-1770.94,-0.0356999999999999,80053,Team Fortress 2,440
Apr-14,49671.2,525.6,0.0107,80730,Team Fortress 2,440
Mar-14,49145.6,-671.83,-0.0135,82998,Team Fortress 2,440
Feb-14,49817.43,-844.88,-0.0167,83502,Team Fortress 2,440
Jan-14,50662.31,2760.77,0.0576,83323,Team Fortress 2,440
Dec-13,47901.53,3365.19,0.0756,86393,Team Fortress 2,440
Nov-13,44536.35,1728.19,0.0404,79961,Team Fortress 2,440
Oct-13,42808.16,-906.2,-0.0207,74370,Team Fortress 2,440
Sep-13,43714.36,-6610.36,-0.1314,77493,Team Fortress 2,440
Aug-13,50324.72,1623.95,0.0333,74504,Team Fortress 2,440
Jul-13,48700.77,-2039.12,-0.0401999999999999,72803,Team Fortress 2,440
Jun-13,50739.88,6106.97,0.1368,77349,Team Fortress 2,440
May-13,44632.91,2690.4,0.0641,75126,Team Fortress 2,440
Apr-13,41942.51,-1393.69,-0.0322,71706,Team Fortress 2,440
Mar-13,43336.2,125.45,0.0029,72799,Team Fortress 2,440
Feb-13,43210.75,-1044.31,-0.0236,72893,Team Fortress 2,440
Jan-13,44255.06,631.07,0.0144999999999999,74300,Team Fortress 2,440
Dec-12,43623.98,1125.45,0.0265,73695,Team Fortress 2,440
Nov-12,42498.53,-4480.17,-0.0953999999999999,80988,Team Fortress 2,440
Oct-12,46978.7,-3720.37,-0.0733999999999999,106853,Team Fortress 2,440
Sep-12,50699.07,-10862.3,-0.1764,90232,Team Fortress 2,440
Aug-12,61561.37,15994.47,0.351,117917,Team Fortress 2,440
Jul-12,45566.9,-,0.0,62321,Team Fortress 2,440
Sep-25,19187.19,-3295.01,-0.1466,37711,Left 4 Dead 2,550
Aug-25,22482.2,-3726.31,-0.1422,36645,Left 4 Dead 2,550
Jul-25,26208.51,-443.71,-0.0166,41687,Left 4 Dead 2,550
Jun-25,26652.22,4457.72,0.2007999999999999,52111,Left 4 Dead 2,550
May-25,22194.49,1309.34,0.0626999999999999,50899,Left 4 Dead 2,550
Apr-25,20885.16,-3628.1,-0.148,36296,Left 4 Dead 2,550
Mar-25,24513.25,-3607.99,-0.1283,43139,Left 4 Dead 2,550
Feb-25,28121.25,1538.69,0.0579,51703,Left 4 Dead 2,550
Jan-25,26582.56,-772.55,-0.0282,41486,Left 4 Dead 2,550
Dec-24,27355.1,-3017.36,-0.0993,46966,Left 4 Dead 2,550
Nov-24,30372.46,9583.4,0.461,71531,Left 4 Dead 2,550
Oct-24,20789.06,850.13,0.0426,64414,Left 4 Dead 2,550
Sep-24,19938.93,-2744.71,-0.121,35710,Left 4 Dead 2,550
Aug-24,22683.64,-4677.94,-0.171,34348,Left 4 Dead 2,550
Jul-24,27361.58,6642.79,0.3206,48914,Left 4 Dead 2,550
Jun-24,20718.78,2356.58,0.1283,49622,Left 4 Dead 2,550
May-24,18362.21,-412.13,-0.022,32792,Left 4 Dead 2,550
Apr-24,18774.34,-5649.92,-0.2312999999999999,35358,Left 4 Dead 2,550
Mar-24,24424.26,1523.69,0.0665,58546,Left 4 Dead 2,550
Feb-24,22900.57,-6445.34,-0.2196,35794,Left 4 Dead 2,550
Jan-24,29345.91,3522.63,0.1364,58686,Left 4 Dead 2,550
Dec-23,25823.28,3313.91,0.1472,56599,Left 4 Dead 2,550
Nov-23,22509.37,439.17,0.0199,71345,Left 4 Dead 2,550
Oct-23,22070.2,-4379.38,-0.1656,45432,Left 4 Dead 2,550
Sep-23,26449.58,2075.39,0.0851,78384,Left 4 Dead 2,550
Aug-23,24374.18,-10424.41,-0.2996,37223,Left 4 Dead 2,550
Jul-23,34798.59,13951.24,0.6692,65990,Left 4 Dead 2,550
Jun-23,20847.36,690.59,0.0343,52262,Left 4 Dead 2,550
May-23,20156.77,-2224.23,-0.0993999999999999,37915,Left 4 Dead 2,550
Apr-23,22381.0,-4593.44,-0.1703,52255,Left 4 Dead 2,550
Mar-23,26974.44,3275.59,0.1382,85147,Left 4 Dead 2,550
Feb-23,23698.84,-7903.91,-0.2501,41119,Left 4 Dead 2,550
Jan-23,31602.76,4597.15,0.1702,58545,Left 4 Dead 2,550
Dec-22,27005.61,6574.55,0.3218,64886,Left 4 Dead 2,550
Nov-22,20431.06,4948.78,0.3196,84991,Left 4 Dead 2,550
Oct-22,15482.28,-413.04,-0.026,26901,Left 4 Dead 2,550
Sep-22,15895.32,-3044.74,-0.1607999999999999,27982,Left 4 Dead 2,550
Aug-22,18940.06,-4257.59,-0.1835,28640,Left 4 Dead 2,550
Jul-22,23197.65,7108.46,0.4417999999999999,48800,Left 4 Dead 2,550
Jun-22,16089.19,1332.16,0.0902999999999999,31533,Left 4 Dead 2,550
May-22,14757.03,-873.14,-0.0559,24981,Left 4 Dead 2,550
Apr-22,15630.17,-39.08,-0.0025,26434,Left 4 Dead 2,550
Mar-22,15669.25,-3582.35,-0.1861,27129,Left 4 Dead 2,550
Feb-22,19251.6,-2241.8,-0.1043,34758,Left 4 Dead 2,550
Jan-22,21493.4,4559.42,0.2692,34605,Left 4 Dead 2,550
Dec-21,16933.98,255.27,0.0153,30845,Left 4 Dead 2,550
Nov-21,16678.71,1002.45,0.0639,34769,Left 4 Dead 2,550
Oct-21,15676.26,-1444.8,-0.0843999999999999,38013,Left 4 Dead 2,550
Sep-21,17121.06,-2816.45,-0.1413,34682,Left 4 Dead 2,550
Aug-21,19937.51,-91.55,-0.0046,49003,Left 4 Dead 2,550
Jul-21,20029.06,3369.6,0.2023,37870,Left 4 Dead 2,550
Jun-21,16659.47,-2037.38,-0.109,33686,Left 4 Dead 2,550
May-21,18696.85,3278.56,0.2126,40653,Left 4 Dead 2,550
Apr-21,15418.29,-141.89,-0.0091,29097,Left 4 Dead 2,550
Mar-21,15560.18,-1099.69,-0.066,36938,Left 4 Dead 2,550
Feb-21,16659.87,-2925.3,-0.1494,23915,Left 4 Dead 2,550
Jan-21,19585.17,1255.14,0.0684999999999999,34475,Left 4 Dead 2,550
Dec-20,18330.04,-50.64,-0.0028,33893,Left 4 Dead 2,550
Nov-20,18380.67,-3074.38,-0.1433,39300,Left 4 Dead 2,550
Oct-20,21455.05,441.19,0.021,47697,Left 4 Dead 2,550
Sep-20,21013.86,8384.79,0.6639,100965,Left 4 Dead 2,550
Aug-20,12629.07,-2038.69,-0.139,18679,Left 4 Dead 2,550
Jul-20,14667.76,3372.34,0.2986,25107,Left 4 Dead 2,550
Jun-20,11295.42,-656.96,-0.055,23371,Left 4 Dead 2,550
May-20,11952.38,-2600.69,-0.1787,18881,Left 4 Dead 2,550
Apr-20,14553.07,1357.53,0.1028999999999999,42699,Left 4 Dead 2,550
Mar-20,13195.54,400.4,0.0313,21184,Left 4 Dead 2,550
Feb-20,12795.14,660.88,0.0545,25124,Left 4 Dead 2,550
Jan-20,12134.26,920.07,0.0819999999999999,22868,Left 4 Dead 2,550
Dec-19,11214.19,1676.74,0.1757999999999999,23710,Left 4 Dead 2,550
Nov-19,9537.45,1284.7,0.1557,22226,Left 4 Dead 2,550
Oct-19,8252.75,688.33,0.091,22339,Left 4 Dead 2,550
Sep-19,7564.43,-1478.8,-0.1635,14519,Left 4 Dead 2,550
Aug-19,9043.23,-2205.39,-0.1961,14930,Left 4 Dead 2,550
Jul-19,11248.62,1172.3,0.1163,22293,Left 4 Dead 2,550
Jun-19,10076.32,-99.65,-0.0098,21723,Left 4 Dead 2,550
May-19,10175.97,2279.39,0.2887,26978,Left 4 Dead 2,550
Apr-19,7896.58,-401.12,-0.0483,15029,Left 4 Dead 2,550
Mar-19,8297.7,-1203.64,-0.1267,15316,Left 4 Dead 2,550
Feb-19,9501.35,-1066.71,-0.1009,18087,Left 4 Dead 2,550
Jan-19,10568.06,655.17,0.0661,20122,Left 4 Dead 2,550
Dec-18,9912.89,188.34,0.0194,20702,Left 4 Dead 2,550
Nov-18,9724.55,1880.56,0.2397,25246,Left 4 Dead 2,550
Oct-18,7843.99,9.01,0.0012,23062,Left 4 Dead 2,550
Sep-18,7834.98,-1320.18,-0.1442,14538,Left 4 Dead 2,550
Aug-18,9155.15,-3377.46,-0.2695,15285,Left 4 Dead 2,550
Jul-18,12532.61,2430.92,0.2405999999999999,25777,Left 4 Dead 2,550
Jun-18,10101.69,2444.6,0.3193,27239,Left 4 Dead 2,550
May-18,7657.09,-145.07,-0.0186,18821,Left 4 Dead 2,550
Apr-18,7802.16,-1790.76,-0.1867,13680,Left 4 Dead 2,550
Mar-18,9592.92,-2324.45,-0.195,18384,Left 4 Dead 2,550
Feb-18,11917.37,-1699.92,-0.1248,24918,Left 4 Dead 2,550
Jan-18,13617.28,892.79,0.0702,28171,Left 4 Dead 2,550
Dec-17,12724.5,2449.95,0.2384,29351,Left 4 Dead 2,550
Nov-17,10274.54,2775.88,0.3702,32064,Left 4 Dead 2,550
Oct-17,7498.66,-797.25,-0.0960999999999999,14657,Left 4 Dead 2,550
Sep-17,8295.91,-2505.8,-0.2319999999999999,16800,Left 4 Dead 2,550
Aug-17,10801.7,-5544.36,-0.3392,19287,Left 4 Dead 2,550
Jul-17,16346.07,4890.53,0.4269,42773,Left 4 Dead 2,550
Jun-17,11455.54,4033.6,0.5435,42217,Left 4 Dead 2,550
May-17,7421.94,-1040.23,-0.1229,14534,Left 4 Dead 2,550
Apr-17,8462.17,-1859.1,-0.1801,16743,Left 4 Dead 2,550
Mar-17,10321.27,783.27,0.0821,27825,Left 4 Dead 2,550
Feb-17,9538.0,-2729.49,-0.2225,17223,Left 4 Dead 2,550
Jan-17,12267.49,1467.53,0.1359,25699,Left 4 Dead 2,550
Dec-16,10799.96,1180.26,0.1226999999999999,25743,Left 4 Dead 2,550
Nov-16,9619.7,2148.56,0.2876,23367,Left 4 Dead 2,550
Oct-16,7471.14,224.77,0.031,17778,Left 4 Dead 2,550
Sep-16,7246.37,-1488.89,-0.1704,13374,Left 4 Dead 2,550
Aug-16,8735.26,-2742.84,-0.239,14040,Left 4 Dead 2,550
Jul-16,11478.09,2404.24,0.265,22622,Left 4 Dead 2,550
Jun-16,9073.86,581.72,0.0684999999999999,20215,Left 4 Dead 2,550
May-16,8492.13,329.42,0.0404,18322,Left 4 Dead 2,550
Apr-16,8162.71,-1408.07,-0.1471,16524,Left 4 Dead 2,550
Mar-16,9570.79,-2199.95,-0.1869,19083,Left 4 Dead 2,550
Feb-16,11770.73,-634.52,-0.0511,25228,Left 4 Dead 2,550
Jan-16,12405.26,1500.59,0.1376,25363,Left 4 Dead 2,550
Dec-15,10904.66,1889.72,0.2096,22646,Left 4 Dead 2,550
Nov-15,9014.94,1793.82,0.2484,19403,Left 4 Dead 2,550
Oct-15,7221.12,26.39,0.0037,17636,Left 4 Dead 2,550
Sep-15,7194.73,-3120.21,-0.3025,13055,Left 4 Dead 2,550
Aug-15,10314.94,1331.91,0.1483,22453,Left 4 Dead 2,550
Jul-15,8983.03,-1557.14,-0.1477,14321,Left 4 Dead 2,550
Jun-15,10540.17,4171.48,0.655,23097,Left 4 Dead 2,550
May-15,6368.69,-161.67,-0.0248,10543,Left 4 Dead 2,550
Apr-15,6530.37,-726.58,-0.1001,11863,Left 4 Dead 2,550
Mar-15,7256.95,-1159.57,-0.1378,13014,Left 4 Dead 2,550
Feb-15,8416.52,-1249.39,-0.1293,13285,Left 4 Dead 2,550
Jan-15,9665.91,591.87,0.0652,17156,Left 4 Dead 2,550
Dec-14,9074.04,308.65,0.0352,17356,Left 4 Dead 2,550
Nov-14,8765.38,918.38,0.1169999999999999,18037,Left 4 Dead 2,550
Oct-14,7847.0,-587.11,-0.0696,15176,Left 4 Dead 2,550
Sep-14,8434.12,14.06,0.0017,18732,Left 4 Dead 2,550
Aug-14,8420.05,-1414.38,-0.1438,12255,Left 4 Dead 2,550
Jul-14,9834.44,724.47,0.0795,16811,Left 4 Dead 2,550
Jun-14,9109.97,649.67,0.0768,18392,Left 4 Dead 2,550
May-14,8460.3,-790.75,-0.0855,14600,Left 4 Dead 2,550
Apr-14,9251.05,-1768.3,-0.1605,16210,Left 4 Dead 2,550
Mar-14,11019.34,-1966.95,-0.1515,22266,Left 4 Dead 2,550
Feb-14,12986.29,-10123.88,-0.4381,24471,Left 4 Dead 2,550
Jan-14,23110.17,2121.33,0.1011,61325,Left 4 Dead 2,550
Dec-13,20988.84,14105.28,2.0491,161590,Left 4 Dead 2,550
Nov-13,6883.56,1218.9,0.2152,16177,Left 4 Dead 2,550
Oct-13,5664.66,-430.96,-0.0707,10267,Left 4 Dead 2,550
Sep-13,6095.63,-1749.56,-0.223,10982,Left 4 Dead 2,550
Aug-13,7845.19,-4538.39,-0.3665,13284,Left 4 Dead 2,550
Jul-13,12383.57,5208.83,0.726,39026,Left 4 Dead 2,550
Jun-13,7174.74,236.51,0.0341,12810,Left 4 Dead 2,550
May-13,6938.23,-382.78,-0.0523,12116,Left 4 Dead 2,550
Apr-13,7321.01,-2016.37,-0.2159,14109,Left 4 Dead 2,550
Mar-13,9337.38,1229.5,0.1516,21574,Left 4 Dead 2,550
Feb-13,8107.87,-1309,-0.139,14424,Left 4 Dead 2,550
Jan-13,9416.88,12.89,0.0014,17873,Left 4 Dead 2,550
Dec-12,9403.98,-12.91,-0.0014,19518,Left 4 Dead 2,550
Nov-12,9416.89,470.03,0.0525,21298,Left 4 Dead 2,550
Oct-12,8946.86,2595.92,0.4086999999999999,48599,Left 4 Dead 2,550
Sep-12,6350.94,-1876.73,-0.2281,11229,Left 4 Dead 2,550
Aug-12,8227.67,-4000.8,-0.3272,14848,Left 4 Dead 2,550
Jul-12,12228.47,-,0.0,21811,Left 4 Dead 2,550
Sep-25,925940.31,-2488.93,-0.0027,1571060,Counter-Strike 2,730
Aug-25,928429.24,8359.26,0.0091,1502245,Counter-Strike 2,730
Jul-25,920069.98,-90054.01,-0.0892,1427300,Counter-Strike 2,730
Jun-25,1010123.99,-28472.82,-0.0274,1725815,Counter-Strike 2,730
May-25,1038596.81,-7104.84,-0.0068,1712216,Counter-Strike 2,730
Apr-25,1045701.65,6038.84,0.0058,1811827,Counter-Strike 2,730
Mar-25,1039662.81,36092.25,0.036,1818368,Counter-Strike 2,730
Feb-25,1003570.56,89478.34,0.0978999999999999,1783434,Counter-Strike 2,730
Jan-25,914092.22,138.86,0.0002,1594016,Counter-Strike 2,730
Dec-24,913953.36,61789.06,0.0725,1740261,Counter-Strike 2,730
Nov-24,852164.3,22725.54,0.0274,1556938,Counter-Strike 2,730
Oct-24,829438.76,-6867.9,-0.0081999999999999,1484045,Counter-Strike 2,730
Sep-24,836306.66,-61031.22,-0.068,1473144,Counter-Strike 2,730
Aug-24,897337.88,21972.8,0.0250999999999999,1425958,Counter-Strike 2,730
Jul-24,875365.08,-72155.45,-0.0762,1342171,Counter-Strike 2,730
Jun-24,947520.53,-10686.81,-0.0112,1510840,Counter-Strike 2,730
May-24,958207.34,27458.36,0.0295,1614925,Counter-Strike 2,730
Apr-24,930748.98,45119.29,0.0509,1618685,Counter-Strike 2,730
Mar-24,885629.69,98998.87,0.1259,1521796,Counter-Strike 2,730
Feb-24,786630.82,25771.59,0.0339,1347519,Counter-Strike 2,730
Jan-24,760859.23,-9235.58,-0.012,1277907,Counter-Strike 2,730
Dec-23,770094.8,55583.37,0.0778,1248217,Counter-Strike 2,730
Nov-23,714511.43,-77613.53,-0.098,1161043,Counter-Strike 2,730
Oct-23,792124.96,-184013.03,-0.1885,1364902,Counter-Strike 2,730
Sep-23,976137.99,53985.13,0.0584999999999999,1556326,Counter-Strike 2,730
Aug-23,922152.86,40461.95,0.0458999999999999,1369511,Counter-Strike 2,730
Jul-23,881690.91,-204275.9,-0.1881,1222913,Counter-Strike 2,730
Jun-23,1085966.81,-31550.6,-0.0282,1665869,Counter-Strike 2,730
May-23,1117517.4,199431.8,0.2171999999999999,1802853,Counter-Strike 2,730
Apr-23,918085.6,74611.06,0.0885,1510231,Counter-Strike 2,730
Mar-23,843474.54,38368.64,0.0476999999999999,1519457,Counter-Strike 2,730
Feb-23,805105.9,78955.61,0.1086999999999999,1354248,Counter-Strike 2,730
Jan-23,726150.29,96825.3,0.1539,1199684,Counter-Strike 2,730
Dec-22,629325.0,8319,0.0134,1065079,Counter-Strike 2,730
Nov-22,621005.99,12656.46,0.0208,1129095,Counter-Strike 2,730
Oct-22,608349.53,-10426.5,-0.0169,1078860,Counter-Strike 2,730
Sep-22,618776.04,-22668.74,-0.0353,1100366,Counter-Strike 2,730
Aug-22,641444.78,46991.71,0.0791,1039889,Counter-Strike 2,730
Jul-22,594453.07,22230.6,0.0388,928329,Counter-Strike 2,730
Jun-22,572222.47,7260.76,0.0129,906670,Counter-Strike 2,730
May-22,564961.7,-4021.46,-0.0070999999999999,923996,Counter-Strike 2,730
Apr-22,568983.16,-12506.53,-0.0215,1013237,Counter-Strike 2,730
Mar-22,581489.69,-53148.71,-0.0837,987993,Counter-Strike 2,730
Feb-22,634638.4,32262.13,0.0536,995163,Counter-Strike 2,730
Jan-22,602376.27,55762.08,0.102,991625,Counter-Strike 2,730
Dec-21,546614.19,-1547.48,-0.0028,950586,Counter-Strike 2,730
Nov-21,548161.67,35725.82,0.0697,935593,Counter-Strike 2,730
Oct-21,512435.85,84.93,0.0002,864966,Counter-Strike 2,730
Sep-21,512350.92,268.96,0.0005,942519,Counter-Strike 2,730
Aug-21,512081.96,6014.6,0.0118999999999999,802544,Counter-Strike 2,730
Jul-21,506067.36,-43279.72,-0.0788,763523,Counter-Strike 2,730
Jun-21,549347.08,-110541.81,-0.1675,929940,Counter-Strike 2,730
May-21,659888.89,-63457.63,-0.0877,1087197,Counter-Strike 2,730
Apr-21,723346.52,-17581.31,-0.0237,1148077,Counter-Strike 2,730
Mar-21,740927.82,-85.42,-0.0001,1198581,Counter-Strike 2,730
Feb-21,741013.24,-2196.42,-0.003,1123485,Counter-Strike 2,730
Jan-21,743209.66,25405.91,0.0354,1124553,Counter-Strike 2,730
Dec-20,717803.75,49049.17,0.0733,1164396,Counter-Strike 2,730
Nov-20,668754.58,55087.89,0.0898,1037464,Counter-Strike 2,730
Oct-20,613666.69,6816.37,0.0112,943876,Counter-Strike 2,730
Sep-20,606850.32,-33107.34,-0.0516999999999999,977769,Counter-Strike 2,730
Aug-20,639957.66,14056.85,0.0225,925348,Counter-Strike 2,730
Jul-20,625900.81,-45746.65,-0.0681,857560,Counter-Strike 2,730
Jun-20,671647.46,-97147.79,-0.1264,1009467,Counter-Strike 2,730
May-20,768795.25,-88808.97,-0.1036,1193359,Counter-Strike 2,730
Apr-20,857604.22,186570.94,0.278,1305714,Counter-Strike 2,730
Mar-20,671033.29,127054.13,0.2336,1145972,Counter-Strike 2,730
Feb-20,543979.15,42783.15,0.0853999999999999,916996,Counter-Strike 2,730
Jan-20,501196.0,44494.44,0.0974,817229,Counter-Strike 2,730
Dec-19,456701.56,30620.76,0.0719,767060,Counter-Strike 2,730
Nov-19,426080.81,17085.5,0.0418,758412,Counter-Strike 2,730
Oct-19,408995.31,-1930.29,-0.0046999999999999,747937,Counter-Strike 2,730
Sep-19,410925.6,-4171.7,-0.01,720052,Counter-Strike 2,730
Aug-19,415097.3,21314.48,0.0541,647461,Counter-Strike 2,730
Jul-19,393782.83,4406.1,0.0113,578933,Counter-Strike 2,730
Jun-19,389376.72,24959.42,0.0684999999999999,587724,Counter-Strike 2,730
May-19,364417.31,12427.39,0.0353,588453,Counter-Strike 2,730
Apr-19,351989.92,-38250.24,-0.098,621614,Counter-Strike 2,730
Mar-19,390240.16,18881.2,0.0508,680071,Counter-Strike 2,730
Feb-19,371358.96,-30007.91,-0.0748,654069,Counter-Strike 2,730
Jan-19,401366.87,5857.61,0.0148,684511,Counter-Strike 2,730
Dec-18,395509.26,85423.83,0.2755,746548,Counter-Strike 2,730
Nov-18,310085.43,-15822.39,-0.0484999999999999,546031,Counter-Strike 2,730
Oct-18,325907.82,-7256.17,-0.0218,565968,Counter-Strike 2,730
Sep-18,333163.99,49632.68,0.1751,583029,Counter-Strike 2,730
Aug-18,283531.31,10224.05,0.0374,454370,Counter-Strike 2,730
Jul-18,273307.26,6445.02,0.0242,426008,Counter-Strike 2,730
Jun-18,266862.24,4691.36,0.0179,420261,Counter-Strike 2,730
May-18,262170.88,-26905.82,-0.0931,454481,Counter-Strike 2,730
Apr-18,289076.7,-65193.64,-0.184,523262,Counter-Strike 2,730
Mar-18,354270.33,-28186.77,-0.0737,672502,Counter-Strike 2,730
Feb-18,382457.1,426.57,0.0011,686588,Counter-Strike 2,730
Jan-18,382030.53,41153.65,0.1207,715850,Counter-Strike 2,730
Dec-17,340876.88,19745.48,0.0615,598405,Counter-Strike 2,730
Nov-17,321131.4,-20729.86,-0.0605999999999999,601881,Counter-Strike 2,730
Oct-17,341861.26,-12540.83,-0.0354,639968,Counter-Strike 2,730
Sep-17,354402.09,-20023.6,-0.0535,665371,Counter-Strike 2,730
Aug-17,374425.69,-3163.35,-0.0084,595781,Counter-Strike 2,730
Jul-17,377589.04,3201,0.0085,624785,Counter-Strike 2,730
Jun-17,374388.04,2558.7,0.0069,614621,Counter-Strike 2,730
May-17,371829.34,-20369.85,-0.0519,692966,Counter-Strike 2,730
Apr-17,392199.19,5290.47,0.0137,709841,Counter-Strike 2,730
Mar-17,386908.72,-15476.99,-0.0385,742356,Counter-Strike 2,730
Feb-17,402385.71,9276.18,0.0236,744468,Counter-Strike 2,730
Jan-17,393109.53,50913.83,0.1488,814616,Counter-Strike 2,730
Dec-16,342195.7,13150.44,0.04,662460,Counter-Strike 2,730
Nov-16,329045.26,-4031.2,-0.0121,627124,Counter-Strike 2,730
Oct-16,333076.46,10550.57,0.0327,661985,Counter-Strike 2,730
Sep-16,322525.89,-24703.36,-0.0711,638360,Counter-Strike 2,730
Aug-16,347229.25,-6548.31,-0.0185,599095,Counter-Strike 2,730
Jul-16,353777.56,19466.5,0.0582,636056,Counter-Strike 2,730
Jun-16,334311.06,-4427.34,-0.0131,579110,Counter-Strike 2,730
May-16,338738.39,-37057.47,-0.0986,668612,Counter-Strike 2,730
Apr-16,375795.87,-3631.08,-0.0096,850485,Counter-Strike 2,730
Mar-16,379426.95,3141.92,0.0083,737599,Counter-Strike 2,730
Feb-16,376285.02,10913.93,0.0299,738969,Counter-Strike 2,730
Jan-16,365371.09,-12076.02,-0.032,667432,Counter-Strike 2,730
Dec-15,377447.11,16521.23,0.0458,823694,Counter-Strike 2,730
Nov-15,360925.88,-1840.21,-0.0051,786707,Counter-Strike 2,730
Oct-15,362766.09,6860.76,0.0192999999999999,732093,Counter-Strike 2,730
Sep-15,355905.33,-1629.91,-0.0046,725939,Counter-Strike 2,730
Aug-15,357535.24,28002.87,0.085,819902,Counter-Strike 2,730
Jul-15,329532.38,-14623.63,-0.0425,541181,Counter-Strike 2,730
Jun-15,344156.01,26869.72,0.0847,610401,Counter-Strike 2,730
May-15,317286.29,25537.55,0.0875,677701,Counter-Strike 2,730
Apr-15,291748.74,23752.43,0.0886,568556,Counter-Strike 2,730
Mar-15,267996.31,28061.68,0.1169999999999999,595439,Counter-Strike 2,730
Feb-15,239934.64,5863.96,0.0250999999999999,455508,Counter-Strike 2,730
Jan-15,234070.68,50481.18,0.275,443188,Counter-Strike 2,730
Dec-14,183589.5,36260.43,0.2460999999999999,367634,Counter-Strike 2,730
Nov-14,147329.07,13791.37,0.1033,348018,Counter-Strike 2,730
Oct-14,133537.7,2503.02,0.0191,260613,Counter-Strike 2,730
Sep-14,131034.68,-2151.11,-0.0162,242494,Counter-Strike 2,730
Aug-14,133185.79,27047.79,0.2548,277192,Counter-Strike 2,730
Jul-14,106138.0,21974.38,0.2611,193613,Counter-Strike 2,730
Jun-14,84163.62,-761.4,-0.009,164134,Counter-Strike 2,730
May-14,84925.02,6044.49,0.0766,170137,Counter-Strike 2,730
Apr-14,78880.53,8737.2,0.1246,142526,Counter-Strike 2,730
Mar-14,70143.33,10351.96,0.1730999999999999,164495,Counter-Strike 2,730
Feb-14,59791.37,4164.01,0.0749,119764,Counter-Strike 2,730
Jan-14,55627.35,8839.08,0.1889,102084,Counter-Strike 2,730
Dec-13,46788.27,16897.75,0.5653,96298,Counter-Strike 2,730
Nov-13,29890.52,1988.38,0.0713,92279,Counter-Strike 2,730
Oct-13,27902.14,223.23,0.0081,53263,Counter-Strike 2,730
Sep-13,27678.91,1717.06,0.0661,52052,Counter-Strike 2,730
Aug-13,25961.85,5469.33,0.2669,50511,Counter-Strike 2,730
Jul-13,20492.52,2372.68,0.1309,42149,Counter-Strike 2,730
Jun-13,18119.84,-590.5,-0.0316,33700,Counter-Strike 2,730
May-13,18710.34,2704.34,0.1689999999999999,53379,Counter-Strike 2,730
Apr-13,16006.0,46.11,0.0029,31966,Counter-Strike 2,730
Mar-13,15959.89,-1412.84,-0.0813,32166,Counter-Strike 2,730
Feb-13,17372.73,1208.51,0.0748,35238,Counter-Strike 2,730
Jan-13,16164.22,2084.83,0.1481,31359,Counter-Strike 2,730
Dec-12,14079.39,-54.71,-0.0039,27553,Counter-Strike 2,730
Nov-12,14134.1,3394.62,0.3161,50533,Counter-Strike 2,730
Oct-12,10739.48,-5261.27,-0.3288,20850,Counter-Strike 2,730
Sep-12,16000.75,525.36,0.0339,36057,Counter-Strike 2,730
Aug-12,15475.39,14542.81,15.5943,52261,Counter-Strike 2,730
Jul-12,932.57,-,0.0,1642,Counter-Strike 2,730
Sep-25,17403.44,-3646.08,-0.1732,32655,Garry's Mod,4000
Aug-25,21049.53,-342.89,-0.016,33768,Garry's Mod,4000
Jul-25,21392.42,1227,0.0608,32268,Garry's Mod,4000
Jun-25,20165.41,1446.9,0.0773,32816,Garry's Mod,4000
May-25,18718.51,470.59,0.0258,32792,Garry's Mod,4000
Apr-25,18247.92,-740.54,-0.039,32902,Garry's Mod,4000
Mar-25,18988.46,-1446.34,-0.0708,34161,Garry's Mod,4000
Feb-25,20434.81,-1742.65,-0.0786,36126,Garry's Mod,4000
Jan-25,22177.45,2519.64,0.1282,38212,Garry's Mod,4000
Dec-24,19657.81,359.69,0.0186,34370,Garry's Mod,4000
Nov-24,19298.12,1400.25,0.0782,35672,Garry's Mod,4000
Oct-24,17897.87,-519.24,-0.0282,32228,Garry's Mod,4000
Sep-24,18417.11,-4708.22,-0.2036,32654,Garry's Mod,4000
Aug-24,23125.33,-395.45,-0.0168,35828,Garry's Mod,4000
Jul-24,23520.78,2414.66,0.1144,35584,Garry's Mod,4000
Jun-24,21106.12,1030.6,0.0513,33580,Garry's Mod,4000
May-24,20075.52,428.34,0.0218,35550,Garry's Mod,4000
Apr-24,19647.18,-1916.03,-0.0889,35585,Garry's Mod,4000
Mar-24,21563.21,1236.41,0.0608,38902,Garry's Mod,4000
Feb-24,20326.8,-1697.07,-0.0771,36645,Garry's Mod,4000
Jan-24,22023.87,2236.23,0.113,38297,Garry's Mod,4000
Dec-23,19787.65,827,0.0436,34888,Garry's Mod,4000
Nov-23,18960.65,281.92,0.0151,36290,Garry's Mod,4000
Oct-23,18678.73,-252.35,-0.0133,34157,Garry's Mod,4000
Sep-23,18931.08,-5039.6,-0.2102,34486,Garry's Mod,4000
Aug-23,23970.67,-2731,-0.1023,36844,Garry's Mod,4000
Jul-23,26701.67,2692.61,0.1121,39463,Garry's Mod,4000
Jun-23,24009.06,2434.79,0.1128999999999999,38960,Garry's Mod,4000
May-23,21574.27,-297.43,-0.0136,38623,Garry's Mod,4000
Apr-23,21871.7,469.6,0.0219,38939,Garry's Mod,4000
Mar-23,21402.1,-1493.5,-0.0652,38970,Garry's Mod,4000
Feb-23,22895.6,-2307.53,-0.0916,43508,Garry's Mod,4000
Jan-23,25203.13,2086.17,0.0902,45181,Garry's Mod,4000
Dec-22,23116.96,1174.15,0.0535,39296,Garry's Mod,4000
Nov-22,21942.81,-102.12,-0.0046,44316,Garry's Mod,4000
Oct-22,22044.93,-733.2,-0.0322,40118,Garry's Mod,4000
Sep-22,22778.14,-6081.48,-0.2107,44439,Garry's Mod,4000
Aug-22,28859.62,-373.36,-0.0128,44204,Garry's Mod,4000
Jul-22,29232.98,2418.45,0.0902,43359,Garry's Mod,4000
Jun-22,26814.53,3810.6,0.1656,42290,Garry's Mod,4000
May-22,23003.93,263.63,0.0116,40925,Garry's Mod,4000
Apr-22,22740.3,467.61,0.021,40079,Garry's Mod,4000
Mar-22,22272.69,-2941.15,-0.1166,40548,Garry's Mod,4000
Feb-22,25213.83,-1165.94,-0.0441999999999999,43667,Garry's Mod,4000
Jan-22,26379.77,4049.49,0.1813,45812,Garry's Mod,4000
Dec-21,22330.28,370.99,0.0169,38682,Garry's Mod,4000
Nov-21,21959.29,-130.47,-0.0059,40869,Garry's Mod,4000
Oct-21,22089.76,566.31,0.0263,44654,Garry's Mod,4000
Sep-21,21523.45,-5876.05,-0.2145,39242,Garry's Mod,4000
Aug-21,27399.51,-165.16,-0.006,41736,Garry's Mod,4000
Jul-21,27564.67,2486.44,0.0991,39573,Garry's Mod,4000
Jun-21,25078.23,696.05,0.0285,39465,Garry's Mod,4000
May-21,24382.18,-725.82,-0.0289,41150,Garry's Mod,4000
Apr-21,25108.0,88.28,0.0034999999999999,41837,Garry's Mod,4000
Mar-21,25019.71,-2721.55,-0.0981,42699,Garry's Mod,4000
Feb-21,27741.26,-313.17,-0.0112,45995,Garry's Mod,4000
Jan-21,28054.43,3691.88,0.1515,46668,Garry's Mod,4000
Dec-20,24362.55,348.1,0.0144999999999999,41597,Garry's Mod,4000
Nov-20,24014.45,1239.41,0.0544,41428,Garry's Mod,4000
Oct-20,22775.04,378.12,0.0169,39824,Garry's Mod,4000
Sep-20,22396.92,-5787.16,-0.2053,38216,Garry's Mod,4000
Aug-20,28184.07,-1054.87,-0.0361,41437,Garry's Mod,4000
Jul-20,29238.95,123.95,0.0043,42318,Garry's Mod,4000
Jun-20,29114.99,-2859.57,-0.0894,42557,Garry's Mod,4000
May-20,31974.56,-6784.41,-0.175,52658,Garry's Mod,4000
Apr-20,38758.97,6738.13,0.2104,59682,Garry's Mod,4000
Mar-20,32020.84,7215.81,0.2909,61933,Garry's Mod,4000
Feb-20,24805.03,-1777.43,-0.0669,45063,Garry's Mod,4000
Jan-20,26582.47,2321.8,0.0957,49001,Garry's Mod,4000
Dec-19,24260.67,2726.91,0.1266,44534,Garry's Mod,4000
Nov-19,21533.76,1252.56,0.0617999999999999,41070,Garry's Mod,4000
Oct-19,20281.2,-845.23,-0.04,39520,Garry's Mod,4000
Sep-19,21126.43,-6313.65,-0.2301,41436,Garry's Mod,4000
Aug-19,27440.08,-3514.31,-0.1134999999999999,41907,Garry's Mod,4000
Jul-19,30954.39,1713.42,0.0586,47362,Garry's Mod,4000
Jun-19,29240.97,4750.8,0.1939999999999999,47984,Garry's Mod,4000
May-19,24490.16,-760,-0.0301,47105,Garry's Mod,4000
Apr-19,25250.17,-428.89,-0.0167,48291,Garry's Mod,4000
Mar-19,25679.06,-732.68,-0.0277,48267,Garry's Mod,4000
Feb-19,26411.74,-2672.56,-0.0919,49239,Garry's Mod,4000
Jan-19,29084.3,3377.27,0.1314,53218,Garry's Mod,4000
Dec-18,25707.03,1246.16,0.0509,48799,Garry's Mod,4000
Nov-18,24460.87,1685.61,0.074,49693,Garry's Mod,4000
Oct-18,22775.26,40.04,0.0018,45573,Garry's Mod,4000
Sep-18,22735.23,-8497.08,-0.2721,45605,Garry's Mod,4000
Aug-18,31232.3,-3137.24,-0.0913,48101,Garry's Mod,4000
Jul-18,34369.55,4277.75,0.1422,52636,Garry's Mod,4000
Jun-18,30091.8,5245.71,0.2110999999999999,52300,Garry's Mod,4000
May-18,24846.09,-401.15,-0.0159,47581,Garry's Mod,4000
Apr-18,25247.24,-1483,-0.0555,46921,Garry's Mod,4000
Mar-18,26730.24,-1882.35,-0.0658,50266,Garry's Mod,4000
Feb-18,28612.59,-3142.78,-0.099,53530,Garry's Mod,4000
Jan-18,31755.37,3038.94,0.1058,60078,Garry's Mod,4000
Dec-17,28716.43,2681.84,0.103,53203,Garry's Mod,4000
Nov-17,26034.59,190.51,0.0074,52605,Garry's Mod,4000
Oct-17,25844.08,-249.58,-0.0096,52376,Garry's Mod,4000
Sep-17,26093.66,-8123.65,-0.2373999999999999,52726,Garry's Mod,4000
Aug-17,34217.31,-740.38,-0.0212,53370,Garry's Mod,4000
Jul-17,34957.69,2440.26,0.075,53019,Garry's Mod,4000
Jun-17,32517.43,4617.05,0.1655,54424,Garry's Mod,4000
May-17,27900.38,-2815.04,-0.0916,57000,Garry's Mod,4000
Apr-17,30715.42,2233.64,0.0784,59032,Garry's Mod,4000
Mar-17,28481.79,-3442.4,-0.1077999999999999,57946,Garry's Mod,4000
Feb-17,31924.18,-2690.96,-0.0776999999999999,62069,Garry's Mod,4000
Jan-17,34615.14,3482.98,0.1119,68016,Garry's Mod,4000
Dec-16,31132.16,4264.34,0.1586999999999999,60887,Garry's Mod,4000
Nov-16,26867.82,588.64,0.0224,56678,Garry's Mod,4000
Oct-16,26279.18,201.25,0.0077,51015,Garry's Mod,4000
Sep-16,26077.93,-10166.98,-0.2805,53570,Garry's Mod,4000
Aug-16,36244.91,-2096.44,-0.0547,56748,Garry's Mod,4000
Jul-16,38341.36,3594.31,0.1033999999999999,59522,Garry's Mod,4000
Jun-16,34747.04,5475.48,0.1871,59819,Garry's Mod,4000
May-16,29271.56,-1498.34,-0.0487,58486,Garry's Mod,4000
Apr-16,30769.9,-188.3,-0.0060999999999999,59069,Garry's Mod,4000
Mar-16,30958.2,-3332.07,-0.0972,58183,Garry's Mod,4000
Feb-16,34290.27,-3142.56,-0.084,64930,Garry's Mod,4000
Jan-16,37432.83,5176.2,0.1605,69854,Garry's Mod,4000
Dec-15,32256.64,5894.52,0.2236,65324,Garry's Mod,4000
Nov-15,26362.12,657.96,0.0256,60907,Garry's Mod,4000
Oct-15,25704.15,101.87,0.004,50740,Garry's Mod,4000
Sep-15,25602.28,-10404.5,-0.289,51555,Garry's Mod,4000
Aug-15,36006.78,1999.17,0.0588,57865,Garry's Mod,4000
Jul-15,34007.61,2901.32,0.0933,53414,Garry's Mod,4000
Jun-15,31106.29,3343.94,0.1204,51539,Garry's Mod,4000
May-15,27762.35,-1670.93,-0.0567999999999999,52285,Garry's Mod,4000
Apr-15,29433.28,-864.55,-0.0285,59154,Garry's Mod,4000
Mar-15,30297.82,-3822.61,-0.1119999999999999,65458,Garry's Mod,4000
Feb-15,34120.43,-2022.18,-0.0559,67527,Garry's Mod,4000
Jan-15,36142.6,4108.45,0.1283,73750,Garry's Mod,4000
Dec-14,32034.15,5123.43,0.1903999999999999,59773,Garry's Mod,4000
Nov-14,26910.72,853.88,0.0327999999999999,60734,Garry's Mod,4000
Oct-14,26056.85,-195.15,-0.0074,54617,Garry's Mod,4000
Sep-14,26252.0,-8085.56,-0.2355,52741,Garry's Mod,4000
Aug-14,34337.56,-663.75,-0.019,51503,Garry's Mod,4000
Jul-14,35001.3,3762.26,0.1204,61425,Garry's Mod,4000
Jun-14,31239.04,6681.16,0.2721,68101,Garry's Mod,4000
May-14,24557.88,-1006.02,-0.0394,47497,Garry's Mod,4000
Apr-14,25563.9,1641.52,0.0686,48674,Garry's Mod,4000
Mar-14,23922.38,-1572,-0.0617,47455,Garry's Mod,4000
Feb-14,25494.38,-2824.32,-0.0997,53387,Garry's Mod,4000
Jan-14,28318.7,4668.72,0.1974,57327,Garry's Mod,4000
Dec-13,23649.98,5501.08,0.3031,53559,Garry's Mod,4000
Nov-13,18148.9,1357.25,0.0808,38574,Garry's Mod,4000
Oct-13,16791.65,-3880.36,-0.1877,33252,Garry's Mod,4000
Sep-13,20672.02,-157.65,-0.0076,47070,Garry's Mod,4000
Aug-13,20829.67,1552.29,0.0805,34321,Garry's Mod,4000
Jul-13,19277.37,5476.55,0.3968,33522,Garry's Mod,4000
Jun-13,13800.82,1766.37,0.1467999999999999,23434,Garry's Mod,4000
May-13,12034.45,-1718.84,-0.125,22094,Garry's Mod,4000
Apr-13,13753.29,-508.89,-0.0356999999999999,27237,Garry's Mod,4000
Mar-13,14262.18,7.62,0.0005,28326,Garry's Mod,4000
Feb-13,14254.57,611.06,0.0448,28488,Garry's Mod,4000
Jan-13,13643.51,2913.68,0.2714999999999999,24427,Garry's Mod,4000
Dec-12,10729.83,2457.32,0.297,22009,Garry's Mod,4000
Nov-12,8272.51,2692.52,0.4825,17995,Garry's Mod,4000
Oct-12,5579.99,1050.91,0.2319999999999999,14158,Garry's Mod,4000
Sep-12,4529.08,-2338.25,-0.3404999999999999,11674,Garry's Mod,4000
Aug-12,6867.33,-1098.61,-0.1379,10711,Garry's Mod,4000
Jul-12,7965.94,-,0.0,12253,Garry's Mod,4000
Sep-25,12915.63,-346.74,-0.0260999999999999,19534,Sid Meier's Civilization® V,8930
Aug-25,13262.37,239.42,0.0184,19572,Sid Meier's Civilization® V,8930
Jul-25,13022.95,-270.59,-0.0204,19846,Sid Meier's Civilization® V,8930
Jun-25,13293.54,162.69,0.0124,19840,Sid Meier's Civilization® V,8930
May-25,13130.85,77.91,0.006,19424,Sid Meier's Civilization® V,8930
Apr-25,13052.94,-1433.92,-0.099,20549,Sid Meier's Civilization® V,8930
Mar-25,14486.86,-1774.08,-0.1091,23158,Sid Meier's Civilization® V,8930
Feb-25,16260.95,1232.27,0.0819999999999999,26037,Sid Meier's Civilization® V,8930
Jan-25,15028.67,644.16,0.0448,23240,Sid Meier's Civilization® V,8930
Dec-24,14384.51,-443.99,-0.0299,20742,Sid Meier's Civilization® V,8930
Nov-24,14828.5,58.42,0.004,21909,Sid Meier's Civilization® V,8930
Oct-24,14770.08,-607.5,-0.0395,22284,Sid Meier's Civilization® V,8930
Sep-24,15377.58,261.4,0.0173,23188,Sid Meier's Civilization® V,8930
Aug-24,15116.18,657.42,0.0455,24206,Sid Meier's Civilization® V,8930
Jul-24,14458.76,-573.65,-0.0382,21672,Sid Meier's Civilization® V,8930
Jun-24,15032.4,594.39,0.0412,22361,Sid Meier's Civilization® V,8930
May-24,14438.02,-192.53,-0.0132,21619,Sid Meier's Civilization® V,8930
Apr-24,14630.54,-286.52,-0.0192,22137,Sid Meier's Civilization® V,8930
Mar-24,14917.06,-132.75,-0.0088,23075,Sid Meier's Civilization® V,8930
Feb-24,15049.81,-597.2,-0.0382,23273,Sid Meier's Civilization® V,8930
Jan-24,15647.01,258.43,0.0168,23733,Sid Meier's Civilization® V,8930
Dec-23,15388.58,387.55,0.0258,22874,Sid Meier's Civilization® V,8930
Nov-23,15001.03,350.67,0.0239,22633,Sid Meier's Civilization® V,8930
Oct-23,14650.36,886.55,0.0644,22219,Sid Meier's Civilization® V,8930
Sep-23,13763.8,-511.46,-0.0358,20446,Sid Meier's Civilization® V,8930
Aug-23,14275.26,-505.74,-0.0342,21182,Sid Meier's Civilization® V,8930
Jul-23,14781.0,241.5,0.0166,21503,Sid Meier's Civilization® V,8930
Jun-23,14539.5,-39.42,-0.0027,21747,Sid Meier's Civilization® V,8930
May-23,14578.92,-794.15,-0.0516999999999999,21998,Sid Meier's Civilization® V,8930
Apr-23,15373.07,39.78,0.0026,23268,Sid Meier's Civilization® V,8930
Mar-23,15333.29,-592.6,-0.0372,24265,Sid Meier's Civilization® V,8930
Feb-23,15925.89,-525.85,-0.032,24489,Sid Meier's Civilization® V,8930
Jan-23,16451.74,-146.4,-0.0088,24559,Sid Meier's Civilization® V,8930
Dec-22,16598.14,411.06,0.0254,23924,Sid Meier's Civilization® V,8930
Nov-22,16187.08,395.04,0.025,24302,Sid Meier's Civilization® V,8930
Oct-22,15792.04,420.52,0.0274,23544,Sid Meier's Civilization® V,8930
Sep-22,15371.52,-299.91,-0.0191,23204,Sid Meier's Civilization® V,8930
Aug-22,15671.43,-342.79,-0.0214,23137,Sid Meier's Civilization® V,8930
Jul-22,16014.22,584.74,0.0379,23225,Sid Meier's Civilization® V,8930
Jun-22,15429.48,-658.69,-0.0409,23336,Sid Meier's Civilization® V,8930
May-22,16088.17,-1045.94,-0.061,24490,Sid Meier's Civilization® V,8930
Apr-22,17134.11,-635.41,-0.0358,27159,Sid Meier's Civilization® V,8930
Mar-22,17769.52,1002.55,0.0598,28089,Sid Meier's Civilization® V,8930
Feb-22,16766.97,-715.16,-0.0409,26362,Sid Meier's Civilization® V,8930
Jan-22,17482.13,1135.83,0.0695,26440,Sid Meier's Civilization® V,8930
Dec-21,16346.3,530.7,0.0336,23558,Sid Meier's Civilization® V,8930
Nov-21,15815.6,48.59,0.0031,23605,Sid Meier's Civilization® V,8930
Oct-21,15767.02,-434.95,-0.0268,23439,Sid Meier's Civilization® V,8930
Sep-21,16201.97,-732.88,-0.0433,23945,Sid Meier's Civilization® V,8930
Aug-21,16934.85,998.79,0.0626999999999999,25305,Sid Meier's Civilization® V,8930
Jul-21,15936.06,-20.99,-0.0013,22945,Sid Meier's Civilization® V,8930
Jun-21,15957.05,-1320.77,-0.0764,23696,Sid Meier's Civilization® V,8930
May-21,17277.82,-495.66,-0.0279,25968,Sid Meier's Civilization® V,8930
Apr-21,17773.48,265.28,0.0152,27026,Sid Meier's Civilization® V,8930
Mar-21,17508.2,-1112.83,-0.0598,27158,Sid Meier's Civilization® V,8930
Feb-21,18621.03,-1034.23,-0.0526,29459,Sid Meier's Civilization® V,8930
Jan-21,19655.26,502.85,0.0263,31565,Sid Meier's Civilization® V,8930
Dec-20,19152.42,496.95,0.0266,30135,Sid Meier's Civilization® V,8930
Nov-20,18655.47,1006.21,0.057,28367,Sid Meier's Civilization® V,8930
Oct-20,17649.27,71.15,0.004,26851,Sid Meier's Civilization® V,8930
Sep-20,17578.12,-781.9,-0.0426,26250,Sid Meier's Civilization® V,8930
Aug-20,18360.02,122.04,0.0067,26788,Sid Meier's Civilization® V,8930
Jul-20,18237.97,-1569.84,-0.0793,26766,Sid Meier's Civilization® V,8930
Jun-20,19807.81,-4790.55,-0.1948,31355,Sid Meier's Civilization® V,8930
May-20,24598.36,-4668.19,-0.1595,38861,Sid Meier's Civilization® V,8930
Apr-20,29266.54,3245.68,0.1247,48881,Sid Meier's Civilization® V,8930
Mar-20,26020.86,5651.62,0.2775,51448,Sid Meier's Civilization® V,8930
Feb-20,20369.25,-272.75,-0.0132,32225,Sid Meier's Civilization® V,8930
Jan-20,20642.0,327.68,0.0161,32681,Sid Meier's Civilization® V,8930
Dec-19,20314.31,437.83,0.022,31810,Sid Meier's Civilization® V,8930
Nov-19,19876.48,439.31,0.0226,30669,Sid Meier's Civilization® V,8930
Oct-19,19437.17,210.49,0.0109,30986,Sid Meier's Civilization® V,8930
Sep-19,19226.68,-695.22,-0.0349,30234,Sid Meier's Civilization® V,8930
Aug-19,19921.91,98.36,0.005,30817,Sid Meier's Civilization® V,8930
Jul-19,19823.55,-509.23,-0.025,30404,Sid Meier's Civilization® V,8930
Jun-19,20332.78,-626.73,-0.0299,31057,Sid Meier's Civilization® V,8930
May-19,20959.51,-151.47,-0.0072,34109,Sid Meier's Civilization® V,8930
Apr-19,21110.98,-2034.69,-0.0878999999999999,34050,Sid Meier's Civilization® V,8930
Mar-19,23145.66,-847.72,-0.0353,39067,Sid Meier's Civilization® V,8930
Feb-19,23993.39,-759.69,-0.0306999999999999,39474,Sid Meier's Civilization® V,8930
Jan-19,24753.08,-1246.26,-0.0479,39943,Sid Meier's Civilization® V,8930
Dec-18,25999.34,1157.62,0.0466,40420,Sid Meier's Civilization® V,8930
Nov-18,24841.72,2082.38,0.0915,40849,Sid Meier's Civilization® V,8930
Oct-18,22759.35,-336.99,-0.0146,37020,Sid Meier's Civilization® V,8930
Sep-18,23096.34,-200.22,-0.0086,37802,Sid Meier's Civilization® V,8930
Aug-18,23296.55,-1934.22,-0.0767,36625,Sid Meier's Civilization® V,8930
Jul-18,25230.77,1625.46,0.0689,38489,Sid Meier's Civilization® V,8930
Jun-18,23605.31,326.38,0.0139999999999999,38205,Sid Meier's Civilization® V,8930
May-18,23278.93,-1025.41,-0.0421999999999999,37341,Sid Meier's Civilization® V,8930
Apr-18,24304.33,-1641.33,-0.0633,41942,Sid Meier's Civilization® V,8930
Mar-18,25945.66,-725.72,-0.0272,44139,Sid Meier's Civilization® V,8930
Feb-18,26671.39,-1698.52,-0.0599,44824,Sid Meier's Civilization® V,8930
Jan-18,28369.91,-98.67,-0.0034999999999999,50503,Sid Meier's Civilization® V,8930
Dec-17,28468.57,1786.56,0.067,48964,Sid Meier's Civilization® V,8930
Nov-17,26682.02,1931.93,0.0781,47074,Sid Meier's Civilization® V,8930
Oct-17,24750.09,-16.21,-0.0007,42065,Sid Meier's Civilization® V,8930
Sep-17,24766.3,-1403.98,-0.0536,40656,Sid Meier's Civilization® V,8930
Aug-17,26170.28,-1576.04,-0.0567999999999999,41594,Sid Meier's Civilization® V,8930
Jul-17,27746.32,2076.53,0.0809,44623,Sid Meier's Civilization® V,8930
Jun-17,25669.79,1232.96,0.0504999999999999,44145,Sid Meier's Civilization® V,8930
May-17,24436.83,-1232.77,-0.048,40425,Sid Meier's Civilization® V,8930
Apr-17,25669.6,-528.84,-0.0202,41840,Sid Meier's Civilization® V,8930
Mar-17,26198.44,-503.23,-0.0187999999999999,48783,Sid Meier's Civilization® V,8930
Feb-17,26701.68,-2996.01,-0.1009,46403,Sid Meier's Civilization® V,8930
Jan-17,29697.68,341.12,0.0116,54215,Sid Meier's Civilization® V,8930
Dec-16,29356.56,-972.22,-0.0321,48348,Sid Meier's Civilization® V,8930
Nov-16,30328.79,-9428.25,-0.2371,52910,Sid Meier's Civilization® V,8930
Oct-16,39757.04,2911.15,0.079,72026,Sid Meier's Civilization® V,8930
Sep-16,36845.89,-1509.95,-0.0394,67413,Sid Meier's Civilization® V,8930
Aug-16,38355.84,-4970.66,-0.1147,62143,Sid Meier's Civilization® V,8930
Jul-16,43326.5,4801.98,0.1246,73683,Sid Meier's Civilization® V,8930
Jun-16,38524.52,-2447.19,-0.0596999999999999,70936,Sid Meier's Civilization® V,8930
May-16,40971.7,6916.41,0.2030999999999999,87959,Sid Meier's Civilization® V,8930
Apr-16,34055.3,-2946.68,-0.0796,59108,Sid Meier's Civilization® V,8930
Mar-16,37001.98,-5422,-0.1278,65453,Sid Meier's Civilization® V,8930
Feb-16,42423.98,-182.77,-0.0043,74716,Sid Meier's Civilization® V,8930
Jan-16,42606.75,4264.82,0.1112,78252,Sid Meier's Civilization® V,8930
Dec-15,38341.93,7359.06,0.2375,69206,Sid Meier's Civilization® V,8930
Nov-15,30982.87,330.65,0.0108,58683,Sid Meier's Civilization® V,8930
Oct-15,30652.22,580.39,0.0192999999999999,53106,Sid Meier's Civilization® V,8930
Sep-15,30071.83,-4429.06,-0.1284,52194,Sid Meier's Civilization® V,8930
Aug-15,34500.89,3438.26,0.1107,60338,Sid Meier's Civilization® V,8930
Jul-15,31062.63,-129.25,-0.0040999999999999,51898,Sid Meier's Civilization® V,8930
Jun-15,31191.88,434.11,0.0141,53711,Sid Meier's Civilization® V,8930
May-15,30757.77,231.33,0.0076,52490,Sid Meier's Civilization® V,8930
Apr-15,30526.44,-4403.12,-0.1261,55583,Sid Meier's Civilization® V,8930
Mar-15,34929.57,1964.47,0.0596,67160,Sid Meier's Civilization® V,8930
Feb-15,32965.1,-1841.78,-0.0529,59719,Sid Meier's Civilization® V,8930
Jan-15,34806.88,3171.07,0.1002,62502,Sid Meier's Civilization® V,8930
Dec-14,31635.81,2336.03,0.0797,58038,Sid Meier's Civilization® V,8930
Nov-14,29299.78,-2253.48,-0.0713999999999999,55229,Sid Meier's Civilization® V,8930
Oct-14,31553.26,-2490.09,-0.0731,55493,Sid Meier's Civilization® V,8930
Sep-14,34043.35,-5007.05,-0.1282,66292,Sid Meier's Civilization® V,8930
Aug-14,39050.39,1562.48,0.0417,80375,Sid Meier's Civilization® V,8930
Jul-14,37487.92,1631.02,0.0455,65738,Sid Meier's Civilization® V,8930
Jun-14,35856.9,4338.2,0.1376,71677,Sid Meier's Civilization® V,8930
May-14,31518.7,-750.66,-0.0233,56011,Sid Meier's Civilization® V,8930
Apr-14,32269.36,-2227.89,-0.0646,57627,Sid Meier's Civilization® V,8930
Mar-14,34497.24,-3888.49,-0.1013,64115,Sid Meier's Civilization® V,8930
Feb-14,38385.74,-357.1,-0.0092,72416,Sid Meier's Civilization® V,8930
Jan-14,38742.84,1039.86,0.0276,77825,Sid Meier's Civilization® V,8930
Dec-13,37702.97,8543.24,0.293,70367,Sid Meier's Civilization® V,8930
Nov-13,29159.73,-2952.43,-0.0919,54473,Sid Meier's Civilization® V,8930
Oct-13,32112.16,2470.7,0.0834,63023,Sid Meier's Civilization® V,8930
Sep-13,29641.46,-5001.51,-0.1444,58003,Sid Meier's Civilization® V,8930
Aug-13,34642.97,-6519.4,-0.1583999999999999,64123,Sid Meier's Civilization® V,8930
Jul-13,41162.37,14572.76,0.5481,91020,Sid Meier's Civilization® V,8930
Jun-13,26589.61,5644.36,0.2695,67729,Sid Meier's Civilization® V,8930
May-13,20945.25,-490.86,-0.0229,36679,Sid Meier's Civilization® V,8930
Apr-13,21436.1,-2749.15,-0.1137,39478,Sid Meier's Civilization® V,8930
Mar-13,24185.26,44.16,0.0018,43780,Sid Meier's Civilization® V,8930
Feb-13,24141.09,-4978.84,-0.171,44966,Sid Meier's Civilization® V,8930
Jan-13,29119.93,3664.55,0.144,58386,Sid Meier's Civilization® V,8930
Dec-12,25455.38,5050.61,0.2475,50891,Sid Meier's Civilization® V,8930
Nov-12,20404.77,1375.5,0.0723,39677,Sid Meier's Civilization® V,8930
Oct-12,19029.27,-531.81,-0.0272,35714,Sid Meier's Civilization® V,8930
Sep-12,19561.09,-2724.04,-0.1222,34696,Sid Meier's Civilization® V,8930
Aug-12,22285.13,-5163.33,-0.1881,39110,Sid Meier's Civilization® V,8930
Jul-12,27448.46,-,0.0,50756,Sid Meier's Civilization® V,8930
Sep-25,4058.77,-194.65,-0.0458,7991,Fallout: New Vegas,22380
Aug-25,4253.42,835.86,0.2446,8684,Fallout: New Vegas,22380
Jul-25,3417.56,196.11,0.0608999999999999,5608,Fallout: New Vegas,22380
Jun-25,3221.46,-302.68,-0.0859,5394,Fallout: New Vegas,22380
May-25,3524.14,-589.61,-0.1433,6023,Fallout: New Vegas,22380
Apr-25,4113.75,260.75,0.0677,7164,Fallout: New Vegas,22380
Mar-25,3853.0,421.94,0.123,7302,Fallout: New Vegas,22380
Feb-25,3431.07,-50.97,-0.0146,5917,Fallout: New Vegas,22380
Jan-25,3482.03,305.47,0.0962,5914,Fallout: New Vegas,22380
Dec-24,3176.57,50.56,0.0162,5261,Fallout: New Vegas,22380
Nov-24,3126.01,106.57,0.0353,5256,Fallout: New Vegas,22380
Oct-24,3019.44,-70.35,-0.0227999999999999,5619,Fallout: New Vegas,22380
Sep-24,3089.79,-643.4,-0.1723,5309,Fallout: New Vegas,22380
Aug-24,3733.19,-918.51,-0.1975,6377,Fallout: New Vegas,22380
Jul-24,4651.71,-3711.63,-0.4438,8442,Fallout: New Vegas,22380
Jun-24,8363.33,-10445.88,-0.5554,19763,Fallout: New Vegas,22380
May-24,18809.22,4055.49,0.2749,40879,Fallout: New Vegas,22380
Apr-24,14753.73,11081.04,3.0171,44890,Fallout: New Vegas,22380
Mar-24,3672.69,29.18,0.008,6566,Fallout: New Vegas,22380
Feb-24,3643.5,-302.55,-0.0767,6373,Fallout: New Vegas,22380
Jan-24,3946.06,178.47,0.0474,6716,Fallout: New Vegas,22380
Dec-23,3767.59,500.08,0.153,6131,Fallout: New Vegas,22380
Nov-23,3267.52,404.34,0.1412,5486,Fallout: New Vegas,22380
Oct-23,2863.18,-412.47,-0.1259,5549,Fallout: New Vegas,22380
Sep-23,3275.65,-1003.4,-0.2345,5861,Fallout: New Vegas,22380
Aug-23,4279.05,-660.75,-0.1338,7194,Fallout: New Vegas,22380
Jul-23,4939.8,23.35,0.0046999999999999,8033,Fallout: New Vegas,22380
Jun-23,4916.45,1126.93,0.2974,8319,Fallout: New Vegas,22380
May-23,3789.52,-66.9,-0.0173,6914,Fallout: New Vegas,22380
Apr-23,3856.43,386.22,0.1113,6429,Fallout: New Vegas,22380
Mar-23,3470.21,-26.44,-0.0076,6313,Fallout: New Vegas,22380
Feb-23,3496.65,-684.76,-0.1638,6328,Fallout: New Vegas,22380
Jan-23,4181.41,389.39,0.1027,6837,Fallout: New Vegas,22380
Dec-22,3792.01,-99.1,-0.0255,6090,Fallout: New Vegas,22380
Nov-22,3891.12,-237.08,-0.0574,6940,Fallout: New Vegas,22380
Oct-22,4128.19,457.66,0.1247,7442,Fallout: New Vegas,22380
Sep-22,3670.54,-1251.27,-0.2542,6943,Fallout: New Vegas,22380
Aug-22,4921.8,202.46,0.0429,8921,Fallout: New Vegas,22380
Jul-22,4719.34,788.63,0.2006,7580,Fallout: New Vegas,22380
Jun-22,3930.71,461.88,0.1332,6800,Fallout: New Vegas,22380
May-22,3468.83,107.71,0.032,5722,Fallout: New Vegas,22380
Apr-22,3361.12,-367.79,-0.0986,5825,Fallout: New Vegas,22380
Mar-22,3728.91,-508.96,-0.1201,6481,Fallout: New Vegas,22380
Feb-22,4237.88,-135.76,-0.031,7071,Fallout: New Vegas,22380
Jan-22,4373.63,418.28,0.1058,7231,Fallout: New Vegas,22380
Dec-21,3955.35,104.26,0.0271,6388,Fallout: New Vegas,22380
Nov-21,3851.1,-276.63,-0.067,6476,Fallout: New Vegas,22380
Oct-21,4127.72,-351.09,-0.0784,7626,Fallout: New Vegas,22380
Sep-21,4478.82,-1398.28,-0.2379,8000,Fallout: New Vegas,22380
Aug-21,5877.1,466.6,0.0862,10129,Fallout: New Vegas,22380
Jul-21,5410.5,668.57,0.141,8528,Fallout: New Vegas,22380
Jun-21,4741.94,258.82,0.0576999999999999,7666,Fallout: New Vegas,22380
May-21,4483.12,718.06,0.1907,7869,Fallout: New Vegas,22380
Apr-21,3765.06,-323.05,-0.079,6486,Fallout: New Vegas,22380
Mar-21,4088.12,-1730.66,-0.2974,7099,Fallout: New Vegas,22380
Feb-21,5818.78,-887.6,-0.1324,10597,Fallout: New Vegas,22380
Jan-21,6706.38,2482.77,0.5878,13448,Fallout: New Vegas,22380
Dec-20,4223.61,10.19,0.0024,9004,Fallout: New Vegas,22380
Nov-20,4213.42,220.2,0.0550999999999999,7545,Fallout: New Vegas,22380
Oct-20,3993.23,759.52,0.2349,8957,Fallout: New Vegas,22380
Sep-20,3233.71,-519.75,-0.1384999999999999,5189,Fallout: New Vegas,22380
Aug-20,3753.46,9.01,0.0024,6292,Fallout: New Vegas,22380
Jul-20,3744.45,240.98,0.0688,6020,Fallout: New Vegas,22380
Jun-20,3503.47,-391.47,-0.1005,5809,Fallout: New Vegas,22380
May-20,3894.93,-117.63,-0.0293,5821,Fallout: New Vegas,22380
Apr-20,4012.56,688.95,0.2073,6306,Fallout: New Vegas,22380
Mar-20,3323.61,554.31,0.2002,6082,Fallout: New Vegas,22380
Feb-20,2769.31,-93.53,-0.0327,4809,Fallout: New Vegas,22380
Jan-20,2862.84,-58.04,-0.0199,4757,Fallout: New Vegas,22380
Dec-19,2920.88,-552.72,-0.1591,5317,Fallout: New Vegas,22380
Nov-19,3473.59,669.43,0.2387,6768,Fallout: New Vegas,22380
Oct-19,2804.16,226.91,0.088,6525,Fallout: New Vegas,22380
Sep-19,2577.26,-755.04,-0.2266,4789,Fallout: New Vegas,22380
Aug-19,3332.3,-197.32,-0.0559,5868,Fallout: New Vegas,22380
Jul-19,3529.62,444.02,0.1439,6379,Fallout: New Vegas,22380
Jun-19,3085.61,450.12,0.1707999999999999,5286,Fallout: New Vegas,22380
May-19,2635.49,399.58,0.1787,5104,Fallout: New Vegas,22380
Apr-19,2235.91,-234.29,-0.0948,4138,Fallout: New Vegas,22380
Mar-19,2470.2,-364.74,-0.1286999999999999,4641,Fallout: New Vegas,22380
Feb-19,2834.94,-596.34,-0.1737999999999999,5344,Fallout: New Vegas,22380
Jan-19,3431.28,-545.77,-0.1372,6666,Fallout: New Vegas,22380
Dec-18,3977.05,312.55,0.0852999999999999,6998,Fallout: New Vegas,22380
Nov-18,3664.5,63.4,0.0176,6995,Fallout: New Vegas,22380
Oct-18,3601.1,618.93,0.2075,8844,Fallout: New Vegas,22380
Sep-18,2982.18,-824.98,-0.2167,5407,Fallout: New Vegas,22380
Aug-18,3807.16,-1254.69,-0.2478999999999999,6935,Fallout: New Vegas,22380
Jul-18,5061.85,-596.42,-0.1054,9743,Fallout: New Vegas,22380
Jun-18,5658.27,2393.52,0.7331,10846,Fallout: New Vegas,22380
May-18,3264.75,238.04,0.0786,5911,Fallout: New Vegas,22380
Apr-18,3026.71,-95.9,-0.0306999999999999,5413,Fallout: New Vegas,22380
Mar-18,3122.61,-125.76,-0.0387,5712,Fallout: New Vegas,22380
Feb-18,3248.37,-289.18,-0.0817,6037,Fallout: New Vegas,22380
Jan-18,3537.55,29.48,0.0084,6405,Fallout: New Vegas,22380
Dec-17,3508.06,174.64,0.0524,6217,Fallout: New Vegas,22380
Nov-17,3333.42,-290.03,-0.08,6472,Fallout: New Vegas,22380
Oct-17,3623.45,-180.92,-0.0475999999999999,7356,Fallout: New Vegas,22380
Sep-17,3804.37,127.16,0.0346,7327,Fallout: New Vegas,22380
Aug-17,3677.21,-455.77,-0.1103,7561,Fallout: New Vegas,22380
Jul-17,4132.97,575.96,0.1619,7335,Fallout: New Vegas,22380
Jun-17,3557.01,603.9,0.2045,7023,Fallout: New Vegas,22380
May-17,2953.11,201.13,0.0731,5350,Fallout: New Vegas,22380
Apr-17,2751.98,319.6,0.1314,5370,Fallout: New Vegas,22380
Mar-17,2432.39,-246.98,-0.0922,4578,Fallout: New Vegas,22380
Feb-17,2679.37,-131.31,-0.0467,4961,Fallout: New Vegas,22380
Jan-17,2810.68,323.49,0.1301,5066,Fallout: New Vegas,22380
Dec-16,2487.19,246.14,0.1098,4323,Fallout: New Vegas,22380
Nov-16,2241.05,63.37,0.0291,4500,Fallout: New Vegas,22380
Oct-16,2177.67,-10.96,-0.005,4536,Fallout: New Vegas,22380
Sep-16,2188.63,-509.59,-0.1889,4047,Fallout: New Vegas,22380
Aug-16,2698.22,4.8,0.0018,4801,Fallout: New Vegas,22380
Jul-16,2693.42,88.22,0.0339,4501,Fallout: New Vegas,22380
Jun-16,2605.2,333.3,0.1467,4367,Fallout: New Vegas,22380
May-16,2271.89,16.41,0.0073,4158,Fallout: New Vegas,22380
Apr-16,2255.49,-140.3,-0.0586,4217,Fallout: New Vegas,22380
Mar-16,2395.78,-504,-0.1737999999999999,4396,Fallout: New Vegas,22380
Feb-16,2899.78,-831.82,-0.2229,5969,Fallout: New Vegas,22380
Jan-16,3731.6,-1534.58,-0.2914,7674,Fallout: New Vegas,22380
Dec-15,5266.18,-3000.3,-0.3629,10787,Fallout: New Vegas,22380
Nov-15,8266.48,1407.01,0.2051,19584,Fallout: New Vegas,22380
Oct-15,6859.47,874.72,0.1462,17475,Fallout: New Vegas,22380
Sep-15,5984.75,-2324.65,-0.2798,11596,Fallout: New Vegas,22380
Aug-15,8309.4,-2432.47,-0.2264,14748,Fallout: New Vegas,22380
Jul-15,10741.86,-3437.27,-0.2423999999999999,19767,Fallout: New Vegas,22380
Jun-15,14179.14,9992.75,2.387,30309,Fallout: New Vegas,22380
May-15,4186.38,310.41,0.0801,7979,Fallout: New Vegas,22380
Apr-15,3875.98,-441.92,-0.1023,7184,Fallout: New Vegas,22380
Mar-15,4317.9,-174.64,-0.0389,8422,Fallout: New Vegas,22380
Feb-15,4492.54,-404.36,-0.0825999999999999,8471,Fallout: New Vegas,22380
Jan-15,4896.91,79.38,0.0165,9917,Fallout: New Vegas,22380
Dec-14,4817.53,423.8,0.0965,10656,Fallout: New Vegas,22380
Nov-14,4393.72,858.73,0.2429,9759,Fallout: New Vegas,22380
Oct-14,3534.99,-317.65,-0.0825,6482,Fallout: New Vegas,22380
Sep-14,3852.64,-1261.59,-0.2467,7149,Fallout: New Vegas,22380
Aug-14,5114.23,-1640.61,-0.2429,9321,Fallout: New Vegas,22380
Jul-14,6754.84,1823.41,0.3697999999999999,13791,Fallout: New Vegas,22380
Jun-14,4931.43,1195.78,0.3201,11574,Fallout: New Vegas,22380
May-14,3735.65,146.31,0.0408,6873,Fallout: New Vegas,22380
Apr-14,3589.34,-43.8,-0.0121,6737,Fallout: New Vegas,22380
Mar-14,3633.14,-619.34,-0.1456,7240,Fallout: New Vegas,22380
Feb-14,4252.48,-1264.7,-0.2292,8530,Fallout: New Vegas,22380
Jan-14,5517.18,902.73,0.1956,12931,Fallout: New Vegas,22380
Dec-13,4614.44,308.42,0.0716,11905,Fallout: New Vegas,22380
Nov-13,4306.02,1082.25,0.3357,8745,Fallout: New Vegas,22380
Oct-13,3223.77,-654.65,-0.1687999999999999,5950,Fallout: New Vegas,22380
Sep-13,3878.42,-2506.73,-0.3926,8181,Fallout: New Vegas,22380
Aug-13,6385.15,183.51,0.0296,15876,Fallout: New Vegas,22380
Jul-13,6201.64,2861.67,0.8568000000000001,14720,Fallout: New Vegas,22380
Jun-13,3339.97,69.76,0.0213,6554,Fallout: New Vegas,22380
May-13,3270.21,118.95,0.0377,6007,Fallout: New Vegas,22380
Apr-13,3151.26,11.87,0.0038,6225,Fallout: New Vegas,22380
Mar-13,3139.39,-118.31,-0.0363,5992,Fallout: New Vegas,22380
Feb-13,3257.7,-232.6,-0.0666,6244,Fallout: New Vegas,22380
Jan-13,3490.3,236.46,0.0727,6544,Fallout: New Vegas,22380
Dec-12,3253.84,35.19,0.0109,6279,Fallout: New Vegas,22380
Nov-12,3218.65,411.38,0.1465,6372,Fallout: New Vegas,22380
Oct-12,2807.27,-587.63,-0.1730999999999999,5387,Fallout: New Vegas,22380
Sep-12,3394.9,-1836.67,-0.3510999999999999,6779,Fallout: New Vegas,22380
Aug-12,5231.57,-1928.13,-0.2693,10896,Fallout: New Vegas,22380
Jul-12,7159.7,-,0.0,12756,Fallout: New Vegas,22380
Sep-25,15476.91,-2619.49,-0.1448,25450,FINAL FANTASY XIV Online,39210
Aug-25,18096.4,4077.24,0.2908,30911,FINAL FANTASY XIV Online,39210
Jul-25,14019.16,-1730.52,-0.1099,21792,FINAL FANTASY XIV Online,39210
Jun-25,15749.68,-1853.24,-0.1052999999999999,29683,FINAL FANTASY XIV Online,39210
May-25,17602.92,-2721.99,-0.1339,31599,FINAL FANTASY XIV Online,39210
Apr-25,20324.91,3671.81,0.2205,31717,FINAL FANTASY XIV Online,39210
Mar-25,16653.1,267.7,0.0163,37434,FINAL FANTASY XIV Online,39210
Feb-25,16385.4,-713.8,-0.0417,24540,FINAL FANTASY XIV Online,39210
Jan-25,17099.19,-467.1,-0.0266,26119,FINAL FANTASY XIV Online,39210
Dec-24,17566.3,-2167.93,-0.1099,29878,FINAL FANTASY XIV Online,39210
Nov-24,19734.22,2254.7,0.129,35733,FINAL FANTASY XIV Online,39210
Oct-24,17479.52,-2855.48,-0.1404,27243,FINAL FANTASY XIV Online,39210
Sep-24,20334.99,-8361.6,-0.2914,33098,FINAL FANTASY XIV Online,39210
Aug-24,28696.6,-13484.54,-0.3197,52178,FINAL FANTASY XIV Online,39210
Jul-24,42181.13,14039.67,0.4989,77305,FINAL FANTASY XIV Online,39210
Jun-24,28141.46,5943.69,0.2678,91883,FINAL FANTASY XIV Online,39210
May-24,22197.77,-434.04,-0.0192,35581,FINAL FANTASY XIV Online,39210
Apr-24,22631.81,2601.86,0.1299,35327,FINAL FANTASY XIV Online,39210
Mar-24,20029.94,159.19,0.008,31446,FINAL FANTASY XIV Online,39210
Feb-24,19870.75,-427.95,-0.0210999999999999,31287,FINAL FANTASY XIV Online,39210
Jan-24,20298.7,3137.78,0.1828,37921,FINAL FANTASY XIV Online,39210
Dec-23,17160.93,-3233.9,-0.1586,26611,FINAL FANTASY XIV Online,39210
Nov-23,20394.82,-842.04,-0.0397,33525,FINAL FANTASY XIV Online,39210
Oct-23,21236.87,1992.77,0.1036,36967,FINAL FANTASY XIV Online,39210
Sep-23,19244.1,-2096.69,-0.0982,29268,FINAL FANTASY XIV Online,39210
Aug-23,21340.79,-1510.65,-0.0661,35044,FINAL FANTASY XIV Online,39210
Jul-23,22851.44,1357.3,0.0630999999999999,37518,FINAL FANTASY XIV Online,39210
Jun-23,21494.13,-381.98,-0.0175,36308,FINAL FANTASY XIV Online,39210
May-23,21876.11,1340.76,0.0653,44087,FINAL FANTASY XIV Online,39210
Apr-23,20535.35,-1182.95,-0.0545,33821,FINAL FANTASY XIV Online,39210
Mar-23,21718.3,-1727.44,-0.0737,35443,FINAL FANTASY XIV Online,39210
Feb-23,23445.74,-3694.43,-0.1361,39958,FINAL FANTASY XIV Online,39210
Jan-23,27140.17,8694.53,0.4714,47992,FINAL FANTASY XIV Online,39210
Dec-22,18445.64,-902.55,-0.0466,27313,FINAL FANTASY XIV Online,39210
Nov-22,19348.2,-3130.92,-0.1393,32463,FINAL FANTASY XIV Online,39210
Oct-22,22479.11,-5447.71,-0.1951,37718,FINAL FANTASY XIV Online,39210
Sep-22,27926.82,-301.96,-0.0107,48199,FINAL FANTASY XIV Online,39210
Aug-22,28228.78,4608.5,0.1951,56616,FINAL FANTASY XIV Online,39210
Jul-22,23620.28,-1127.6,-0.0455999999999999,37743,FINAL FANTASY XIV Online,39210
Jun-22,24747.88,-1259.07,-0.0484,37861,FINAL FANTASY XIV Online,39210
May-22,26006.95,-691.69,-0.0259,43613,FINAL FANTASY XIV Online,39210
Apr-22,26698.64,8761.4,0.4884,54905,FINAL FANTASY XIV Online,39210
Mar-22,17937.24,-5360.91,-0.2301,29126,FINAL FANTASY XIV Online,39210
Feb-22,23298.15,-13316.64,-0.3636999999999999,42254,FINAL FANTASY XIV Online,39210
Jan-22,36614.79,-17114.38,-0.3185,65565,FINAL FANTASY XIV Online,39210
Dec-21,53729.17,27967.73,1.0856,95102,FINAL FANTASY XIV Online,39210
Nov-21,25761.44,-969.97,-0.0363,42433,FINAL FANTASY XIV Online,39210
Oct-21,26731.41,-4783.12,-0.1518,42623,FINAL FANTASY XIV Online,39210
Sep-21,31514.52,-8787.06,-0.218,52541,FINAL FANTASY XIV Online,39210
Aug-21,40301.58,2635.37,0.07,65329,FINAL FANTASY XIV Online,39210
Jul-21,37666.21,13948.29,0.5881000000000001,67019,FINAL FANTASY XIV Online,39210
Jun-21,23717.92,2406.8,0.1128999999999999,40067,FINAL FANTASY XIV Online,39210
May-21,21311.11,3409.79,0.1905,37347,FINAL FANTASY XIV Online,39210
Apr-21,17901.33,751.45,0.0438,30178,FINAL FANTASY XIV Online,39210
Mar-21,17149.87,-1732.82,-0.0917999999999999,27143,FINAL FANTASY XIV Online,39210
Feb-21,18882.69,1965.47,0.1162,31117,FINAL FANTASY XIV Online,39210
Jan-21,16917.22,2166.13,0.1467999999999999,24876,FINAL FANTASY XIV Online,39210
Dec-20,14751.09,2090.09,0.1651,23767,FINAL FANTASY XIV Online,39210
Nov-20,12661.01,-2408.57,-0.1598,20458,FINAL FANTASY XIV Online,39210
Oct-20,15069.57,-3880.95,-0.2048,26240,FINAL FANTASY XIV Online,39210
Sep-20,18950.52,-1547.33,-0.0755,30188,FINAL FANTASY XIV Online,39210
Aug-20,20497.85,4730.57,0.3,34086,FINAL FANTASY XIV Online,39210
Jul-20,15767.28,362.76,0.0235,24141,FINAL FANTASY XIV Online,39210
Jun-20,15404.52,-2611.23,-0.1449,24417,FINAL FANTASY XIV Online,39210
May-20,18015.75,931.4,0.0545,26889,FINAL FANTASY XIV Online,39210
Apr-20,17084.35,2787.19,0.1949,26373,FINAL FANTASY XIV Online,39210
Mar-20,14297.16,1241.48,0.0951,23360,FINAL FANTASY XIV Online,39210
Feb-20,13055.68,2395.61,0.2246999999999999,25612,FINAL FANTASY XIV Online,39210
Jan-20,10660.06,967.1,0.0998,17465,FINAL FANTASY XIV Online,39210
Dec-19,9692.96,-1661.71,-0.1463,15898,FINAL FANTASY XIV Online,39210
Nov-19,11354.67,1661.26,0.1714,19876,FINAL FANTASY XIV Online,39210
Oct-19,9693.41,-1720.47,-0.1507,17309,FINAL FANTASY XIV Online,39210
Sep-19,11413.88,-5303.24,-0.3172,21636,FINAL FANTASY XIV Online,39210
Aug-19,16717.11,-6388.33,-0.2764999999999999,30359,FINAL FANTASY XIV Online,39210
Jul-19,23105.44,8766.2,0.6113000000000001,38909,FINAL FANTASY XIV Online,39210
Jun-19,14339.24,3411.51,0.3122,41190,FINAL FANTASY XIV Online,39210
May-19,10927.74,1164.94,0.1193,18625,FINAL FANTASY XIV Online,39210
Apr-19,9762.8,344.56,0.0366,16750,FINAL FANTASY XIV Online,39210
Mar-19,9418.24,238.97,0.026,16535,FINAL FANTASY XIV Online,39210
Feb-19,9179.27,1101.69,0.1364,15759,FINAL FANTASY XIV Online,39210
Jan-19,8077.58,1893.26,0.3061,14841,FINAL FANTASY XIV Online,39210
Dec-18,6184.32,512.6,0.0904,10222,FINAL FANTASY XIV Online,39210
Nov-18,5671.72,-124.35,-0.0215,10251,FINAL FANTASY XIV Online,39210
Oct-18,5796.07,-12.75,-0.0022,9691,FINAL FANTASY XIV Online,39210
Sep-18,5808.82,180.1,0.032,11328,FINAL FANTASY XIV Online,39210
Aug-18,5628.72,-1197.22,-0.1754,10272,FINAL FANTASY XIV Online,39210
Jul-18,6825.94,-54.94,-0.008,11136,FINAL FANTASY XIV Online,39210
Jun-18,6880.88,533.54,0.0841,11264,FINAL FANTASY XIV Online,39210
May-18,6347.34,-269.32,-0.0407,11172,FINAL FANTASY XIV Online,39210
Apr-18,6616.66,-805.98,-0.1085999999999999,10903,FINAL FANTASY XIV Online,39210
Mar-18,7422.64,-213.29,-0.0279,12630,FINAL FANTASY XIV Online,39210
Feb-18,7635.94,1672.84,0.2805,12637,FINAL FANTASY XIV Online,39210
Jan-18,5963.09,514.2,0.0944,10322,FINAL FANTASY XIV Online,39210
Dec-17,5448.9,-442.55,-0.0751,9105,FINAL FANTASY XIV Online,39210
Nov-17,5891.44,-1177.9,-0.1666,10329,FINAL FANTASY XIV Online,39210
Oct-17,7069.35,326.3,0.0484,12435,FINAL FANTASY XIV Online,39210
Sep-17,6743.04,-1701.55,-0.2014999999999999,12412,FINAL FANTASY XIV Online,39210
Aug-17,8444.6,-3692.37,-0.3042,14218,FINAL FANTASY XIV Online,39210
Jul-17,12136.97,-309.35,-0.0249,22824,FINAL FANTASY XIV Online,39210
Jun-17,12446.32,5898.16,0.9007,25599,FINAL FANTASY XIV Online,39210
May-17,6548.16,477.17,0.0786,11853,FINAL FANTASY XIV Online,39210
Apr-17,6070.98,-652.49,-0.0969999999999999,10062,FINAL FANTASY XIV Online,39210
Mar-17,6723.47,-381.37,-0.0537,11780,FINAL FANTASY XIV Online,39210
Feb-17,7104.84,538.48,0.0819999999999999,12450,FINAL FANTASY XIV Online,39210
Jan-17,6566.36,2337.02,0.5526,11982,FINAL FANTASY XIV Online,39210
Dec-16,4229.35,-375.02,-0.0814,7820,FINAL FANTASY XIV Online,39210
Nov-16,4604.36,-812.85,-0.15,8093,FINAL FANTASY XIV Online,39210
Oct-16,5417.22,1250.33,0.3001,9210,FINAL FANTASY XIV Online,39210
Sep-16,4166.88,-86.61,-0.0204,7439,FINAL FANTASY XIV Online,39210
Aug-16,4253.49,-755.29,-0.1508,6789,FINAL FANTASY XIV Online,39210
Jul-16,5008.78,176.55,0.0365,8946,FINAL FANTASY XIV Online,39210
Jun-16,4832.23,1025.6,0.2694,8599,FINAL FANTASY XIV Online,39210
May-16,3806.63,-581.92,-0.1326,6549,FINAL FANTASY XIV Online,39210
Apr-16,4388.55,-849.33,-0.1621999999999999,7916,FINAL FANTASY XIV Online,39210
Mar-16,5237.88,170.49,0.0336,9077,FINAL FANTASY XIV Online,39210
Feb-16,5067.39,129.4,0.0262,9568,FINAL FANTASY XIV Online,39210
Jan-16,4937.99,779.2,0.1873999999999999,9321,FINAL FANTASY XIV Online,39210
Dec-15,4158.79,-52.96,-0.0126,6638,FINAL FANTASY XIV Online,39210
Nov-15,4211.75,36.81,0.0088,7086,FINAL FANTASY XIV Online,39210
Oct-15,4174.94,-461.42,-0.0994999999999999,7277,FINAL FANTASY XIV Online,39210
Sep-15,4636.36,-1392.47,-0.231,7871,FINAL FANTASY XIV Online,39210
Aug-15,6028.83,-860.78,-0.1249,9941,FINAL FANTASY XIV Online,39210
Jul-15,6889.61,1239.22,0.2193,11074,FINAL FANTASY XIV Online,39210
Jun-15,5650.39,1580.84,0.3885,11905,FINAL FANTASY XIV Online,39210
May-15,4069.55,-54.64,-0.0132,6705,FINAL FANTASY XIV Online,39210
Apr-15,4124.19,-298.06,-0.0674,6740,FINAL FANTASY XIV Online,39210
Mar-15,4422.25,284.03,0.0686,7349,FINAL FANTASY XIV Online,39210
Feb-15,4138.22,339.52,0.0894,6897,FINAL FANTASY XIV Online,39210
Jan-15,3798.7,828.37,0.2789,6587,FINAL FANTASY XIV Online,39210
Dec-14,2970.32,-388.9,-0.1158,4753,FINAL FANTASY XIV Online,39210
Nov-14,3359.22,821.77,0.3239,6012,FINAL FANTASY XIV Online,39210
Oct-14,2537.45,11.32,0.0045,5425,FINAL FANTASY XIV Online,39210
Sep-14,2526.14,-652.28,-0.2052,4729,FINAL FANTASY XIV Online,39210
Aug-14,3178.42,-165.86,-0.0496,4984,FINAL FANTASY XIV Online,39210
Jul-14,3344.27,1172.56,0.5399,5263,FINAL FANTASY XIV Online,39210
Jun-14,2171.71,243.38,0.1261999999999999,5723,FINAL FANTASY XIV Online,39210
May-14,1928.34,68.09,0.0366,3276,FINAL FANTASY XIV Online,39210
Apr-14,1860.24,-660.24,-0.262,3338,FINAL FANTASY XIV Online,39210
Mar-14,2520.49,-1057.32,-0.2955,6131,FINAL FANTASY XIV Online,39210
Feb-14,3577.8,-,0.0,7401,FINAL FANTASY XIV Online,39210
Sep-25,3943.9,553.39,0.1632,8086,Borderlands 2,49520
Aug-25,3390.51,-631.24,-0.157,6174,Borderlands 2,49520
Jul-25,4021.75,-3459.23,-0.4624,7264,Borderlands 2,49520
Jun-25,7480.98,4700.46,1.6905,24908,Borderlands 2,49520
May-25,2780.52,-13.96,-0.005,4812,Borderlands 2,49520
Apr-25,2794.48,-187.14,-0.0628,5499,Borderlands 2,49520
Mar-25,2981.62,-143.75,-0.046,5249,Borderlands 2,49520
Feb-25,3125.38,-28.35,-0.009,6108,Borderlands 2,49520
Jan-25,3153.73,349.04,0.1244,5817,Borderlands 2,49520
Dec-24,2804.69,495.36,0.2145,5876,Borderlands 2,49520
Nov-24,2309.33,-242.33,-0.095,4074,Borderlands 2,49520
Oct-24,2551.66,-1506.05,-0.3712,5050,Borderlands 2,49520
Sep-24,4057.71,-719.85,-0.1507,8351,Borderlands 2,49520
Aug-24,4777.56,1301.72,0.3745,9863,Borderlands 2,49520
Jul-24,3475.84,1258.66,0.5677,5630,Borderlands 2,49520
Jun-24,2217.18,-45.51,-0.0200999999999999,5003,Borderlands 2,49520
May-24,2262.7,-409.96,-0.1534,3979,Borderlands 2,49520
Apr-24,2672.66,-1006.05,-0.2735,4945,Borderlands 2,49520
Mar-24,3678.71,1035.7,0.3918999999999999,6674,Borderlands 2,49520
Feb-24,2643.01,123.13,0.0489,6179,Borderlands 2,49520
Jan-24,2519.88,189.76,0.0814,4399,Borderlands 2,49520
Dec-23,2330.12,130.03,0.0591,4051,Borderlands 2,49520
Nov-23,2200.09,-464.86,-0.1744,3899,Borderlands 2,49520
Oct-23,2664.95,178.05,0.0716,4762,Borderlands 2,49520
Sep-23,2486.89,-77.03,-0.03,4290,Borderlands 2,49520
Aug-23,2563.93,-705.74,-0.2158,4385,Borderlands 2,49520
Jul-23,3269.66,519.45,0.1889,5252,Borderlands 2,49520
Jun-23,2750.21,-29.7,-0.0107,4775,Borderlands 2,49520
May-23,2779.91,-325.35,-0.1048,4994,Borderlands 2,49520
Apr-23,3105.26,29.79,0.0097,5193,Borderlands 2,49520
Mar-23,3075.47,68.39,0.0227,5407,Borderlands 2,49520
Feb-23,3007.09,-211.3,-0.0657,5312,Borderlands 2,49520
Jan-23,3218.39,600.25,0.2293,5271,Borderlands 2,49520
Dec-22,2618.15,67.46,0.0264,4169,Borderlands 2,49520
Nov-22,2550.69,2.95,0.0012,4355,Borderlands 2,49520
Oct-22,2547.74,-59.89,-0.023,4301,Borderlands 2,49520
Sep-22,2607.63,-134.79,-0.0492,4338,Borderlands 2,49520
Aug-22,2742.42,-735.42,-0.2115,4442,Borderlands 2,49520
Jul-22,3477.84,-22.09,-0.0063,5499,Borderlands 2,49520
Jun-22,3499.93,112.67,0.0333,5977,Borderlands 2,49520
May-22,3387.27,-170.66,-0.048,6401,Borderlands 2,49520
Apr-22,3557.93,724.63,0.2557999999999999,5657,Borderlands 2,49520
Mar-22,2833.3,-763.71,-0.2123,4648,Borderlands 2,49520
Feb-22,3597.01,339.63,0.1043,6246,Borderlands 2,49520
Jan-22,3257.38,-73.39,-0.022,5266,Borderlands 2,49520
Dec-21,3330.77,-0.05,0.0,4952,Borderlands 2,49520
Nov-21,3330.82,-298.8,-0.0823,5305,Borderlands 2,49520
Oct-21,3629.62,589.11,0.1938,5776,Borderlands 2,49520
Sep-21,3040.51,-432.93,-0.1246,5515,Borderlands 2,49520
Aug-21,3473.43,491.64,0.1649,5066,Borderlands 2,49520
Jul-21,2981.8,-590.88,-0.1654,4923,Borderlands 2,49520
Jun-21,3572.67,781.09,0.2798,5663,Borderlands 2,49520
May-21,2791.59,-348.43,-0.111,4896,Borderlands 2,49520
Apr-21,3140.02,-301.08,-0.0875,5711,Borderlands 2,49520
Mar-21,3441.1,-924.19,-0.2117,6516,Borderlands 2,49520
Feb-21,4365.29,795.11,0.2227,7971,Borderlands 2,49520
Jan-21,3570.17,4.3,0.0012,6809,Borderlands 2,49520
Dec-20,3565.87,816.36,0.2969,6227,Borderlands 2,49520
Nov-20,2749.52,284.99,0.1156,5798,Borderlands 2,49520
Oct-20,2464.53,-632.2,-0.2041,4172,Borderlands 2,49520
Sep-20,3096.73,-449.63,-0.1268,5081,Borderlands 2,49520
Aug-20,3546.35,10.12,0.0029,5513,Borderlands 2,49520
Jul-20,3536.23,-1013.6,-0.2228,5711,Borderlands 2,49520
Jun-20,4549.83,-1073.13,-0.1907999999999999,8398,Borderlands 2,49520
May-20,5622.96,17.45,0.0031,10516,Borderlands 2,49520
Apr-20,5605.51,87.07,0.0158,9866,Borderlands 2,49520
Mar-20,5518.44,1374.23,0.3315999999999999,9735,Borderlands 2,49520
Feb-20,4144.21,-277.11,-0.0626999999999999,6709,Borderlands 2,49520
Jan-20,4421.33,229.21,0.0547,7021,Borderlands 2,49520
Dec-19,4192.12,-83.32,-0.0195,7177,Borderlands 2,49520
Nov-19,4275.44,-2898.7,-0.4039999999999999,7649,Borderlands 2,49520
Oct-19,7174.14,-3682.95,-0.3392,19282,Borderlands 2,49520
Sep-19,10857.09,-1354.88,-0.1109,19528,Borderlands 2,49520
Aug-19,12211.98,-7487.2,-0.3801,20265,Borderlands 2,49520
Jul-19,19699.18,-15133.03,-0.4345,42052,Borderlands 2,49520
Jun-19,34832.21,21384.23,1.5900999999999998,80287,Borderlands 2,49520
May-19,13447.98,-11069.63,-0.4515,28233,Borderlands 2,49520
Apr-19,24517.61,14667.58,1.4891,59333,Borderlands 2,49520
Mar-19,9850.03,1136.26,0.1304,44256,Borderlands 2,49520
Feb-19,8713.76,328.13,0.0391,16798,Borderlands 2,49520
Jan-19,8385.63,766.61,0.1006,16585,Borderlands 2,49520
Dec-18,7619.02,1058.78,0.1614,16548,Borderlands 2,49520
Nov-18,6560.25,961.24,0.1717,12946,Borderlands 2,49520
Oct-18,5599.01,-1679.95,-0.2307999999999999,9892,Borderlands 2,49520
Sep-18,7278.96,1698.91,0.3045,13833,Borderlands 2,49520
Aug-18,5580.05,-3270.52,-0.3695,9224,Borderlands 2,49520
Jul-18,8850.57,-580.21,-0.0615,14474,Borderlands 2,49520
Jun-18,9430.78,1374.89,0.1707,17063,Borderlands 2,49520
May-18,8055.89,1332.25,0.1981,26724,Borderlands 2,49520
Apr-18,6723.64,-1153.43,-0.1464,11831,Borderlands 2,49520
Mar-18,7877.07,925.54,0.1331,15599,Borderlands 2,49520
Feb-18,6951.53,-1007.22,-0.1266,12875,Borderlands 2,49520
Jan-18,7958.75,92.93,0.0118,14723,Borderlands 2,49520
Dec-17,7865.81,-601.76,-0.0711,13769,Borderlands 2,49520
Nov-17,8467.58,2350.41,0.3842,18854,Borderlands 2,49520
Oct-17,6117.17,333.61,0.0576999999999999,11901,Borderlands 2,49520
Sep-17,5783.57,-571.73,-0.09,10113,Borderlands 2,49520
Aug-17,6355.3,-3386.25,-0.3475999999999999,10483,Borderlands 2,49520
Jul-17,9741.55,2485.02,0.3425,17654,Borderlands 2,49520
Jun-17,7256.53,1424.87,0.2443,15238,Borderlands 2,49520
May-17,5831.66,-1016.05,-0.1484,10136,Borderlands 2,49520
Apr-17,6847.71,-1192.13,-0.1483,12665,Borderlands 2,49520
Mar-17,8039.84,1425.13,0.2153999999999999,19286,Borderlands 2,49520
Feb-17,6614.71,-2499.96,-0.2743,11971,Borderlands 2,49520
Jan-17,9114.67,1804.77,0.2469,18099,Borderlands 2,49520
Dec-16,7309.89,1738.43,0.312,16062,Borderlands 2,49520
Nov-16,5571.46,-661.67,-0.1061999999999999,12446,Borderlands 2,49520
Oct-16,6233.13,-2419.79,-0.2797,12956,Borderlands 2,49520
Sep-16,8652.93,3128.73,0.5664,18784,Borderlands 2,49520
Aug-16,5524.2,-1881.65,-0.2541,9480,Borderlands 2,49520
Jul-16,7405.84,1353.32,0.2236,15058,Borderlands 2,49520
Jun-16,6052.53,494.28,0.0889,12360,Borderlands 2,49520
May-16,5558.24,-897.33,-0.139,10762,Borderlands 2,49520
Apr-16,6455.57,-1574.76,-0.1961,12387,Borderlands 2,49520
Mar-16,8030.34,-718.93,-0.0822,19014,Borderlands 2,49520
Feb-16,8749.26,-95.87,-0.0108,16127,Borderlands 2,49520
Jan-16,8845.13,399.86,0.0473,17772,Borderlands 2,49520
Dec-15,8445.27,260.15,0.0318,15408,Borderlands 2,49520
Nov-15,8185.12,1117.25,0.1581,16804,Borderlands 2,49520
Oct-15,7067.86,925.08,0.1506,14744,Borderlands 2,49520
Sep-15,6142.78,-1496.49,-0.1959,15346,Borderlands 2,49520
Aug-15,7639.27,-464.79,-0.0574,15419,Borderlands 2,49520
Jul-15,8104.06,-186.28,-0.0225,15088,Borderlands 2,49520
Jun-15,8290.33,2629.26,0.4644,17472,Borderlands 2,49520
May-15,5661.07,-1841.35,-0.2453999999999999,10242,Borderlands 2,49520
Apr-15,7502.42,-1570.63,-0.1730999999999999,15930,Borderlands 2,49520
Mar-15,9073.05,2288.76,0.3374,21917,Borderlands 2,49520
Feb-15,6784.29,-863.54,-0.1128999999999999,14115,Borderlands 2,49520
Jan-15,7647.83,-234.76,-0.0298,16789,Borderlands 2,49520
Dec-14,7882.59,865.99,0.1234,15743,Borderlands 2,49520
Nov-14,7016.6,-4106.75,-0.3692,15119,Borderlands 2,49520
Oct-14,11123.35,-2555.06,-0.1868,25558,Borderlands 2,49520
Sep-14,13678.4,-3586.02,-0.2077,32832,Borderlands 2,49520
Aug-14,17264.42,2856.46,0.1982999999999999,67322,Borderlands 2,49520
Jul-14,14407.96,2711.82,0.2319,30875,Borderlands 2,49520
Jun-14,11696.14,5107.61,0.7752,37558,Borderlands 2,49520
May-14,6588.54,-280.89,-0.0409,12169,Borderlands 2,49520
Apr-14,6869.43,-1065.65,-0.1343,13248,Borderlands 2,49520
Mar-14,7935.08,-6403.53,-0.4465999999999999,18448,Borderlands 2,49520
Feb-14,14338.6,2355.12,0.1964999999999999,47105,Borderlands 2,49520
Jan-14,11983.48,25.6,0.0021,28057,Borderlands 2,49520
Dec-13,11957.88,4062.81,0.5146000000000001,25836,Borderlands 2,49520
Nov-13,7895.07,-3209.46,-0.289,17302,Borderlands 2,49520
Oct-13,11104.53,703.31,0.0676,23777,Borderlands 2,49520
Sep-13,10401.23,-3382.93,-0.2453999999999999,20874,Borderlands 2,49520
Aug-13,13784.16,-6934.23,-0.3347,28306,Borderlands 2,49520
Jul-13,20718.38,7752.6,0.5979,49680,Borderlands 2,49520
Jun-13,12965.78,-115.98,-0.0089,27818,Borderlands 2,49520
May-13,13081.76,4600.45,0.5424,40649,Borderlands 2,49520
Apr-13,8481.32,1359.29,0.1909,17604,Borderlands 2,49520
Mar-13,7122.03,-3825.61,-0.3494,16153,Borderlands 2,49520
Feb-13,10947.64,-3712.09,-0.2532,25383,Borderlands 2,49520
Jan-13,14659.73,-112.94,-0.0076,28507,Borderlands 2,49520
Dec-12,14772.67,-997.47,-0.0633,28993,Borderlands 2,49520
Nov-12,15770.14,-16196,-0.5067,31391,Borderlands 2,49520
Oct-12,31966.15,-29276.63,-0.478,68559,Borderlands 2,49520
Sep-12,61242.78,-,0.0,123596,Borderlands 2,49520
Sep-25,18785.74,-7191.62,-0.2768,33263,Terraria,105600
Aug-25,25977.35,-4440.15,-0.146,41350,Terraria,105600
Jul-25,30417.5,4163.45,0.1586,53239,Terraria,105600
Jun-25,26254.06,395.8,0.0153,46033,Terraria,105600
May-25,25858.26,-187.4,-0.0072,49056,Terraria,105600
Apr-25,26045.66,-2288.32,-0.0808,49797,Terraria,105600
Mar-25,28333.97,1540.08,0.0575,53013,Terraria,105600
Feb-25,26793.89,-2358.04,-0.0809,40622,Terraria,105600
Jan-25,29151.93,355.36,0.0123,47706,Terraria,105600
Dec-24,28796.58,6367.41,0.2839,61068,Terraria,105600
Nov-24,22429.16,-250.83,-0.0111,54656,Terraria,105600
Oct-24,22679.99,41.59,0.0018,39496,Terraria,105600
Sep-24,22638.4,-4060.83,-0.1521,45478,Terraria,105600
Aug-24,26699.24,-4617.85,-0.1475,40217,Terraria,105600
Jul-24,31317.09,1570.35,0.0528,45909,Terraria,105600
Jun-24,29746.74,5256.03,0.2146,47813,Terraria,105600
May-24,24490.71,-3126.24,-0.1132,42890,Terraria,105600
Apr-24,27616.95,1332.33,0.0507,51130,Terraria,105600
Mar-24,26284.62,1068.6,0.0424,50825,Terraria,105600
Feb-24,25216.02,-7710.78,-0.2342,41641,Terraria,105600
Jan-24,32926.8,2635.74,0.087,54281,Terraria,105600
Dec-23,30291.06,57.18,0.0019,57589,Terraria,105600
Nov-23,30233.88,-2939.51,-0.0886,59965,Terraria,105600
Oct-23,33173.39,1412.71,0.0445,60412,Terraria,105600
Sep-23,31760.67,-4050.02,-0.1131,63954,Terraria,105600
Aug-23,35810.69,-9694.23,-0.213,53700,Terraria,105600
Jul-23,45504.92,13488.88,0.4213,68151,Terraria,105600
Jun-23,32016.04,2133.17,0.0713999999999999,47246,Terraria,105600
May-23,29882.86,-4921.32,-0.1414,47609,Terraria,105600
Apr-23,34804.18,2391.51,0.0738,57857,Terraria,105600
Mar-23,32412.67,416.91,0.013,60408,Terraria,105600
Feb-23,31995.76,-7422.79,-0.1883,50167,Terraria,105600
Jan-23,39418.54,2875.96,0.0787,61425,Terraria,105600
Dec-22,36542.58,-3492.87,-0.0872,62255,Terraria,105600
Nov-22,40035.46,-20763.49,-0.3414999999999999,70589,Terraria,105600
Oct-22,60798.95,35358.76,1.3899,115029,Terraria,105600
Sep-22,25440.19,-3975.08,-0.1351,71258,Terraria,105600
Aug-22,29415.27,-6407.97,-0.1789,41392,Terraria,105600
Jul-22,35823.23,4989.21,0.1618,50902,Terraria,105600
Jun-22,30834.02,2708.65,0.0963,45395,Terraria,105600
May-22,28125.37,1468.6,0.0550999999999999,45021,Terraria,105600
Apr-22,26656.77,-970.41,-0.0351,44767,Terraria,105600
Mar-22,27627.19,-5776.76,-0.1729,44948,Terraria,105600
Feb-22,33403.95,-6736.59,-0.1678,57046,Terraria,105600
Jan-22,40140.54,1731.76,0.0451,59635,Terraria,105600
Dec-21,38408.77,77.81,0.002,73393,Terraria,105600
Nov-21,38330.96,9623.4,0.3352,84258,Terraria,105600
Oct-21,28707.56,3473.2,0.1376,63430,Terraria,105600
Sep-21,25234.37,-4960.93,-0.1643,45520,Terraria,105600
Aug-21,30195.3,-895.34,-0.0288,42367,Terraria,105600
Jul-21,31090.64,-597.62,-0.0189,42378,Terraria,105600
Jun-21,31688.26,-1331.65,-0.0403,49750,Terraria,105600
May-21,33019.91,5021.27,0.1793,55027,Terraria,105600
Apr-21,27998.64,-1779.92,-0.0598,44708,Terraria,105600
Mar-21,29778.55,-7757.2,-0.2067,45035,Terraria,105600
Feb-21,37535.76,3490.46,0.1025,55078,Terraria,105600
Jan-21,34045.3,5187.03,0.1797,47087,Terraria,105600
Dec-20,28858.27,-1907.25,-0.062,43285,Terraria,105600
Nov-20,30765.52,3940.52,0.1469,45815,Terraria,105600
Oct-20,26825.01,5181.65,0.2394,48712,Terraria,105600
Sep-20,21643.36,-7004.22,-0.2445,33696,Terraria,105600
Aug-20,28647.58,-12181.26,-0.2983,40187,Terraria,105600
Jul-20,40828.84,-34975.04,-0.4614,62269,Terraria,105600
Jun-20,75803.88,-54004.75,-0.416,157919,Terraria,105600
May-20,129808.62,78493.53,1.5296,486918,Terraria,105600
Apr-20,51315.09,20321.57,0.6557,72280,Terraria,105600
Mar-20,30993.52,3182.51,0.1144,48542,Terraria,105600
Feb-20,27811.01,-1703.28,-0.0576999999999999,42862,Terraria,105600
Jan-20,29514.3,-6072.84,-0.1705999999999999,49672,Terraria,105600
Dec-19,35587.14,14576.17,0.6937000000000001,57927,Terraria,105600
Nov-19,21010.96,5861.93,0.387,53380,Terraria,105600
Oct-19,15149.03,-825.25,-0.0516999999999999,25955,Terraria,105600
Sep-19,15974.28,-4467.58,-0.2186,26791,Terraria,105600
Aug-19,20441.87,-5466.6,-0.211,27917,Terraria,105600
Jul-19,25908.47,1883.89,0.0784,35010,Terraria,105600
Jun-19,24024.57,3863.75,0.1916,35123,Terraria,105600
May-19,20160.82,399.98,0.0202,34594,Terraria,105600
Apr-19,19760.84,2285.52,0.1308,35231,Terraria,105600
Mar-19,17475.32,-2875.15,-0.1413,28659,Terraria,105600
Feb-19,20350.48,-4298.68,-0.1744,34169,Terraria,105600
Jan-19,24649.15,6872.72,0.3865999999999999,39437,Terraria,105600
Dec-18,17776.43,2140.48,0.1369,31424,Terraria,105600
Nov-18,15635.95,736.8,0.0495,28050,Terraria,105600
Oct-18,14899.15,214.36,0.0146,26054,Terraria,105600
Sep-18,14684.79,-3250.37,-0.1812,25303,Terraria,105600
Aug-18,17935.16,-5144.47,-0.2229,25523,Terraria,105600
Jul-18,23079.63,2997.49,0.1493,31403,Terraria,105600
Jun-18,20082.14,2140.04,0.1193,30003,Terraria,105600
May-18,17942.1,-49.73,-0.0028,30276,Terraria,105600
Apr-18,17991.83,108.03,0.006,31058,Terraria,105600
Mar-18,17883.8,-583.25,-0.0316,29904,Terraria,105600
Feb-18,18467.05,-2220.92,-0.1074,29858,Terraria,105600
Jan-18,20687.97,1101.92,0.0562999999999999,34396,Terraria,105600
Dec-17,19586.05,2955.38,0.1777,33063,Terraria,105600
Nov-17,16630.67,357.84,0.022,29128,Terraria,105600
Oct-17,16272.83,-16.22,-0.001,29120,Terraria,105600
Sep-17,16289.05,-3299.31,-0.1684,27568,Terraria,105600
Aug-17,19588.36,-3824.73,-0.1634,28218,Terraria,105600
Jul-17,23413.09,3808.56,0.1943,31959,Terraria,105600
Jun-17,19604.53,2496.16,0.1459,30594,Terraria,105600
May-17,17108.37,109.98,0.0065,29192,Terraria,105600
Apr-17,16998.39,2046.54,0.1369,31152,Terraria,105600
Mar-17,14951.85,-1451.28,-0.0885,26626,Terraria,105600
Feb-17,16403.13,-3022.26,-0.1556,27644,Terraria,105600
Jan-17,19425.38,110.08,0.0056999999999999,34214,Terraria,105600
Dec-16,19315.3,2169.81,0.1266,32543,Terraria,105600
Nov-16,17145.48,3780.94,0.2829,36926,Terraria,105600
Oct-16,13364.55,604.44,0.0474,23776,Terraria,105600
Sep-16,12760.1,-2329.72,-0.1543999999999999,24473,Terraria,105600
Aug-16,15089.83,-4723.78,-0.2384,22057,Terraria,105600
Jul-16,19813.61,1004.73,0.0533999999999999,33051,Terraria,105600
Jun-16,18808.88,4090.75,0.2779,30486,Terraria,105600
May-16,14718.13,767.12,0.055,30112,Terraria,105600
Apr-16,13951.01,-574.51,-0.0395999999999999,25034,Terraria,105600
Mar-16,14525.52,-1007.86,-0.0649,25409,Terraria,105600
Feb-16,15533.39,-5391.61,-0.2577,26573,Terraria,105600
Jan-16,20924.99,1390.62,0.0712,39425,Terraria,105600
Dec-15,19534.38,5425.43,0.3845,37821,Terraria,105600
Nov-15,14108.95,-1457.5,-0.0935999999999999,28867,Terraria,105600
Oct-15,15566.45,-2100.67,-0.1189,28621,Terraria,105600
Sep-15,17667.13,-11516,-0.3946,33538,Terraria,105600
Aug-15,29183.13,-42949.46,-0.5954,54486,Terraria,105600
Jul-15,72132.59,58951.85,4.4726,149316,Terraria,105600
Jun-15,13180.73,4622.96,0.5402,158947,Terraria,105600
May-15,8557.78,502.23,0.0623,15021,Terraria,105600
Apr-15,8055.54,-131.54,-0.0161,14185,Terraria,105600
Mar-15,8187.08,-1298.67,-0.1369,15502,Terraria,105600
Feb-15,9485.75,-2858.77,-0.2316,16831,Terraria,105600
Jan-15,12344.52,-1268.12,-0.0932,26016,Terraria,105600
Dec-14,13612.64,5003.72,0.5811999999999999,27255,Terraria,105600
Nov-14,8608.92,-442.56,-0.0489,22395,Terraria,105600
Oct-14,9051.48,-973.97,-0.0972,16597,Terraria,105600
Sep-14,10025.46,533.81,0.0562,20721,Terraria,105600
Aug-14,9491.65,-4530.99,-0.3231,14455,Terraria,105600
Jul-14,14022.64,317.67,0.0232,28048,Terraria,105600
Jun-14,13704.97,2589.03,0.2329,32249,Terraria,105600
May-14,11115.93,4676.99,0.7264,26328,Terraria,105600
Apr-14,6438.95,-774.59,-0.1074,11069,Terraria,105600
Mar-14,7213.54,-1182.58,-0.1408,14336,Terraria,105600
Feb-14,8396.13,-2453.46,-0.2261,17002,Terraria,105600
Jan-14,10849.59,-3262.31,-0.2312,22962,Terraria,105600
Dec-13,14111.89,-2319.99,-0.1412,27274,Terraria,105600
Nov-13,16431.88,-24625.22,-0.5998,40370,Terraria,105600
Oct-13,41057.1,36447.22,7.9063,97392,Terraria,105600
Sep-13,4609.88,-308.02,-0.0626,12057,Terraria,105600
Aug-13,4917.9,-2256.11,-0.3145,8392,Terraria,105600
Jul-13,7174.02,1097.12,0.1805,18750,Terraria,105600
Jun-13,6076.89,-514.28,-0.078,11339,Terraria,105600
May-13,6591.18,541.06,0.0894,14305,Terraria,105600
Apr-13,6050.11,959.07,0.1884,11856,Terraria,105600
Mar-13,5091.04,882.77,0.2098,14259,Terraria,105600
Feb-13,4208.27,-1817.09,-0.3016,8502,Terraria,105600
Jan-13,6025.35,1383.28,0.298,13303,Terraria,105600
Dec-12,4642.07,665.93,0.1675,9119,Terraria,105600
Nov-12,3976.15,785.12,0.246,10799,Terraria,105600
Oct-12,3191.02,-728.94,-0.186,6664,Terraria,105600
Sep-12,3919.96,-796.11,-0.1687999999999999,8503,Terraria,105600
Aug-12,4716.07,-4306.7,-0.4772999999999999,8399,Terraria,105600
Jul-12,9022.77,-,0.0,16097,Terraria,105600
Sep-25,8444.08,176.81,0.0214,19153,武装突袭3,107410
Aug-25,8267.27,-542.23,-0.0616,16812,武装突袭3,107410
Jul-25,8809.5,-174.07,-0.0194,17596,武装突袭3,107410
Jun-25,8983.57,508.89,0.06,17783,武装突袭3,107410
May-25,8474.68,279.11,0.0341,18846,武装突袭3,107410
Apr-25,8195.57,-1262.54,-0.1335,17603,武装突袭3,107410
Mar-25,9458.1,-251.85,-0.0259,20602,武装突袭3,107410
Feb-25,9709.95,-1095.28,-0.1014,21276,武装突袭3,107410
Jan-25,10805.22,1065.05,0.1093,22174,武装突袭3,107410
Dec-24,9740.18,48.2,0.005,18563,武装突袭3,107410
Nov-24,9691.98,844.49,0.0953999999999999,20660,武装突袭3,107410
Oct-24,8847.49,-543.89,-0.0579,18386,武装突袭3,107410
Sep-24,9391.38,-1229.74,-0.1158,19185,武装突袭3,107410
Aug-24,10621.11,-1010.94,-0.0868999999999999,19805,武装突袭3,107410
Jul-24,11632.05,1805.95,0.1838,22301,武装突袭3,107410
Jun-24,9826.1,437.47,0.0466,22126,武装突袭3,107410
May-24,9388.63,-1307.36,-0.1222,19385,武装突袭3,107410
Apr-24,10695.99,-320.54,-0.0291,22380,武装突袭3,107410
Mar-24,11016.54,547.44,0.0523,22830,武装突袭3,107410
Feb-24,10469.1,-434.4,-0.0398,21847,武装突袭3,107410
Jan-24,10903.49,986.63,0.0994999999999999,22835,武装突袭3,107410
Dec-23,9916.87,-1390.25,-0.123,21329,武装突袭3,107410
Nov-23,11307.11,462.61,0.0426999999999999,23930,武装突袭3,107410
Oct-23,10844.5,-154.68,-0.0141,21623,武装突袭3,107410
Sep-23,10999.18,368.07,0.0346,23879,武装突袭3,107410
Aug-23,10631.11,-2214.33,-0.1724,20368,武装突袭3,107410
Jul-23,12845.44,1411.57,0.1235,22844,武装突袭3,107410
Jun-23,11433.87,-284.37,-0.0243,23562,武装突袭3,107410
May-23,11718.23,-109.61,-0.0093,24049,武装突袭3,107410
Apr-23,11827.84,-99.84,-0.0084,25828,武装突袭3,107410
Mar-23,11927.68,-16.6,-0.0014,25052,武装突袭3,107410
Feb-23,11944.28,-286.03,-0.0233999999999999,24071,武装突袭3,107410
Jan-23,12230.31,1746.36,0.1666,25319,武装突袭3,107410
Dec-22,10483.95,-359.04,-0.0331,20085,武装突袭3,107410
Nov-22,10842.99,-782.25,-0.0673,22240,武装突袭3,107410
Oct-22,11625.23,-322.1,-0.027,22732,武装突袭3,107410
Sep-22,11947.34,1431.28,0.1361,24526,武装突袭3,107410
Aug-22,10516.06,-1429.85,-0.1197,19124,武装突袭3,107410
Jul-22,11945.9,-194.37,-0.016,21679,武装突袭3,107410
Jun-22,12140.27,-202.58,-0.0163999999999999,25933,武装突袭3,107410
May-22,12342.85,-2989.54,-0.195,24021,武装突袭3,107410
Apr-22,15332.39,830.69,0.0573,33692,武装突袭3,107410
Mar-22,14501.7,1925.99,0.1532,28222,武装突袭3,107410
Feb-22,12575.71,-184.66,-0.0144999999999999,26730,武装突袭3,107410
Jan-22,12760.37,1323.61,0.1157,26073,武装突袭3,107410
Dec-21,11436.76,-955.59,-0.0771,23204,武装突袭3,107410
Nov-21,12392.36,879.58,0.0764,25963,武装突袭3,107410
Oct-21,11512.78,-1137,-0.0899,24113,武装突袭3,107410
Sep-21,12649.78,-266.44,-0.0206,25623,武装突袭3,107410
Aug-21,12916.22,253.13,0.02,23447,武装突袭3,107410
Jul-21,12663.09,-821.22,-0.0608999999999999,23244,武装突袭3,107410
Jun-21,13484.32,-3549.89,-0.2084,26135,武装突袭3,107410
May-21,17034.21,4000.79,0.307,37235,武装突袭3,107410
Apr-21,13033.41,-982.19,-0.0701,27972,武装突袭3,107410
Mar-21,14015.61,-920.91,-0.0617,30058,武装突袭3,107410
Feb-21,14936.52,40.99,0.0028,31637,武装突袭3,107410
Jan-21,14895.53,1894.8,0.1457,29006,武装突袭3,107410
Dec-20,13000.72,-864.71,-0.0624,26626,武装突袭3,107410
Nov-20,13865.44,338.22,0.025,27725,武装突袭3,107410
Oct-20,13527.22,823.09,0.0648,27524,武装突袭3,107410
Sep-20,12704.13,-324.65,-0.0249,26059,武装突袭3,107410
Aug-20,13028.78,-35.34,-0.0027,22575,武装突袭3,107410
Jul-20,13064.12,-51.8,-0.0039,23272,武装突袭3,107410
Jun-20,13115.92,-2881.63,-0.1801,25514,武装突袭3,107410
May-20,15997.56,-4268.59,-0.2105999999999999,34175,武装突袭3,107410
Apr-20,20266.15,5050.62,0.3319,40307,武装突袭3,107410
Mar-20,15215.53,1900.34,0.1427,36117,武装突袭3,107410
Feb-20,13315.19,-1388.23,-0.0944,26403,武装突袭3,107410
Jan-20,14703.42,3120.55,0.2694,31684,武装突袭3,107410
Dec-19,11582.87,1022.05,0.0968,22863,武装突袭3,107410
Nov-19,10560.82,-761.46,-0.0673,22119,武装突袭3,107410
Oct-19,11322.27,-546.4,-0.046,23954,武装突袭3,107410
Sep-19,11868.67,-1584.69,-0.1177999999999999,24676,武装突袭3,107410
Aug-19,13453.36,-1811.67,-0.1186999999999999,25846,武装突袭3,107410
Jul-19,15265.03,1040.24,0.0731,27462,武装突袭3,107410
Jun-19,14224.79,16.38,0.0012,26030,武装突袭3,107410
May-19,14208.4,499.03,0.0364,28985,武装突袭3,107410
Apr-19,13709.37,-526.79,-0.037,27708,武装突袭3,107410
Mar-19,14236.16,-1253.24,-0.0809,28270,武装突袭3,107410
Feb-19,15489.4,249.04,0.0163,32582,武装突袭3,107410
Jan-19,15240.37,1686.08,0.1244,29454,武装突袭3,107410
Dec-18,13554.29,1000.99,0.0797,26948,武装突袭3,107410
Nov-18,12553.3,-791.6,-0.0593,26667,武装突袭3,107410
Oct-18,13344.9,-747.35,-0.053,26432,武装突袭3,107410
Sep-18,14092.26,-1030.71,-0.0682,29690,武装突袭3,107410
Aug-18,15122.97,-3261.56,-0.1773999999999999,27029,武装突袭3,107410
Jul-18,18384.53,1814.22,0.1094999999999999,31989,武装突袭3,107410
Jun-18,16570.32,-482.94,-0.0283,31609,武装突袭3,107410
May-18,17053.25,-752.32,-0.0423,34393,武装突袭3,107410
Apr-18,17805.57,831.68,0.049,44337,武装突袭3,107410
Mar-18,16973.89,-258.08,-0.015,33378,武装突袭3,107410
Feb-18,17231.97,-1322.61,-0.0713,33206,武装突袭3,107410
Jan-18,18554.58,-701.06,-0.0364,37049,武装突袭3,107410
Dec-17,19255.64,2731.78,0.1653,38629,武装突袭3,107410
Nov-17,16523.87,82.54,0.005,36994,武装突袭3,107410
Oct-17,16441.33,-1546.48,-0.086,32097,武装突袭3,107410
Sep-17,17987.81,9.7,0.0005,36019,武装突袭3,107410
Aug-17,17978.11,-4142.35,-0.1873,32339,武装突袭3,107410
Jul-17,22120.46,-33.73,-0.0015,43759,武装突袭3,107410
Jun-17,22154.2,1441.53,0.0696,46003,武装突袭3,107410
May-17,20712.67,-2664.82,-0.114,42285,武装突袭3,107410
Apr-17,23377.49,1089.03,0.0489,49352,武装突袭3,107410
Mar-17,22288.46,-1250.62,-0.0530999999999999,46509,武装突袭3,107410
Feb-17,23539.08,-3433.06,-0.1273,45279,武装突袭3,107410
Jan-17,26972.14,4646.62,0.2080999999999999,53102,武装突袭3,107410
Dec-16,22325.52,2399.54,0.1204,47649,武装突袭3,107410
Nov-16,19925.98,-462.77,-0.0227,43745,武装突袭3,107410
Oct-16,20388.75,243.54,0.0121,41168,武装突袭3,107410
Sep-16,20145.21,-2904.47,-0.126,40858,武装突袭3,107410
Aug-16,23049.68,-3565.37,-0.134,41000,武装突袭3,107410
Jul-16,26615.05,1329.89,0.0526,46635,武装突袭3,107410
Jun-16,25285.16,2431.22,0.1064,46030,武装突袭3,107410
May-16,22853.94,2561.51,0.1261999999999999,56185,武装突袭3,107410
Apr-16,20292.43,-1440.8,-0.0663,41127,武装突袭3,107410
Mar-16,21733.23,-891.7,-0.0394,45506,武装突袭3,107410
Feb-16,22624.93,65.49,0.0029,48734,武装突袭3,107410
Jan-16,22559.44,3797.34,0.2024,43922,武装突袭3,107410
Dec-15,18762.1,3306.94,0.214,38659,武装突袭3,107410
Nov-15,15455.16,-2739.52,-0.1506,34353,武装突袭3,107410
Oct-15,18194.68,1233.12,0.0727,35323,武装突袭3,107410
Sep-15,16961.56,-919.28,-0.0513999999999999,33954,武装突袭3,107410
Aug-15,17880.84,1240.43,0.0745,33455,武装突袭3,107410
Jul-15,16640.41,892.56,0.0567,29783,武装突袭3,107410
Jun-15,15747.85,-2549.09,-0.1393,31440,武装突袭3,107410
May-15,18296.94,-218.76,-0.0118,47553,武装突袭3,107410
Apr-15,18515.7,136.11,0.0074,44017,武装突袭3,107410
Mar-15,18379.59,174.84,0.0096,44092,武装突袭3,107410
Feb-15,18204.75,-2108.03,-0.1038,37577,武装突袭3,107410
Jan-15,20312.78,4248.87,0.2645,44621,武装突袭3,107410
Dec-14,16063.91,1212.58,0.0816,36250,武装突袭3,107410
Nov-14,14851.33,-102.05,-0.0068,34213,武装突袭3,107410
Oct-14,14953.38,2638.91,0.2143,48521,武装突袭3,107410
Sep-14,12314.47,-1401.59,-0.1022,24971,武装突袭3,107410
Aug-14,13716.06,-164.3,-0.0118,25334,武装突袭3,107410
Jul-14,13880.36,925.89,0.0715,26977,武装突袭3,107410
Jun-14,12954.47,-2064.32,-0.1374,27777,武装突袭3,107410
May-14,15018.79,2218.99,0.1734,46089,武装突袭3,107410
Apr-14,12799.79,1842.64,0.1682,26302,武装突袭3,107410
Mar-14,10957.15,2446.32,0.2874,24278,武装突袭3,107410
Feb-14,8510.84,2275.43,0.3649,22331,武装突袭3,107410
Jan-14,6235.41,1998.62,0.4717,14464,武装突袭3,107410
Dec-13,4236.78,154.45,0.0378,9373,武装突袭3,107410
Nov-13,4082.34,4.51,0.0011,9270,武装突袭3,107410
Oct-13,4077.82,-1539.54,-0.2741,8435,武装突袭3,107410
Sep-13,5617.36,2320.68,0.7039,16612,武装突袭3,107410
Aug-13,3296.68,267.17,0.0882,6657,武装突袭3,107410
Jul-13,3029.51,-43.43,-0.0141,7311,武装突袭3,107410
Jun-13,3072.94,1337.87,0.7711,12108,武装突袭3,107410
May-13,1735.06,-300.79,-0.1477,3496,武装突袭3,107410
Apr-13,2035.86,-2710.11,-0.5710000000000001,4536,武装突袭3,107410
Mar-13,4745.97,-,0.0,13225,武装突袭3,107410
Sep-25,19990.73,-1537.32,-0.0713999999999999,32066,Project Zomboid,108600
Aug-25,21528.05,-909.6,-0.0405,33479,Project Zomboid,108600
Jul-25,22437.65,-1083.6,-0.0461,34038,Project Zomboid,108600
Jun-25,23521.25,2593.59,0.1239,40929,Project Zomboid,108600
May-25,20927.66,1727.26,0.09,38195,Project Zomboid,108600
Apr-25,19200.4,-4109.66,-0.1762999999999999,30142,Project Zomboid,108600
Mar-25,23310.06,-6546.91,-0.2193,37687,Project Zomboid,108600
Feb-25,29856.97,-6980.86,-0.1895,51435,Project Zomboid,108600
Jan-25,36837.84,6500.13,0.2143,57471,Project Zomboid,108600
Dec-24,30337.71,4630.63,0.1801,58190,Project Zomboid,108600
Nov-24,25707.07,3127.37,0.1384999999999999,43004,Project Zomboid,108600
Oct-24,22579.71,-394.57,-0.0172,36388,Project Zomboid,108600
Sep-24,22974.28,-256.92,-0.0111,39141,Project Zomboid,108600
Aug-24,23231.19,-1312.16,-0.0535,34056,Project Zomboid,108600
Jul-24,24543.35,-600.86,-0.0239,36435,Project Zomboid,108600
Jun-24,25144.21,6374.28,0.3396,40235,Project Zomboid,108600
May-24,18769.93,-2151.02,-0.1027999999999999,29298,Project Zomboid,108600
Apr-24,20920.95,-3672.61,-0.1493,34294,Project Zomboid,108600
Mar-24,24593.56,2008.4,0.0889,39119,Project Zomboid,108600
Feb-24,22585.17,-5428.17,-0.1938,34875,Project Zomboid,108600
Jan-24,28013.33,1549.23,0.0584999999999999,44568,Project Zomboid,108600
Dec-23,26464.1,-1522.99,-0.0544,41458,Project Zomboid,108600
Nov-23,27987.08,2766.12,0.1097,47193,Project Zomboid,108600
Oct-23,25220.97,2682.19,0.119,45999,Project Zomboid,108600
Sep-23,22538.77,-1519.2,-0.0630999999999999,36064,Project Zomboid,108600
Aug-23,24057.98,-4698.15,-0.1634,34810,Project Zomboid,108600
Jul-23,28756.12,5762.33,0.2506,41075,Project Zomboid,108600
Jun-23,22993.79,-1127.9,-0.0467999999999999,34953,Project Zomboid,108600
May-23,24121.69,-4641.26,-0.1614,38326,Project Zomboid,108600
Apr-23,28762.96,-1158.62,-0.0387,43895,Project Zomboid,108600
Mar-23,29921.58,-8432.19,-0.2198999999999999,46293,Project Zomboid,108600
Feb-23,38353.76,3592.04,0.1033,59562,Project Zomboid,108600
Jan-23,34761.72,6644.41,0.2362999999999999,52625,Project Zomboid,108600
Dec-22,28117.32,7066.82,0.3357,48428,Project Zomboid,108600
Nov-22,21050.5,2227.97,0.1184,37926,Project Zomboid,108600
Oct-22,18822.53,-490.4,-0.0254,33491,Project Zomboid,108600
Sep-22,19312.93,-3668.8,-0.1596,30798,Project Zomboid,108600
Aug-22,22981.73,2559.81,0.1253,37002,Project Zomboid,108600
Jul-22,20421.92,5436.43,0.3628,29114,Project Zomboid,108600
Jun-22,14985.48,847.03,0.0599,25633,Project Zomboid,108600
May-22,14138.46,-408.38,-0.0281,21369,Project Zomboid,108600
Apr-22,14546.84,-1181.89,-0.0751,21505,Project Zomboid,108600
Mar-22,15728.74,-8898.6,-0.3613,24407,Project Zomboid,108600
Feb-22,24627.33,-17329.84,-0.413,42621,Project Zomboid,108600
Jan-22,41957.17,21634.65,1.0646,65379,Project Zomboid,108600
Dec-21,20322.53,15363.87,3.0984,53071,Project Zomboid,108600
Nov-21,4958.66,252.85,0.0537,7306,Project Zomboid,108600
Oct-21,4705.81,-451.8,-0.0876,8001,Project Zomboid,108600
Sep-21,5157.61,26.13,0.0051,8454,Project Zomboid,108600
Aug-21,5131.48,1555.28,0.4349,8534,Project Zomboid,108600
Jul-21,3576.2,156.41,0.0457,5839,Project Zomboid,108600
Jun-21,3419.79,-731.79,-0.1762999999999999,5681,Project Zomboid,108600
May-21,4151.58,199.31,0.0504,6782,Project Zomboid,108600
Apr-21,3952.27,1886.97,0.9137,7069,Project Zomboid,108600
Mar-21,2065.29,272.3,0.1519,4630,Project Zomboid,108600
Feb-21,1792.99,-251.65,-0.1231,2881,Project Zomboid,108600
Jan-21,2044.64,100.09,0.0515,3217,Project Zomboid,108600
Dec-20,1944.54,-811.48,-0.2944,3367,Project Zomboid,108600
Nov-20,2756.02,1081.07,0.6454000000000001,5310,Project Zomboid,108600
Oct-20,1674.95,448.71,0.3659,4816,Project Zomboid,108600
Sep-20,1226.24,-5.89,-0.0048,2024,Project Zomboid,108600
Aug-20,1232.13,54.19,0.046,1904,Project Zomboid,108600
Jul-20,1177.94,150.12,0.1461,2022,Project Zomboid,108600
Jun-20,1027.82,-204.65,-0.166,1766,Project Zomboid,108600
May-20,1232.46,-70.29,-0.054,2069,Project Zomboid,108600
Apr-20,1302.75,120.23,0.1017,2018,Project Zomboid,108600
Mar-20,1182.52,109.13,0.1017,2191,Project Zomboid,108600
Feb-20,1073.39,-137.88,-0.1138,1871,Project Zomboid,108600
Jan-20,1211.27,-352.9,-0.2256,2084,Project Zomboid,108600
Dec-19,1564.18,-52.64,-0.0326,3079,Project Zomboid,108600
Nov-19,1616.82,484.65,0.4281,3081,Project Zomboid,108600
Oct-19,1132.18,473.49,0.7188,2588,Project Zomboid,108600
Sep-19,658.68,-192.86,-0.2264999999999999,1205,Project Zomboid,108600
Aug-19,851.55,-16.28,-0.0187999999999999,1717,Project Zomboid,108600
Jul-19,867.83,139.2,0.191,1760,Project Zomboid,108600
Jun-19,728.64,-160.14,-0.1802,1305,Project Zomboid,108600
May-19,888.78,134.86,0.1789,1994,Project Zomboid,108600
Apr-19,753.92,-111.1,-0.1284,1333,Project Zomboid,108600
Mar-19,865.02,233.79,0.3704,1880,Project Zomboid,108600
Feb-19,631.23,-118.07,-0.1576,1148,Project Zomboid,108600
Jan-19,749.3,52.6,0.0755,1260,Project Zomboid,108600
Dec-18,696.7,-60.18,-0.0795,1355,Project Zomboid,108600
Nov-18,756.88,115.06,0.1793,1583,Project Zomboid,108600
Oct-18,641.82,-26.48,-0.0395999999999999,1211,Project Zomboid,108600
Sep-18,668.3,-87.12,-0.1153,1234,Project Zomboid,108600
Aug-18,755.42,-428.42,-0.3619,1235,Project Zomboid,108600
Jul-18,1183.84,-258.23,-0.1791,2175,Project Zomboid,108600
Jun-18,1442.07,819.89,1.3177,3475,Project Zomboid,108600
May-18,622.19,23.04,0.0385,1300,Project Zomboid,108600
Apr-18,599.15,59.58,0.1104,1088,Project Zomboid,108600
Mar-18,539.57,-21.86,-0.0389,982,Project Zomboid,108600
Feb-18,561.43,-98.68,-0.1495,1131,Project Zomboid,108600
Jan-18,660.11,15.78,0.0245,1318,Project Zomboid,108600
Dec-17,644.32,41.39,0.0686,1325,Project Zomboid,108600
Nov-17,602.94,45.14,0.0809,1338,Project Zomboid,108600
Oct-17,557.79,84.44,0.1784,1164,Project Zomboid,108600
Sep-17,473.35,-10.87,-0.0225,891,Project Zomboid,108600
Aug-17,484.22,-128.84,-0.2102,799,Project Zomboid,108600
Jul-17,613.06,24.02,0.0408,1362,Project Zomboid,108600
Jun-17,589.04,14.52,0.0253,1269,Project Zomboid,108600
May-17,574.52,30.9,0.0567999999999999,1031,Project Zomboid,108600
Apr-17,543.62,-14.43,-0.0259,1116,Project Zomboid,108600
Mar-17,558.06,-7.32,-0.0129,1042,Project Zomboid,108600
Feb-17,565.38,-97.15,-0.1466,1013,Project Zomboid,108600
Jan-17,662.53,96.5,0.1705,1249,Project Zomboid,108600
Dec-16,566.03,59.12,0.1166,1114,Project Zomboid,108600
Nov-16,506.92,57.22,0.1272,955,Project Zomboid,108600
Oct-16,449.7,-1.34,-0.003,887,Project Zomboid,108600
Sep-16,451.04,-46.71,-0.0938,795,Project Zomboid,108600
Aug-16,497.75,-157.91,-0.2408,802,Project Zomboid,108600
Jul-16,655.66,-1.36,-0.0021,1289,Project Zomboid,108600
Jun-16,657.02,-36.85,-0.0530999999999999,1377,Project Zomboid,108600
May-16,693.86,95.38,0.1594,1355,Project Zomboid,108600
Apr-16,598.49,-0.66,-0.0011,1185,Project Zomboid,108600
Mar-16,599.14,-26.7,-0.0426999999999999,1057,Project Zomboid,108600
Feb-16,625.85,-94.35,-0.131,1077,Project Zomboid,108600
Jan-16,720.19,161.49,0.289,1356,Project Zomboid,108600
Dec-15,558.7,90.79,0.1939999999999999,1204,Project Zomboid,108600
Nov-15,467.91,-62.5,-0.1177999999999999,1119,Project Zomboid,108600
Oct-15,530.41,19,0.0372,987,Project Zomboid,108600
Sep-15,511.41,-43.7,-0.0787,926,Project Zomboid,108600
Aug-15,555.11,-85.39,-0.1333,956,Project Zomboid,108600
Jul-15,640.5,-73.57,-0.103,1165,Project Zomboid,108600
Jun-15,714.07,114.94,0.1918,1958,Project Zomboid,108600
May-15,599.13,78.14,0.15,1493,Project Zomboid,108600
Apr-15,520.99,-125.88,-0.1946,1073,Project Zomboid,108600
Mar-15,646.87,83.47,0.1482,1865,Project Zomboid,108600
Feb-15,563.4,10.59,0.0192,1659,Project Zomboid,108600
Jan-15,552.81,82.6,0.1757,1037,Project Zomboid,108600
Dec-14,470.21,76.12,0.1932,1121,Project Zomboid,108600
Nov-14,394.09,-133.52,-0.2531,771,Project Zomboid,108600
Oct-14,527.61,255.69,0.9403,1468,Project Zomboid,108600
Sep-14,271.92,-45.58,-0.1436,506,Project Zomboid,108600
Aug-14,317.5,-124.76,-0.2821,575,Project Zomboid,108600
Jul-14,442.26,-204.02,-0.3157,821,Project Zomboid,108600
Jun-14,646.28,182.68,0.3940999999999999,2658,Project Zomboid,108600
May-14,463.59,82.87,0.2177,1142,Project Zomboid,108600
Apr-14,380.72,-298.56,-0.4395,845,Project Zomboid,108600
Mar-14,679.28,339.24,0.9977,1871,Project Zomboid,108600
Feb-14,340.04,123.6,0.5710000000000001,1139,Project Zomboid,108600
Jan-14,216.44,-20.4,-0.0861,416,Project Zomboid,108600
Dec-13,236.84,-174.83,-0.4246999999999999,603,Project Zomboid,108600
Nov-13,411.67,-,0.0,1021,Project Zomboid,108600
Sep-25,4652.31,-80.98,-0.0171,8024,Total War: ROME II - Emperor Edition,214950
Aug-25,4733.29,126.75,0.0275,8466,Total War: ROME II - Emperor Edition,214950
Jul-25,4606.53,-67.26,-0.0144,7986,Total War: ROME II - Emperor Edition,214950
Jun-25,4673.8,371,0.0862,8113,Total War: ROME II - Emperor Edition,214950
May-25,4302.79,188.49,0.0458,7660,Total War: ROME II - Emperor Edition,214950
Apr-25,4114.31,-219.61,-0.0507,7057,Total War: ROME II - Emperor Edition,214950
Mar-25,4333.92,-436.46,-0.0915,7587,Total War: ROME II - Emperor Edition,214950
Feb-25,4770.38,-497.51,-0.0944,8923,Total War: ROME II - Emperor Edition,214950
Jan-25,5267.89,-147.39,-0.0272,9519,Total War: ROME II - Emperor Edition,214950
Dec-24,5415.28,1117.83,0.2601,9499,Total War: ROME II - Emperor Edition,214950
Nov-24,4297.44,427.32,0.1104,8680,Total War: ROME II - Emperor Edition,214950
Oct-24,3870.13,-42.96,-0.011,6677,Total War: ROME II - Emperor Edition,214950
Sep-24,3913.08,-236.22,-0.0569,6712,Total War: ROME II - Emperor Edition,214950
Aug-24,4149.3,-66.85,-0.0159,6882,Total War: ROME II - Emperor Edition,214950
Jul-24,4216.15,218.84,0.0547,7115,Total War: ROME II - Emperor Edition,214950
Jun-24,3997.31,-122.95,-0.0298,6713,Total War: ROME II - Emperor Edition,214950
May-24,4120.26,36.57,0.009,7200,Total War: ROME II - Emperor Edition,214950
Apr-24,4083.69,-299.52,-0.0683,7131,Total War: ROME II - Emperor Edition,214950
Mar-24,4383.21,-345.46,-0.0731,7813,Total War: ROME II - Emperor Edition,214950
Feb-24,4728.67,-42.15,-0.0088,8635,Total War: ROME II - Emperor Edition,214950
Jan-24,4770.82,237.9,0.0525,8415,Total War: ROME II - Emperor Edition,214950
Dec-23,4532.92,-45.22,-0.0098999999999999,7499,Total War: ROME II - Emperor Edition,214950
Nov-23,4578.14,-140.28,-0.0297,7882,Total War: ROME II - Emperor Edition,214950
Oct-23,4718.42,367.46,0.0844999999999999,8291,Total War: ROME II - Emperor Edition,214950
Sep-23,4350.96,-196.37,-0.0432,7833,Total War: ROME II - Emperor Edition,214950
Aug-23,4547.33,-642.14,-0.1236999999999999,7804,Total War: ROME II - Emperor Edition,214950
Jul-23,5189.47,601.63,0.1311,8466,Total War: ROME II - Emperor Edition,214950
Jun-23,4587.83,244.71,0.0562999999999999,7989,Total War: ROME II - Emperor Edition,214950
May-23,4343.12,-159.31,-0.0354,7606,Total War: ROME II - Emperor Edition,214950
Apr-23,4502.43,263.72,0.0622,7489,Total War: ROME II - Emperor Edition,214950
Mar-23,4238.71,-112.64,-0.0259,7559,Total War: ROME II - Emperor Edition,214950
Feb-23,4351.35,-284.05,-0.0613,7639,Total War: ROME II - Emperor Edition,214950
Jan-23,4635.41,164.98,0.0369,7726,Total War: ROME II - Emperor Edition,214950
Dec-22,4470.43,235.58,0.0556,7307,Total War: ROME II - Emperor Edition,214950
Nov-22,4234.84,-182.01,-0.0412,7488,Total War: ROME II - Emperor Edition,214950
Oct-22,4416.86,98.12,0.0227,7709,Total War: ROME II - Emperor Edition,214950
Sep-22,4318.74,-112.43,-0.0254,7541,Total War: ROME II - Emperor Edition,214950
Aug-22,4431.17,-219.36,-0.0472,7390,Total War: ROME II - Emperor Edition,214950
Jul-22,4650.54,241.31,0.0547,7371,Total War: ROME II - Emperor Edition,214950
Jun-22,4409.23,-208.33,-0.0451,7437,Total War: ROME II - Emperor Edition,214950
May-22,4617.56,122.4,0.0272,8186,Total War: ROME II - Emperor Edition,214950
Apr-22,4495.16,199.3,0.0464,7729,Total War: ROME II - Emperor Edition,214950
Mar-22,4295.85,-738,-0.1466,7362,Total War: ROME II - Emperor Edition,214950
Feb-22,5033.85,-583.79,-0.1039,9069,Total War: ROME II - Emperor Edition,214950
Jan-22,5617.64,406.96,0.0781,9352,Total War: ROME II - Emperor Edition,214950
Dec-21,5210.69,635.21,0.1388,8699,Total War: ROME II - Emperor Edition,214950
Nov-21,4575.48,-150.76,-0.0319,7928,Total War: ROME II - Emperor Edition,214950
Oct-21,4726.24,45.06,0.0096,8240,Total War: ROME II - Emperor Edition,214950
Sep-21,4681.18,-87.28,-0.0183,8310,Total War: ROME II - Emperor Edition,214950
Aug-21,4768.46,58.76,0.0125,7949,Total War: ROME II - Emperor Edition,214950
Jul-21,4709.7,108.76,0.0236,7640,Total War: ROME II - Emperor Edition,214950
Jun-21,4600.93,-1346.19,-0.2264,7729,Total War: ROME II - Emperor Edition,214950
May-21,5947.13,183.78,0.0319,11447,Total War: ROME II - Emperor Edition,214950
Apr-21,5763.35,479.12,0.0907,10335,Total War: ROME II - Emperor Edition,214950
Mar-21,5284.23,-411.85,-0.0723,10091,Total War: ROME II - Emperor Edition,214950
Feb-21,5696.08,-466.89,-0.0758,9910,Total War: ROME II - Emperor Edition,214950
Jan-21,6162.97,361.94,0.0624,10547,Total War: ROME II - Emperor Edition,214950
Dec-20,5801.03,-78.03,-0.0133,10242,Total War: ROME II - Emperor Edition,214950
Nov-20,5879.06,338.52,0.0611,10392,Total War: ROME II - Emperor Edition,214950
Oct-20,5540.54,750.45,0.1567,10044,Total War: ROME II - Emperor Edition,214950
Sep-20,4790.09,-517.28,-0.0975,8342,Total War: ROME II - Emperor Edition,214950
Aug-20,5307.37,-109.82,-0.0203,8760,Total War: ROME II - Emperor Edition,214950
Jul-20,5417.19,-198.77,-0.0354,8892,Total War: ROME II - Emperor Edition,214950
Jun-20,5615.96,-1599.69,-0.2217,9846,Total War: ROME II - Emperor Edition,214950
May-20,7215.65,-362.78,-0.0479,14805,Total War: ROME II - Emperor Edition,214950
Apr-20,7578.43,548.79,0.0781,12676,Total War: ROME II - Emperor Edition,214950
Mar-20,7029.64,1383.32,0.245,14762,Total War: ROME II - Emperor Edition,214950
Feb-20,5646.32,106.46,0.0192,10499,Total War: ROME II - Emperor Edition,214950
Jan-20,5539.86,207.31,0.0389,9836,Total War: ROME II - Emperor Edition,214950
Dec-19,5332.55,407.11,0.0827,9392,Total War: ROME II - Emperor Edition,214950
Nov-19,4925.44,-125.45,-0.0248,9481,Total War: ROME II - Emperor Edition,214950
Oct-19,5050.89,265.31,0.0554,9553,Total War: ROME II - Emperor Edition,214950
Sep-19,4785.58,-91.45,-0.0187999999999999,10713,Total War: ROME II - Emperor Edition,214950
Aug-19,4877.03,29.06,0.006,8327,Total War: ROME II - Emperor Edition,214950
Jul-19,4847.97,238.63,0.0518,8309,Total War: ROME II - Emperor Edition,214950
Jun-19,4609.33,-719.55,-0.135,8019,Total War: ROME II - Emperor Edition,214950
May-19,5328.88,-165.8,-0.0302,10085,Total War: ROME II - Emperor Edition,214950
Apr-19,5494.68,-386.99,-0.0658,10491,Total War: ROME II - Emperor Edition,214950
Mar-19,5881.67,79.55,0.0137,11615,Total War: ROME II - Emperor Edition,214950
Feb-19,5802.12,-118.67,-0.02,11058,Total War: ROME II - Emperor Edition,214950
Jan-19,5920.79,320,0.0571,10529,Total War: ROME II - Emperor Edition,214950
Dec-18,5600.8,679.11,0.138,10632,Total War: ROME II - Emperor Edition,214950
Nov-18,4921.69,-920.36,-0.1575,9492,Total War: ROME II - Emperor Edition,214950
Oct-18,5842.05,-503.6,-0.0794,10956,Total War: ROME II - Emperor Edition,214950
Sep-18,6345.64,-1209.46,-0.1601,12165,Total War: ROME II - Emperor Edition,214950
Aug-18,7555.1,1848.51,0.3239,15266,Total War: ROME II - Emperor Edition,214950
Jul-18,5706.59,884.38,0.1834,10976,Total War: ROME II - Emperor Edition,214950
Jun-18,4822.21,-404.62,-0.0774,8425,Total War: ROME II - Emperor Edition,214950
May-18,5226.83,-704.66,-0.1188,9434,Total War: ROME II - Emperor Edition,214950
Apr-18,5931.48,-505.85,-0.0786,10645,Total War: ROME II - Emperor Edition,214950
Mar-18,6437.34,713.37,0.1246,12466,Total War: ROME II - Emperor Edition,214950
Feb-18,5723.97,-564.39,-0.0898,10952,Total War: ROME II - Emperor Edition,214950
Jan-18,6288.36,-1390.39,-0.1810999999999999,11222,Total War: ROME II - Emperor Edition,214950
Dec-17,7678.75,2027.56,0.3588,16824,Total War: ROME II - Emperor Edition,214950
Nov-17,5651.19,457.26,0.088,12989,Total War: ROME II - Emperor Edition,214950
Oct-17,5193.93,-895.94,-0.1471,9796,Total War: ROME II - Emperor Edition,214950
Sep-17,6089.87,313.63,0.0542999999999999,12366,Total War: ROME II - Emperor Edition,214950
Aug-17,5776.24,-187.81,-0.0315,9691,Total War: ROME II - Emperor Edition,214950
Jul-17,5964.05,540.54,0.0997,10208,Total War: ROME II - Emperor Edition,214950
Jun-17,5423.51,232.09,0.0447,10023,Total War: ROME II - Emperor Edition,214950
May-17,5191.42,-207.33,-0.0384,9370,Total War: ROME II - Emperor Edition,214950
Apr-17,5398.75,76.37,0.0143,9453,Total War: ROME II - Emperor Edition,214950
Mar-17,5322.38,-719.23,-0.119,10480,Total War: ROME II - Emperor Edition,214950
Feb-17,6041.61,-475.2,-0.0729,11597,Total War: ROME II - Emperor Edition,214950
Jan-17,6516.81,537.48,0.0899,12012,Total War: ROME II - Emperor Edition,214950
Dec-16,5979.33,295.98,0.0521,11204,Total War: ROME II - Emperor Edition,214950
Nov-16,5683.36,292.63,0.0542999999999999,11086,Total War: ROME II - Emperor Edition,214950
Oct-16,5390.73,-194.26,-0.0348,10759,Total War: ROME II - Emperor Edition,214950
Sep-16,5584.98,-470.16,-0.0776,10454,Total War: ROME II - Emperor Edition,214950
Aug-16,6055.15,-555.34,-0.084,10050,Total War: ROME II - Emperor Edition,214950
Jul-16,6610.49,360.11,0.0576,12002,Total War: ROME II - Emperor Edition,214950
Jun-16,6250.38,-721.01,-0.1033999999999999,11730,Total War: ROME II - Emperor Edition,214950
May-16,6971.38,-318.25,-0.0437,13493,Total War: ROME II - Emperor Edition,214950
Apr-16,7289.63,-707.45,-0.0885,13567,Total War: ROME II - Emperor Edition,214950
Mar-16,7997.08,-222.26,-0.027,14696,Total War: ROME II - Emperor Edition,214950
Feb-16,8219.34,-77.81,-0.0093999999999999,15189,Total War: ROME II - Emperor Edition,214950
Jan-16,8297.16,478.23,0.0612,15490,Total War: ROME II - Emperor Edition,214950
Dec-15,7818.92,1064.19,0.1575,14266,Total War: ROME II - Emperor Edition,214950
Nov-15,6754.74,-831.73,-0.1096,13104,Total War: ROME II - Emperor Edition,214950
Oct-15,7586.46,-96.52,-0.0126,13766,Total War: ROME II - Emperor Edition,214950
Sep-15,7682.98,-110.57,-0.0141999999999999,14179,Total War: ROME II - Emperor Edition,214950
Aug-15,7793.55,-408.38,-0.0498,13158,Total War: ROME II - Emperor Edition,214950
Jul-15,8201.94,397.95,0.051,13940,Total War: ROME II - Emperor Edition,214950
Jun-15,7803.99,382.71,0.0516,19486,Total War: ROME II - Emperor Edition,214950
May-15,7421.28,-872.54,-0.1052,13583,Total War: ROME II - Emperor Edition,214950
Apr-15,8293.82,-1392.48,-0.1438,15980,Total War: ROME II - Emperor Edition,214950
Mar-15,9686.3,-3985.57,-0.2915,20823,Total War: ROME II - Emperor Edition,214950
Feb-15,13671.88,130.97,0.0097,38582,Total War: ROME II - Emperor Edition,214950
Jan-15,13540.9,60.86,0.0045,26122,Total War: ROME II - Emperor Edition,214950
Dec-14,13480.04,3240.77,0.3165,26270,Total War: ROME II - Emperor Edition,214950
Nov-14,10239.27,-1413.04,-0.1213,23715,Total War: ROME II - Emperor Edition,214950
Oct-14,11652.31,-1517.05,-0.1152,23997,Total War: ROME II - Emperor Edition,214950
Sep-14,13169.36,2549.72,0.2401,37680,Total War: ROME II - Emperor Edition,214950
Aug-14,10619.64,374.2,0.0365,18154,Total War: ROME II - Emperor Edition,214950
Jul-14,10245.45,214.12,0.0213,18727,Total War: ROME II - Emperor Edition,214950
Jun-14,10031.33,418.21,0.0435,20946,Total War: ROME II - Emperor Edition,214950
May-14,9613.12,-1604.17,-0.143,18135,Total War: ROME II - Emperor Edition,214950
Apr-14,11217.29,-1090.76,-0.0886,22620,Total War: ROME II - Emperor Edition,214950
Mar-14,12308.05,-559.73,-0.0435,24747,Total War: ROME II - Emperor Edition,214950
Feb-14,12867.78,-960.96,-0.0695,26219,Total War: ROME II - Emperor Edition,214950
Jan-14,13828.74,-595.5,-0.0412999999999999,27944,Total War: ROME II - Emperor Edition,214950
Dec-13,14424.24,1159.02,0.0874,27554,Total War: ROME II - Emperor Edition,214950
Nov-13,13265.22,-4970.92,-0.2726,28872,Total War: ROME II - Emperor Edition,214950
Oct-13,18236.14,-16697.79,-0.478,37686,Total War: ROME II - Emperor Edition,214950
Sep-13,34933.93,-,0.0,118240,Total War: ROME II - Emperor Edition,214950
Sep-25,7534.3,-1164.41,-0.1339,12267,MapleStory,216150
Aug-25,8698.72,-350.18,-0.0387,12833,MapleStory,216150
Jul-25,9048.9,-941.62,-0.0943,13021,MapleStory,216150
Jun-25,9990.52,1179.3,0.1338,16855,MapleStory,216150
May-25,8811.22,1796.03,0.256,12756,MapleStory,216150
Apr-25,7015.19,716.3,0.1137,12155,MapleStory,216150
Mar-25,6298.89,75.94,0.0121999999999999,9913,MapleStory,216150
Feb-25,6222.96,-590.97,-0.0867,8759,MapleStory,216150
Jan-25,6813.93,-214.16,-0.0305,9694,MapleStory,216150
Dec-24,7028.09,608.24,0.0947,11329,MapleStory,216150
Nov-24,6419.85,819.49,0.1463,11023,MapleStory,216150
Oct-24,5600.36,-307.36,-0.052,7767,MapleStory,216150
Sep-24,5907.73,-988.39,-0.1433,8939,MapleStory,216150
Aug-24,6896.12,-283.78,-0.0395,10241,MapleStory,216150
Jul-24,7179.9,23.85,0.0033,10967,MapleStory,216150
Jun-24,7156.05,1581.43,0.2837,12316,MapleStory,216150
May-24,5574.62,861.17,0.1827,8566,MapleStory,216150
Apr-24,4713.45,460.97,0.1084,7421,MapleStory,216150
Mar-24,4252.48,-768.51,-0.1531,6430,MapleStory,216150
Feb-24,5020.99,-5007.2,-0.4993,8919,MapleStory,216150
Jan-24,10028.19,2695.88,0.3677,13831,MapleStory,216150
Dec-23,7332.31,1886.41,0.3464,12746,MapleStory,216150
Nov-23,5445.9,702.78,0.1482,9876,MapleStory,216150
Oct-23,4743.12,-185.38,-0.0375999999999999,6999,MapleStory,216150
Sep-23,4928.5,-130.17,-0.0256999999999999,7561,MapleStory,216150
Aug-23,5058.67,33.98,0.0068,8729,MapleStory,216150
Jul-23,5024.69,718.01,0.1667,7368,MapleStory,216150
Jun-23,4306.68,1165.81,0.3712,7569,MapleStory,216150
May-23,3140.87,-50.4,-0.0158,4489,MapleStory,216150
Apr-23,3191.27,-46.63,-0.0144,5027,MapleStory,216150
Mar-23,3237.9,-26.09,-0.008,5684,MapleStory,216150
Feb-23,3263.99,-237.62,-0.0679,5105,MapleStory,216150
Jan-23,3501.61,-15.1,-0.0043,5452,MapleStory,216150
Dec-22,3516.71,207.55,0.0626999999999999,5778,MapleStory,216150
Nov-22,3309.16,611.8,0.2268,7015,MapleStory,216150
Oct-22,2697.36,-22.52,-0.0083,4301,MapleStory,216150
Sep-22,2719.88,-381.6,-0.123,4047,MapleStory,216150
Aug-22,3101.49,-452.22,-0.1273,5590,MapleStory,216150
Jul-22,3553.7,344.1,0.1072,6883,MapleStory,216150
Jun-22,3209.6,1038.53,0.4784,7221,MapleStory,216150
May-22,2171.07,579.66,0.3642,3055,MapleStory,216150
Apr-22,1591.41,77.71,0.0513,2655,MapleStory,216150
Mar-22,1513.7,-373.83,-0.1981,2505,MapleStory,216150
Feb-22,1887.53,-390.61,-0.1714999999999999,3037,MapleStory,216150
Jan-22,2278.14,111.1,0.0513,3582,MapleStory,216150
Dec-21,2167.03,-46.45,-0.021,3537,MapleStory,216150
Nov-21,2213.48,199.72,0.0992,3322,MapleStory,216150
Oct-21,2013.77,-240.01,-0.1065,3109,MapleStory,216150
Sep-21,2253.78,37.14,0.0168,3265,MapleStory,216150
Aug-21,2216.64,-151.38,-0.0639,3277,MapleStory,216150
Jul-21,2368.02,-289.37,-0.1089,3446,MapleStory,216150
Jun-21,2657.39,114.74,0.0451,3965,MapleStory,216150
May-21,2542.65,262.91,0.1153,3634,MapleStory,216150
Apr-21,2279.74,51.86,0.0233,3652,MapleStory,216150
Mar-21,2227.88,48.42,0.0222,3873,MapleStory,216150
Feb-21,2179.46,-339.66,-0.1348,3486,MapleStory,216150
Jan-21,2519.12,24.8,0.0098999999999999,3849,MapleStory,216150
Dec-20,2494.31,702.46,0.392,3956,MapleStory,216150
Nov-20,1791.85,107.2,0.0636,3311,MapleStory,216150
Oct-20,1684.65,-491.52,-0.2259,2749,MapleStory,216150
Sep-20,2176.18,-301.62,-0.1217,3103,MapleStory,216150
Aug-20,2477.79,-626.6,-0.2018,3767,MapleStory,216150
Jul-20,3104.4,77.44,0.0256,4918,MapleStory,216150
Jun-20,3026.96,116.4,0.04,4683,MapleStory,216150
May-20,2910.55,720.37,0.3289,3942,MapleStory,216150
Apr-20,2190.18,1049.42,0.9199,3949,MapleStory,216150
Mar-20,1140.76,334.36,0.4146,2545,MapleStory,216150
Feb-20,806.4,-511.64,-0.3882,1277,MapleStory,216150
Jan-20,1318.04,-99.34,-0.0701,1862,MapleStory,216150
Dec-19,1417.38,587.53,0.708,2017,MapleStory,216150
Nov-19,829.85,204.65,0.3273,1809,MapleStory,216150
Oct-19,625.2,-185.95,-0.2292,1054,MapleStory,216150
Sep-19,811.14,-364.67,-0.3101,1171,MapleStory,216150
Aug-19,1175.82,-233.56,-0.1657,1645,MapleStory,216150
Jul-19,1409.38,26.25,0.019,2041,MapleStory,216150
Jun-19,1383.13,627.87,0.8312999999999999,2322,MapleStory,216150
May-19,755.27,275.96,0.5757,1158,MapleStory,216150
Apr-19,479.31,8.11,0.0172,799,MapleStory,216150
Mar-19,471.2,-95.15,-0.168,896,MapleStory,216150
Feb-19,566.35,-271.29,-0.3239,867,MapleStory,216150
Jan-19,837.63,-93.76,-0.1007,1296,MapleStory,216150
Dec-18,931.39,290.12,0.4524,1364,MapleStory,216150
Nov-18,641.27,72.07,0.1266,1205,MapleStory,216150
Oct-18,569.2,-137.34,-0.1944,1086,MapleStory,216150
Sep-18,706.55,-411.31,-0.3679,1153,MapleStory,216150
Aug-18,1117.86,-381.13,-0.2542999999999999,2574,MapleStory,216150
Jul-18,1498.99,547.14,0.5748,2158,MapleStory,216150
Jun-18,951.84,38.8,0.0425,2183,MapleStory,216150
May-18,913.04,-194.69,-0.1757999999999999,1600,MapleStory,216150
Apr-18,1107.73,342.2,0.447,1711,MapleStory,216150
Mar-18,765.53,8.96,0.0118,1314,MapleStory,216150
Feb-18,756.58,-232.97,-0.2354,1260,MapleStory,216150
Jan-18,989.55,-476.65,-0.3251,2080,MapleStory,216150
Dec-17,1466.2,705.18,0.9266,2315,MapleStory,216150
Nov-17,761.03,101.94,0.1547,1565,MapleStory,216150
Oct-17,659.09,36.87,0.0592,1137,MapleStory,216150
Sep-17,622.22,-390.3,-0.3854999999999999,1063,MapleStory,216150
Aug-17,1012.53,-90.89,-0.0824,1645,MapleStory,216150
Jul-17,1103.42,275.93,0.3335,1847,MapleStory,216150
Jun-17,827.49,124.61,0.1773,1610,MapleStory,216150
May-17,702.88,-10.9,-0.0153,1309,MapleStory,216150
Apr-17,713.78,134.06,0.2312,1203,MapleStory,216150
Mar-17,579.72,-125.45,-0.1779,1077,MapleStory,216150
Feb-17,705.17,-389.52,-0.3558,1283,MapleStory,216150
Jan-17,1094.69,-431.01,-0.2825,2099,MapleStory,216150
Dec-16,1525.7,930.14,1.5618,3057,MapleStory,216150
Nov-16,595.56,204.39,0.5225,1655,MapleStory,216150
Oct-16,391.17,-44.53,-0.1022,803,MapleStory,216150
Sep-16,435.7,-209.14,-0.3243,943,MapleStory,216150
Aug-16,644.83,-179.08,-0.2173999999999999,1618,MapleStory,216150
Jul-16,823.92,187.78,0.2952,1745,MapleStory,216150
Jun-16,636.13,187.99,0.4195,1879,MapleStory,216150
May-16,448.14,-29.8,-0.0624,945,MapleStory,216150
Apr-16,477.94,4.32,0.0091,913,MapleStory,216150
Mar-16,473.62,-54.13,-0.1026,963,MapleStory,216150
Feb-16,527.75,-284.53,-0.3503,1262,MapleStory,216150
Jan-16,812.27,-587.27,-0.4196,1756,MapleStory,216150
Dec-15,1399.54,926.52,1.9588,3503,MapleStory,216150
Nov-15,473.02,96.16,0.2552,992,MapleStory,216150
Oct-15,376.85,-28.68,-0.0707,846,MapleStory,216150
Sep-15,405.54,-198.09,-0.3282,916,MapleStory,216150
Aug-15,603.62,-65.36,-0.0977,1134,MapleStory,216150
Jul-15,668.99,160.99,0.3169,1427,MapleStory,216150
Jun-15,508.0,-24.18,-0.0454,974,MapleStory,216150
May-15,532.18,111.57,0.2653,1090,MapleStory,216150
Apr-15,420.61,-4.45,-0.0105,912,MapleStory,216150
Mar-15,425.06,37.52,0.0968,999,MapleStory,216150
Feb-15,387.54,35.61,0.1012,756,MapleStory,216150
Jan-15,351.93,51.26,0.1705,715,MapleStory,216150
Dec-14,300.67,20.17,0.0719,804,MapleStory,216150
Nov-14,280.49,12.44,0.0464,625,MapleStory,216150
Oct-14,268.06,-6.9,-0.0250999999999999,492,MapleStory,216150
Sep-14,274.96,-149.13,-0.3517,595,MapleStory,216150
Aug-14,424.09,-204.74,-0.3256,923,MapleStory,216150
Jul-14,628.83,229.84,0.5761,1272,MapleStory,216150
Jun-14,398.99,103.31,0.3494,746,MapleStory,216150
May-14,295.68,36.35,0.1402,600,MapleStory,216150
Apr-14,259.33,-7.31,-0.0274,586,MapleStory,216150
Mar-14,266.64,41.83,0.186,656,MapleStory,216150
Feb-14,224.82,-120.02,-0.348,490,MapleStory,216150
Jan-14,344.83,-202.42,-0.3699,801,MapleStory,216150
Dec-13,547.26,211.41,0.6295000000000001,1428,MapleStory,216150
Nov-13,335.84,117.68,0.5394,750,MapleStory,216150
Oct-13,218.16,-65.77,-0.2316,579,MapleStory,216150
Sep-13,283.93,-109.42,-0.2782,740,MapleStory,216150
Aug-13,393.35,139.72,0.5509000000000001,677,MapleStory,216150
Jul-13,253.63,-139.44,-0.3547,686,MapleStory,216150
Jun-13,393.07,-71.6,-0.1541,845,MapleStory,216150
May-13,464.67,-73.68,-0.1369,1044,MapleStory,216150
Apr-13,538.35,91.93,0.2059,1192,MapleStory,216150
Mar-13,446.42,-94.69,-0.175,1069,MapleStory,216150
Feb-13,541.11,-205.36,-0.2751,1324,MapleStory,216150
Jan-13,746.47,-39.68,-0.0504999999999999,1857,MapleStory,216150
Dec-12,786.15,417.31,1.1314,1905,MapleStory,216150
Nov-12,368.84,14.07,0.0397,810,MapleStory,216150
Oct-12,354.77,-177.14,-0.3329999999999999,920,MapleStory,216150
Sep-12,531.91,-544.9,-0.506,1582,MapleStory,216150
Aug-12,1076.81,-,0.0,2384,MapleStory,216150
Sep-25,24576.7,-2479.65,-0.0916,36985,PAYDAY 2,218620
Aug-25,27056.35,1068.3,0.0411,34218,PAYDAY 2,218620
Jul-25,25988.04,-1792.35,-0.0645,36394,PAYDAY 2,218620
Jun-25,27780.39,7659.5,0.3807,42341,PAYDAY 2,218620
May-25,20120.9,1495.95,0.0803,31378,PAYDAY 2,218620
Apr-25,18624.94,5410.13,0.4094,25901,PAYDAY 2,218620
Mar-25,13214.82,2294.09,0.2101,29253,PAYDAY 2,218620
Feb-25,10920.73,-13992.89,-0.5617,28647,PAYDAY 2,218620
Jan-25,24913.62,-2294.67,-0.0843,35455,PAYDAY 2,218620
Dec-24,27208.29,12942.46,0.9072,38640,PAYDAY 2,218620
Nov-24,14265.83,3243.32,0.2942,32404,PAYDAY 2,218620
Oct-24,11022.51,-1209.85,-0.0989,28659,PAYDAY 2,218620
Sep-24,12232.35,-3276.32,-0.2113,19013,PAYDAY 2,218620
Aug-24,15508.67,-2652.63,-0.1461,22580,PAYDAY 2,218620
Jul-24,18161.3,-3369.61,-0.1565,26298,PAYDAY 2,218620
Jun-24,21530.92,-1682.47,-0.0725,49489,PAYDAY 2,218620
May-24,23213.38,-332.43,-0.0141,34887,PAYDAY 2,218620
Apr-24,23545.81,1089.66,0.0484999999999999,36623,PAYDAY 2,218620
Mar-24,22456.15,-992.05,-0.0423,35646,PAYDAY 2,218620
Feb-24,23448.2,-2808.15,-0.107,41818,PAYDAY 2,218620
Jan-24,26256.36,214.68,0.0081999999999999,45479,PAYDAY 2,218620
Dec-23,26041.68,-424.2,-0.016,45653,PAYDAY 2,218620
Nov-23,26465.88,832.89,0.0325,49864,PAYDAY 2,218620
Oct-23,25632.99,-2725.08,-0.0960999999999999,55426,PAYDAY 2,218620
Sep-23,28358.07,-1103.82,-0.0375,47485,PAYDAY 2,218620
Aug-23,29461.89,-1014.9,-0.0333,51177,PAYDAY 2,218620
Jul-23,30476.78,8929.61,0.4144,54359,PAYDAY 2,218620
Jun-23,21547.18,6321.18,0.4152,59467,PAYDAY 2,218620
May-23,15226.0,-11513.96,-0.4306,32278,PAYDAY 2,218620
Apr-23,26739.95,-5317.45,-0.1659,69634,PAYDAY 2,218620
Mar-23,32057.4,-2646.42,-0.0762999999999999,58020,PAYDAY 2,218620
Feb-23,34703.82,-3497.97,-0.0916,61917,PAYDAY 2,218620
Jan-23,38201.79,5249.93,0.1593,69105,PAYDAY 2,218620
Dec-22,32951.86,2549.65,0.0839,72662,PAYDAY 2,218620
Nov-22,30402.21,-2240.8,-0.0686,52367,PAYDAY 2,218620
Oct-22,32643.01,-2674.48,-0.0757,57402,PAYDAY 2,218620
Sep-22,35317.49,-876.84,-0.0242,58808,PAYDAY 2,218620
Aug-22,36194.33,-2590.77,-0.0668,66075,PAYDAY 2,218620
Jul-22,38785.1,7198.15,0.2279,68553,PAYDAY 2,218620
Jun-22,31586.95,890.77,0.0289999999999999,48181,PAYDAY 2,218620
May-22,30696.18,793.91,0.0266,54236,PAYDAY 2,218620
Apr-22,29902.27,-709.21,-0.0232,47026,PAYDAY 2,218620
Mar-22,30611.48,411.69,0.0136,47441,PAYDAY 2,218620
Feb-22,30199.79,-4506.94,-0.1299,47197,PAYDAY 2,218620
Jan-22,34706.73,1427.35,0.0429,48448,PAYDAY 2,218620
Dec-21,33279.38,4132.94,0.1418,61808,PAYDAY 2,218620
Nov-21,29146.44,-1321.09,-0.0434,50760,PAYDAY 2,218620
Oct-21,30467.53,1228.29,0.042,46063,PAYDAY 2,218620
Sep-21,29239.24,-574.96,-0.0192999999999999,45922,PAYDAY 2,218620
Aug-21,29814.2,377.61,0.0128,52717,PAYDAY 2,218620
Jul-21,29436.59,-2168.46,-0.0686,55910,PAYDAY 2,218620
Jun-21,31605.04,-3159.22,-0.0909,54149,PAYDAY 2,218620
May-21,34764.26,3520.43,0.1127,57332,PAYDAY 2,218620
Apr-21,31243.83,6676.38,0.2718,53849,PAYDAY 2,218620
Mar-21,24567.44,-1597.38,-0.0611,34707,PAYDAY 2,218620
Feb-21,26164.82,-3036.36,-0.104,44327,PAYDAY 2,218620
Jan-21,29201.19,-841.71,-0.0279999999999999,54841,PAYDAY 2,218620
Dec-20,30042.9,-1956.74,-0.0611,56740,PAYDAY 2,218620
Nov-20,31999.64,2252.7,0.0757,57837,PAYDAY 2,218620
Oct-20,29746.94,1251.17,0.0438999999999999,54123,PAYDAY 2,218620
Sep-20,28495.77,-3223.18,-0.1016,45610,PAYDAY 2,218620
Aug-20,31718.94,1069.12,0.0349,46799,PAYDAY 2,218620
Jul-20,30649.83,1251.36,0.0426,48473,PAYDAY 2,218620
Jun-20,29398.47,-5939.69,-0.1681,56703,PAYDAY 2,218620
May-20,35338.15,10018.62,0.3957,61728,PAYDAY 2,218620
Apr-20,25319.54,4291.6,0.2041,39419,PAYDAY 2,218620
Mar-20,21027.94,2472.53,0.1333,36273,PAYDAY 2,218620
Feb-20,18555.42,-1738.67,-0.0857,31830,PAYDAY 2,218620
Jan-20,20294.08,-3999.36,-0.1646,39376,PAYDAY 2,218620
Dec-19,24293.44,-4227.38,-0.1482,37817,PAYDAY 2,218620
Nov-19,28520.82,17154.53,1.5092,56187,PAYDAY 2,218620
Oct-19,11366.29,1832.86,0.1923,27181,PAYDAY 2,218620
Sep-19,9533.44,-1458.47,-0.1326999999999999,15128,PAYDAY 2,218620
Aug-19,10991.91,-3428.34,-0.2377,17440,PAYDAY 2,218620
Jul-19,14420.25,4764.16,0.4934,23207,PAYDAY 2,218620
Jun-19,9656.1,366.31,0.0394,18877,PAYDAY 2,218620
May-19,9289.78,1366.54,0.1725,21198,PAYDAY 2,218620
Apr-19,7923.24,229.12,0.0298,13599,PAYDAY 2,218620
Mar-19,7694.13,-850.54,-0.0994999999999999,12873,PAYDAY 2,218620
Feb-19,8544.67,-1012.03,-0.1059,14436,PAYDAY 2,218620
Jan-19,9556.7,-4353.67,-0.313,15172,PAYDAY 2,218620
Dec-18,13910.37,-605.16,-0.0417,22339,PAYDAY 2,218620
Nov-18,14515.53,1952.46,0.1553999999999999,24849,PAYDAY 2,218620
Oct-18,12563.07,164.34,0.0133,21503,PAYDAY 2,218620
Sep-18,12398.73,-3615.84,-0.2257999999999999,20667,PAYDAY 2,218620
Aug-18,16014.57,-7860.96,-0.3292,23537,PAYDAY 2,218620
Jul-18,23875.53,-2004.75,-0.0775,38734,PAYDAY 2,218620
Jun-18,25880.28,-1088.76,-0.0404,40947,PAYDAY 2,218620
May-18,26969.03,-1520.79,-0.0533999999999999,48832,PAYDAY 2,218620
Apr-18,28489.83,-3312.81,-0.1042,90893,PAYDAY 2,218620
Mar-18,31802.64,-1231.99,-0.0373,58940,PAYDAY 2,218620
Feb-18,33034.63,223.72,0.0068,51694,PAYDAY 2,218620
Jan-18,32810.9,-3975.21,-0.1081,55630,PAYDAY 2,218620
Dec-17,36786.11,-266.15,-0.0072,57345,PAYDAY 2,218620
Nov-17,37052.26,-6166.42,-0.1427,57822,PAYDAY 2,218620
Oct-17,43218.68,6848.68,0.1883,92426,PAYDAY 2,218620
Sep-17,36370.0,-5215.08,-0.1253999999999999,56590,PAYDAY 2,218620
Aug-17,41585.08,-13541.32,-0.2455999999999999,62561,PAYDAY 2,218620
Jul-17,55126.4,-25653.48,-0.3176,99900,PAYDAY 2,218620
Jun-17,80779.88,71820.89,8.0166,247628,PAYDAY 2,218620
May-17,8958.99,-7246.81,-0.4472,16274,PAYDAY 2,218620
Apr-17,16205.8,9041.22,1.2619,52906,PAYDAY 2,218620
Mar-17,7164.58,-3621.9,-0.3358,13400,PAYDAY 2,218620
Feb-17,10786.49,974.18,0.0993,26869,PAYDAY 2,218620
Jan-17,9812.31,154.22,0.016,20706,PAYDAY 2,218620
Dec-16,9658.08,-970.9,-0.0913,20295,PAYDAY 2,218620
Nov-16,10628.98,-3914.51,-0.2692,25703,PAYDAY 2,218620
Oct-16,14543.49,6702.36,0.8548,41053,PAYDAY 2,218620
Sep-16,7841.13,-522.42,-0.0625,20667,PAYDAY 2,218620
Aug-16,8363.55,-6136.75,-0.4232,13300,PAYDAY 2,218620
Jul-16,14500.3,-352.05,-0.0237,34862,PAYDAY 2,218620
Jun-16,14852.36,7765.67,1.0958,43415,PAYDAY 2,218620
May-16,7086.68,-4110.22,-0.3671,14320,PAYDAY 2,218620
Apr-16,11196.9,-459.16,-0.0394,31146,PAYDAY 2,218620
Mar-16,11656.06,284.74,0.025,39426,PAYDAY 2,218620
Feb-16,11371.32,-4476.37,-0.2825,25887,PAYDAY 2,218620
Jan-16,15847.69,2758.37,0.2107,32383,PAYDAY 2,218620
Dec-15,13089.32,-571.28,-0.0418,28093,PAYDAY 2,218620
Nov-15,13660.61,-3386,-0.1986,39452,PAYDAY 2,218620
Oct-15,17046.6,5148.5,0.4327,52376,PAYDAY 2,218620
Sep-15,11898.11,-4551.91,-0.2767,24367,PAYDAY 2,218620
Aug-15,16450.02,4131.55,0.3354,63535,PAYDAY 2,218620
Jul-15,12318.47,-1354.94,-0.0991,21018,PAYDAY 2,218620
Jun-15,13673.41,5794.04,0.7353000000000001,33870,PAYDAY 2,218620
May-15,7879.36,-3638.94,-0.3159,13968,PAYDAY 2,218620
Apr-15,11518.3,-15512.93,-0.5739,27669,PAYDAY 2,218620
Mar-15,27031.23,18233.41,2.0725,81105,PAYDAY 2,218620
Feb-15,8797.82,-5376.9,-0.3792999999999999,15942,PAYDAY 2,218620
Jan-15,14174.72,-1738.42,-0.1092,32516,PAYDAY 2,218620
Dec-14,15913.14,-3874.48,-0.1957999999999999,30874,PAYDAY 2,218620
Nov-14,19787.63,-2978.44,-0.1308,59664,PAYDAY 2,218620
Oct-14,22766.07,12909.54,1.3097,72242,PAYDAY 2,218620
Sep-14,9856.53,-3721.72,-0.2741,20422,PAYDAY 2,218620
Aug-14,13578.25,-10137.08,-0.4274,24444,PAYDAY 2,218620
Jul-14,23715.34,3920.25,0.198,57166,PAYDAY 2,218620
Jun-14,19795.08,13524.21,2.1567,63749,PAYDAY 2,218620
May-14,6270.88,-1214.67,-0.1623,37936,PAYDAY 2,218620
Apr-14,7485.55,-2486.07,-0.2493,15132,PAYDAY 2,218620
Mar-14,9971.62,5038.07,1.0212,55122,PAYDAY 2,218620
Feb-14,4933.55,-2157.88,-0.3043,11440,PAYDAY 2,218620
Jan-14,7091.43,-204.69,-0.0281,16595,PAYDAY 2,218620
Dec-13,7296.12,1782.46,0.3233,16216,PAYDAY 2,218620
Nov-13,5513.66,125.18,0.0232,15145,PAYDAY 2,218620
Oct-13,5388.48,-5583.66,-0.5089,11033,PAYDAY 2,218620
Sep-13,10972.14,-5678,-0.341,26789,PAYDAY 2,218620
Aug-13,16650.14,16642.65,2223.4632,57346,PAYDAY 2,218620
Jul-13,7.49,-5.79,-0.4361,29,PAYDAY 2,218620
Jun-13,13.27,5.69,0.7505,49,PAYDAY 2,218620
May-13,7.58,3.58,0.8952,30,PAYDAY 2,218620
Apr-13,4.0,-0.06,-0.0141999999999999,22,PAYDAY 2,218620
Mar-13,4.06,-1.34,-0.2483,24,PAYDAY 2,218620
Feb-13,5.4,3.92,2.6391000000000004,24,PAYDAY 2,218620
Jan-13,1.48,1.48,0.0,19,PAYDAY 2,218620
Dec-12,0.0,0,0.0,0,PAYDAY 2,218620
Nov-12,0.0,0,0.0,0,PAYDAY 2,218620
Oct-12,0.0,0,0.0,0,PAYDAY 2,218620
Sep-12,0.0,0,0.0,0,PAYDAY 2,218620
Aug-12,0.0,-,0.0,0,PAYDAY 2,218620
Sep-25,37019.47,806.34,0.0223,68651,DayZ,221100
Aug-25,36213.13,-994.22,-0.0266999999999999,64421,DayZ,221100
Jul-25,37207.34,-518.5,-0.0137,65650,DayZ,221100
Jun-25,37725.84,2415.55,0.0684,67770,DayZ,221100
May-25,35310.29,-895.66,-0.0247,63516,DayZ,221100
Apr-25,36205.95,-5190.7,-0.1253999999999999,64022,DayZ,221100
Mar-25,41396.66,1862.23,0.0471,75508,DayZ,221100
Feb-25,39534.43,-513.13,-0.0128,69719,DayZ,221100
Jan-25,40047.56,2245.74,0.0594,71221,DayZ,221100
Dec-24,37801.82,-1332,-0.034,67421,DayZ,221100
Nov-24,39133.82,1196.25,0.0315,74708,DayZ,221100
Oct-24,37937.58,4662.53,0.1401,78739,DayZ,221100
Sep-24,33275.04,-304.95,-0.0091,60240,DayZ,221100
Aug-24,33579.99,-462.62,-0.0136,59405,DayZ,221100
Jul-24,34042.61,-1055.51,-0.0301,59506,DayZ,221100
Jun-24,35098.12,1889.13,0.0569,64338,DayZ,221100
May-24,33208.99,-2443.35,-0.0684999999999999,58693,DayZ,221100
Apr-24,35652.34,-2901.85,-0.0753,63829,DayZ,221100
Mar-24,38554.18,1451.29,0.0391,66944,DayZ,221100
Feb-24,37102.9,-3605.96,-0.0886,69951,DayZ,221100
Jan-24,40708.85,3105.28,0.0825999999999999,73336,DayZ,221100
Dec-23,37603.58,-510.13,-0.0134,64044,DayZ,221100
Nov-23,38113.71,5873.78,0.1822,69372,DayZ,221100
Oct-23,32239.92,1336.06,0.0432,58535,DayZ,221100
Sep-23,30903.86,-1340.14,-0.0416,54453,DayZ,221100
Aug-23,32244.01,-2756.78,-0.0788,56657,DayZ,221100
Jul-23,35000.79,1780.43,0.0536,58774,DayZ,221100
Jun-23,33220.35,874.28,0.027,59394,DayZ,221100
May-23,32346.07,-2643.27,-0.0755,58204,DayZ,221100
Apr-23,34989.34,996.95,0.0293,59757,DayZ,221100
Mar-23,33992.39,-70.51,-0.0021,61054,DayZ,221100
Feb-23,34062.9,-2163.75,-0.0596999999999999,60229,DayZ,221100
Jan-23,36226.65,6212.82,0.207,63040,DayZ,221100
Dec-22,30013.83,-474.34,-0.0156,50730,DayZ,221100
Nov-22,30488.17,691.77,0.0232,54609,DayZ,221100
Oct-22,29796.4,1317.8,0.0463,57176,DayZ,221100
Sep-22,28478.6,664.58,0.0239,52106,DayZ,221100
Aug-22,27814.02,-1339.38,-0.0458999999999999,48116,DayZ,221100
Jul-22,29153.4,659.57,0.0231,47882,DayZ,221100
Jun-22,28493.83,-399.72,-0.0138,52546,DayZ,221100
May-22,28893.55,-562.24,-0.0191,53887,DayZ,221100
Apr-22,29455.79,4044.41,0.1592,58240,DayZ,221100
Mar-22,25411.39,-2025.24,-0.0738,43824,DayZ,221100
Feb-22,27436.63,-3654.05,-0.1175,47123,DayZ,221100
Jan-22,31090.68,5108.16,0.1966,52696,DayZ,221100
Dec-21,25982.52,1506.65,0.0616,44592,DayZ,221100
Nov-21,24475.87,2512.33,0.1144,45973,DayZ,221100
Oct-21,21963.53,1755.77,0.0868999999999999,39337,DayZ,221100
Sep-21,20207.77,-1276.11,-0.0594,34974,DayZ,221100
Aug-21,21483.87,2361.59,0.1235,35452,DayZ,221100
Jul-21,19122.29,-99.02,-0.0052,32102,DayZ,221100
Jun-21,19221.3,-2091.97,-0.0982,34348,DayZ,221100
May-21,21313.27,1690.69,0.0862,35936,DayZ,221100
Apr-21,19622.58,-472.73,-0.0235,34882,DayZ,221100
Mar-21,20095.31,-2129.16,-0.0958,34161,DayZ,221100
Feb-21,22224.47,-4111.56,-0.1561,38533,DayZ,221100
Jan-21,26336.03,3524.05,0.1545,45236,DayZ,221100
Dec-20,22811.98,3449.2,0.1780999999999999,40337,DayZ,221100
Nov-20,19362.78,909.1,0.0493,33979,DayZ,221100
Oct-20,18453.68,-1441.99,-0.0725,30755,DayZ,221100
Sep-20,19895.67,5916.66,0.4233,36728,DayZ,221100
Aug-20,13979.0,-360.71,-0.0252,24446,DayZ,221100
Jul-20,14339.71,342.83,0.0245,23958,DayZ,221100
Jun-20,13996.88,-2332.09,-0.1427999999999999,24136,DayZ,221100
May-20,16328.97,-1175.31,-0.0670999999999999,35397,DayZ,221100
Apr-20,17504.27,1976.85,0.1273,28096,DayZ,221100
Mar-20,15527.42,-2211.59,-0.1247,27255,DayZ,221100
Feb-20,17739.01,3007.3,0.2041,40545,DayZ,221100
Jan-20,14731.7,2170.67,0.1728,25661,DayZ,221100
Dec-19,12561.04,3594.89,0.4009,24254,DayZ,221100
Nov-19,8966.15,-495.68,-0.0524,16330,DayZ,221100
Oct-19,9461.83,813.6,0.0941,18461,DayZ,221100
Sep-19,8648.24,-1188.38,-0.1208,16901,DayZ,221100
Aug-19,9836.62,-817.61,-0.0767,18198,DayZ,221100
Jul-19,10654.23,1995.93,0.2305,18792,DayZ,221100
Jun-19,8658.3,1263.52,0.1709,16789,DayZ,221100
May-19,7394.78,755.62,0.1138,15139,DayZ,221100
Apr-19,6639.16,1578.33,0.3119,13118,DayZ,221100
Mar-19,5060.83,198.78,0.0409,9641,DayZ,221100
Feb-19,4862.05,-1532.61,-0.2397,9872,DayZ,221100
Jan-19,6394.66,-1491.82,-0.1892,13369,DayZ,221100
Dec-18,7886.47,3481.82,0.7905,29324,DayZ,221100
Nov-18,4404.65,2712.38,1.6028,12725,DayZ,221100
Oct-18,1692.27,-132.88,-0.0728,3577,DayZ,221100
Sep-18,1825.15,228.42,0.1431,4460,DayZ,221100
Aug-18,1596.73,-214.44,-0.1184,3292,DayZ,221100
Jul-18,1811.17,-952.6,-0.3447,3681,DayZ,221100
Jun-18,2763.77,531.09,0.2379,5752,DayZ,221100
May-18,2232.68,173.16,0.0841,6624,DayZ,221100
Apr-18,2059.52,-78.52,-0.0366999999999999,4457,DayZ,221100
Mar-18,2138.04,-21.99,-0.0102,4291,DayZ,221100
Feb-18,2160.03,-243.19,-0.1012,4347,DayZ,221100
Jan-18,2403.22,-46.77,-0.0191,4820,DayZ,221100
Dec-17,2449.99,111.29,0.0475999999999999,4733,DayZ,221100
Nov-17,2338.7,-6.53,-0.0028,4822,DayZ,221100
Oct-17,2345.23,49.91,0.0217,4855,DayZ,221100
Sep-17,2295.32,-314.38,-0.1205,4763,DayZ,221100
Aug-17,2609.7,-697.65,-0.2109,4777,DayZ,221100
Jul-17,3307.35,-1087.94,-0.2475,6587,DayZ,221100
Jun-17,4395.29,1232.96,0.3899,9354,DayZ,221100
May-17,3162.33,-326.93,-0.0936999999999999,6776,DayZ,221100
Apr-17,3489.26,-837.14,-0.1935,7406,DayZ,221100
Mar-17,4326.4,-334.69,-0.0718,8933,DayZ,221100
Feb-17,4661.09,-1183.96,-0.2026,9336,DayZ,221100
Jan-17,5845.04,390.87,0.0717,12926,DayZ,221100
Dec-16,5454.18,664.99,0.1389,14238,DayZ,221100
Nov-16,4789.18,407.89,0.0931,9381,DayZ,221100
Oct-16,4381.3,75.52,0.0175,8757,DayZ,221100
Sep-16,4305.78,-1031.53,-0.1932999999999999,8663,DayZ,221100
Aug-16,5337.31,-2665.8,-0.3331,10386,DayZ,221100
Jul-16,8003.11,-2141.27,-0.2110999999999999,17818,DayZ,221100
Jun-16,10144.38,4159.51,0.695,27880,DayZ,221100
May-16,5984.87,697.82,0.132,13335,DayZ,221100
Apr-16,5287.04,-706.31,-0.1177999999999999,10944,DayZ,221100
Mar-16,5993.36,-1267.1,-0.1745,13218,DayZ,221100
Feb-16,7260.46,-1068.96,-0.1283,13983,DayZ,221100
Jan-16,8329.42,888.95,0.1195,16423,DayZ,221100
Dec-15,7440.46,3061.72,0.6992,17740,DayZ,221100
Nov-15,4378.75,-1142.52,-0.2069,9325,DayZ,221100
Oct-15,5521.26,-1368.34,-0.1986,11606,DayZ,221100
Sep-15,6889.6,-1945.99,-0.2202,13017,DayZ,221100
Aug-15,8835.6,-180.94,-0.0200999999999999,23967,DayZ,221100
Jul-15,9016.54,216.47,0.0246,15586,DayZ,221100
Jun-15,8800.07,2275.54,0.3488,21240,DayZ,221100
May-15,6524.53,-2749.83,-0.2965,13104,DayZ,221100
Apr-15,9274.36,-4572.11,-0.3302,25784,DayZ,221100
Mar-15,13846.47,-1160.77,-0.0773,29190,DayZ,221100
Feb-15,15007.24,559.79,0.0387,29001,DayZ,221100
Jan-15,14447.45,-860.14,-0.0562,29335,DayZ,221100
Dec-14,15307.58,1982.87,0.1488,29338,DayZ,221100
Nov-14,13324.71,2615.82,0.2443,28241,DayZ,221100
Oct-14,10708.89,-1022.75,-0.0872,20483,DayZ,221100
Sep-14,11731.64,-3141.26,-0.2112,26024,DayZ,221100
Aug-14,14872.9,-248.74,-0.0163999999999999,26720,DayZ,221100
Jul-14,15121.64,603.1,0.0415,30532,DayZ,221100
Jun-14,14518.53,-2337.23,-0.1387,31586,DayZ,221100
May-14,16855.76,-1809.99,-0.0969999999999999,33525,DayZ,221100
Apr-14,18665.75,1117.44,0.0637,36653,DayZ,221100
Mar-14,17548.31,-4215.71,-0.1937,35993,DayZ,221100
Feb-14,21764.03,-1329.5,-0.0576,40857,DayZ,221100
Jan-14,23093.53,10621.92,0.8517,42545,DayZ,221100
Dec-13,12471.61,12466.69,2534.0245,45398,DayZ,221100
Nov-13,4.92,2.3,0.88,28,DayZ,221100
Oct-13,2.62,1.47,1.2762,23,DayZ,221100
Sep-13,1.15,-1.2,-0.5106,9,DayZ,221100
Aug-13,2.35,1.63,2.2801,28,DayZ,221100
Jul-13,0.72,0.11,0.1871,9,DayZ,221100
Jun-13,0.6,-0.04,-0.0549,10,DayZ,221100
May-13,0.64,0.29,0.8484,15,DayZ,221100
Apr-13,0.35,-0.49,-0.5881000000000001,6,DayZ,221100
Mar-13,0.84,-0.07,-0.0775,9,DayZ,221100
Feb-13,0.91,0.49,1.1745,9,DayZ,221100
Jan-13,0.42,0.09,0.2712,4,DayZ,221100
Dec-12,0.33,-0.13,-0.2878,5,DayZ,221100
Nov-12,0.46,0.33,2.5055,5,DayZ,221100
Oct-12,0.13,0.13,0.0,3,DayZ,221100
Sep-12,0.0,-,0.0,0,DayZ,221100
Sep-25,23801.93,-2413.32,-0.0921,49482,Euro Truck Simulator 2,227300
Aug-25,26215.25,-916.96,-0.0338,54442,Euro Truck Simulator 2,227300
Jul-25,27132.21,4465.91,0.1969999999999999,50456,Euro Truck Simulator 2,227300
Jun-25,22666.31,-93.62,-0.0040999999999999,45196,Euro Truck Simulator 2,227300
May-25,22759.92,-2163.35,-0.0868,47096,Euro Truck Simulator 2,227300
Apr-25,24923.27,-2715.18,-0.0982,52793,Euro Truck Simulator 2,227300
Mar-25,27638.45,-13.68,-0.0005,65513,Euro Truck Simulator 2,227300
Feb-25,27652.13,-4204.23,-0.132,54053,Euro Truck Simulator 2,227300
Jan-25,31856.36,-1903.39,-0.0564,65899,Euro Truck Simulator 2,227300
Dec-24,33759.75,8704.08,0.3474,69211,Euro Truck Simulator 2,227300
Nov-24,25055.67,446.88,0.0182,57089,Euro Truck Simulator 2,227300
Oct-24,24608.79,1684.06,0.0735,56879,Euro Truck Simulator 2,227300
Sep-24,22924.73,-1960.32,-0.0788,51506,Euro Truck Simulator 2,227300
Aug-24,24885.06,-7971.24,-0.2426,50027,Euro Truck Simulator 2,227300
Jul-24,32856.3,9149.77,0.386,67661,Euro Truck Simulator 2,227300
Jun-24,23706.53,-225.57,-0.0093999999999999,59819,Euro Truck Simulator 2,227300
May-24,23932.09,-13.14,-0.0005,50609,Euro Truck Simulator 2,227300
Apr-24,23945.23,-1410.64,-0.0556,51313,Euro Truck Simulator 2,227300
Mar-24,25355.88,1364.5,0.0569,52080,Euro Truck Simulator 2,227300
Feb-24,23991.38,-4613.67,-0.1613,50041,Euro Truck Simulator 2,227300
Jan-24,28605.05,-715.58,-0.0243999999999999,58929,Euro Truck Simulator 2,227300
Dec-23,29320.63,2200.04,0.0810999999999999,58281,Euro Truck Simulator 2,227300
Nov-23,27120.6,1013.21,0.0388,58928,Euro Truck Simulator 2,227300
Oct-23,26107.39,3589.97,0.1594,69695,Euro Truck Simulator 2,227300
Sep-23,22517.42,-2539.59,-0.1014,50231,Euro Truck Simulator 2,227300
Aug-23,25057.01,296.79,0.012,50607,Euro Truck Simulator 2,227300
Jul-23,24760.23,3919.05,0.188,43789,Euro Truck Simulator 2,227300
Jun-23,20841.18,-1964.34,-0.0861,41392,Euro Truck Simulator 2,227300
May-23,22805.52,-885.92,-0.0374,50606,Euro Truck Simulator 2,227300
Apr-23,23691.44,2310.79,0.1081,49275,Euro Truck Simulator 2,227300
Mar-23,21380.65,-839.82,-0.0378,46459,Euro Truck Simulator 2,227300
Feb-23,22220.47,-3192.06,-0.1256,48492,Euro Truck Simulator 2,227300
Jan-23,25412.54,2542.93,0.1112,55166,Euro Truck Simulator 2,227300
Dec-22,22869.61,2110.19,0.1016,48860,Euro Truck Simulator 2,227300
Nov-22,20759.42,-75.98,-0.0036,45506,Euro Truck Simulator 2,227300
Oct-22,20835.4,-95.6,-0.0046,45544,Euro Truck Simulator 2,227300
Sep-22,20931.0,934.18,0.0467,47708,Euro Truck Simulator 2,227300
Aug-22,19996.82,-513.59,-0.025,39128,Euro Truck Simulator 2,227300
Jul-22,20510.41,512.96,0.0256999999999999,38102,Euro Truck Simulator 2,227300
Jun-22,19997.44,295.37,0.015,38433,Euro Truck Simulator 2,227300
May-22,19702.08,-1637.17,-0.0767,39922,Euro Truck Simulator 2,227300
Apr-22,21339.25,560.1,0.027,50637,Euro Truck Simulator 2,227300
Mar-22,20779.15,-2886.99,-0.122,47618,Euro Truck Simulator 2,227300
Feb-22,23666.14,-3647.31,-0.1335,50065,Euro Truck Simulator 2,227300
Jan-22,27313.45,4678.76,0.2067,56796,Euro Truck Simulator 2,227300
Dec-21,22634.69,-921.4,-0.0391,49474,Euro Truck Simulator 2,227300
Nov-21,23556.09,3389.43,0.1681,51087,Euro Truck Simulator 2,227300
Oct-21,20166.66,-135.54,-0.0067,48697,Euro Truck Simulator 2,227300
Sep-21,20302.21,-129.46,-0.0063,43880,Euro Truck Simulator 2,227300
Aug-21,20431.67,-1678.58,-0.0759,37986,Euro Truck Simulator 2,227300
Jul-21,22110.24,1686.33,0.0825999999999999,42335,Euro Truck Simulator 2,227300
Jun-21,20423.92,-2493.35,-0.1088,41191,Euro Truck Simulator 2,227300
May-21,22917.26,-2164,-0.0863,48629,Euro Truck Simulator 2,227300
Apr-21,25081.27,4095.33,0.1951,59999,Euro Truck Simulator 2,227300
Mar-21,20985.94,-2652,-0.1122,46816,Euro Truck Simulator 2,227300
Feb-21,23637.94,-452.1,-0.0187999999999999,51888,Euro Truck Simulator 2,227300
Jan-21,24090.05,138.39,0.0058,51312,Euro Truck Simulator 2,227300
Dec-20,23951.65,3988.21,0.1998,53896,Euro Truck Simulator 2,227300
Nov-20,19963.44,837.38,0.0438,44320,Euro Truck Simulator 2,227300
Oct-20,19126.06,3283.56,0.2073,42180,Euro Truck Simulator 2,227300
Sep-20,15842.5,-1405.61,-0.0815,31409,Euro Truck Simulator 2,227300
Aug-20,17248.12,-2371.38,-0.1209,34063,Euro Truck Simulator 2,227300
Jul-20,19619.5,-189.44,-0.0096,34566,Euro Truck Simulator 2,227300
Jun-20,19808.94,-1206.83,-0.0574,37543,Euro Truck Simulator 2,227300
May-20,21015.77,-7651.53,-0.2669,43097,Euro Truck Simulator 2,227300
Apr-20,28667.3,8116.51,0.3949,60883,Euro Truck Simulator 2,227300
Mar-20,20550.79,1775.4,0.0946,52047,Euro Truck Simulator 2,227300
Feb-20,18775.39,-108.86,-0.0058,41328,Euro Truck Simulator 2,227300
Jan-20,18884.25,-2905.35,-0.1333,39419,Euro Truck Simulator 2,227300
Dec-19,21789.6,5038.56,0.3007999999999999,45971,Euro Truck Simulator 2,227300
Nov-19,16751.04,1015.2,0.0645,36287,Euro Truck Simulator 2,227300
Oct-19,15735.83,1103.37,0.0754,34019,Euro Truck Simulator 2,227300
Sep-19,14632.46,-818.19,-0.053,33390,Euro Truck Simulator 2,227300
Aug-19,15450.65,-2149.9,-0.1221,32214,Euro Truck Simulator 2,227300
Jul-19,17600.56,1305.97,0.0801,34601,Euro Truck Simulator 2,227300
Jun-19,16294.59,1277.21,0.085,30030,Euro Truck Simulator 2,227300
May-19,15017.38,338.43,0.0231,32452,Euro Truck Simulator 2,227300
Apr-19,14678.95,-1366.42,-0.0852,30514,Euro Truck Simulator 2,227300
Mar-19,16045.36,-1136.62,-0.0662,37381,Euro Truck Simulator 2,227300
Feb-19,17181.98,-1986.44,-0.1036,40925,Euro Truck Simulator 2,227300
Jan-19,19168.42,-949.16,-0.0472,40295,Euro Truck Simulator 2,227300
Dec-18,20117.58,4522.63,0.29,47581,Euro Truck Simulator 2,227300
Nov-18,15594.96,-149.2,-0.0095,40300,Euro Truck Simulator 2,227300
Oct-18,15744.16,-642.74,-0.0392,34761,Euro Truck Simulator 2,227300
Sep-18,16386.89,687.86,0.0438,40451,Euro Truck Simulator 2,227300
Aug-18,15699.03,-557.33,-0.0343,30993,Euro Truck Simulator 2,227300
Jul-18,16256.37,687.25,0.0441,30214,Euro Truck Simulator 2,227300
Jun-18,15569.11,583.89,0.039,32186,Euro Truck Simulator 2,227300
May-18,14985.22,2293.79,0.1807,39336,Euro Truck Simulator 2,227300
Apr-18,12691.43,-1279.23,-0.0916,27775,Euro Truck Simulator 2,227300
Mar-18,13970.67,-1859.72,-0.1175,30031,Euro Truck Simulator 2,227300
Feb-18,15830.38,-4148.1,-0.2076,33973,Euro Truck Simulator 2,227300
Jan-18,19978.48,-1333.39,-0.0626,42693,Euro Truck Simulator 2,227300
Dec-17,21311.87,7073.39,0.4968,47951,Euro Truck Simulator 2,227300
Nov-17,14238.48,2072.63,0.1704,35993,Euro Truck Simulator 2,227300
Oct-17,12165.85,-596.4,-0.0467,32404,Euro Truck Simulator 2,227300
Sep-17,12762.26,-1008.57,-0.0732,27569,Euro Truck Simulator 2,227300
Aug-17,13770.82,-2076.35,-0.131,26139,Euro Truck Simulator 2,227300
Jul-17,15847.17,2967.2,0.2304,30656,Euro Truck Simulator 2,227300
Jun-17,12879.98,-1245.63,-0.0882,28107,Euro Truck Simulator 2,227300
May-17,14125.61,3162.61,0.2885,41092,Euro Truck Simulator 2,227300
Apr-17,10963.0,1322.42,0.1372,24512,Euro Truck Simulator 2,227300
Mar-17,9640.58,-1487.84,-0.1336999999999999,21277,Euro Truck Simulator 2,227300
Feb-17,11128.42,-2916.8,-0.2077,24101,Euro Truck Simulator 2,227300
Jan-17,14045.22,1394.7,0.1101999999999999,31563,Euro Truck Simulator 2,227300
Dec-16,12650.52,3022.76,0.314,30580,Euro Truck Simulator 2,227300
Nov-16,9627.76,233.21,0.0248,25918,Euro Truck Simulator 2,227300
Oct-16,9394.55,788.77,0.0917,20451,Euro Truck Simulator 2,227300
Sep-16,8605.78,-939.84,-0.0984999999999999,18662,Euro Truck Simulator 2,227300
Aug-16,9545.62,-741.32,-0.0721,17422,Euro Truck Simulator 2,227300
Jul-16,10286.94,1370.78,0.1537,20773,Euro Truck Simulator 2,227300
Jun-16,8916.16,201.13,0.0231,19399,Euro Truck Simulator 2,227300
May-16,8715.03,1033.23,0.1344999999999999,18897,Euro Truck Simulator 2,227300
Apr-16,7681.8,-552.34,-0.0670999999999999,17611,Euro Truck Simulator 2,227300
Mar-16,8234.14,-1448.35,-0.1496,17046,Euro Truck Simulator 2,227300
Feb-16,9682.49,-3760.94,-0.2798,21205,Euro Truck Simulator 2,227300
Jan-16,13443.43,1918.39,0.1664999999999999,33173,Euro Truck Simulator 2,227300
Dec-15,11525.04,2951.17,0.3442,30310,Euro Truck Simulator 2,227300
Nov-15,8573.88,545.38,0.0679,23671,Euro Truck Simulator 2,227300
Oct-15,8028.5,697.66,0.0951999999999999,16940,Euro Truck Simulator 2,227300
Sep-15,7330.84,-726.34,-0.0901,16108,Euro Truck Simulator 2,227300
Aug-15,8057.18,463.21,0.061,15528,Euro Truck Simulator 2,227300
Jul-15,7593.97,-1101.37,-0.1267,13984,Euro Truck Simulator 2,227300
Jun-15,8695.34,782.7,0.0989,21918,Euro Truck Simulator 2,227300
May-15,7912.64,2538.68,0.4724,17014,Euro Truck Simulator 2,227300
Apr-15,5373.96,-72.59,-0.0133,11845,Euro Truck Simulator 2,227300
Mar-15,5446.55,-792.3,-0.127,11922,Euro Truck Simulator 2,227300
Feb-15,6238.86,-1460.5,-0.1896999999999999,12517,Euro Truck Simulator 2,227300
Jan-15,7699.35,-1030.97,-0.1181,20343,Euro Truck Simulator 2,227300
Dec-14,8730.33,3595.88,0.7003,21649,Euro Truck Simulator 2,227300
Nov-14,5134.44,215.18,0.0437,18306,Euro Truck Simulator 2,227300
Oct-14,4919.26,533.71,0.1217,11902,Euro Truck Simulator 2,227300
Sep-14,4385.56,-270.11,-0.0579999999999999,9203,Euro Truck Simulator 2,227300
Aug-14,4655.67,63.69,0.0139,9470,Euro Truck Simulator 2,227300
Jul-14,4591.98,291.26,0.0677,9174,Euro Truck Simulator 2,227300
Jun-14,4300.72,909.29,0.2681,12269,Euro Truck Simulator 2,227300
May-14,3391.42,1283.56,0.6089,7423,Euro Truck Simulator 2,227300
Apr-14,2107.86,530.78,0.3365999999999999,6028,Euro Truck Simulator 2,227300
Mar-14,1577.08,1.97,0.0013,3071,Euro Truck Simulator 2,227300
Feb-14,1575.11,-717.58,-0.313,3282,Euro Truck Simulator 2,227300
Jan-14,2292.69,-154.27,-0.063,6410,Euro Truck Simulator 2,227300
Dec-13,2446.96,1083.27,0.7944,7102,Euro Truck Simulator 2,227300
Nov-13,1363.69,159.28,0.1322,5861,Euro Truck Simulator 2,227300
Oct-13,1204.41,71.31,0.0629,3962,Euro Truck Simulator 2,227300
Sep-13,1133.11,96.04,0.0926,2802,Euro Truck Simulator 2,227300
Aug-13,1037.07,-328.58,-0.2405999999999999,2326,Euro Truck Simulator 2,227300
Jul-13,1365.65,877.63,1.7983000000000002,5165,Euro Truck Simulator 2,227300
Jun-13,488.02,-129.96,-0.2103,977,Euro Truck Simulator 2,227300
May-13,617.98,-165.64,-0.2114,1336,Euro Truck Simulator 2,227300
Apr-13,783.62,-165.25,-0.1742,1944,Euro Truck Simulator 2,227300
Mar-13,948.87,-55.05,-0.0548,2328,Euro Truck Simulator 2,227300
Feb-13,1003.92,-231.38,-0.1873,2051,Euro Truck Simulator 2,227300
Jan-13,1235.3,-,0.0,2837,Euro Truck Simulator 2,227300
Sep-25,39491.76,-8598.43,-0.1788,61587,Warframe,230410
Aug-25,48090.19,-363.72,-0.0075,69171,Warframe,230410
Jul-25,48453.91,5009.58,0.1153,117575,Warframe,230410
Jun-25,43444.33,-19.7,-0.0005,98841,Warframe,230410
May-25,43464.03,-2969.84,-0.064,73021,Warframe,230410
Apr-25,46433.86,-6909.57,-0.1295,71082,Warframe,230410
Mar-25,53343.44,-1272.6,-0.0233,101881,Warframe,230410
Feb-25,54616.04,1177.41,0.022,76887,Warframe,230410
Jan-25,53438.63,-2730.68,-0.0486,74296,Warframe,230410
Dec-24,56169.3,8495.62,0.1782,119690,Warframe,230410
Nov-24,47673.68,-5893.67,-0.11,76455,Warframe,230410
Oct-24,53567.35,12093.73,0.2916,98228,Warframe,230410
Sep-24,41473.62,-4295.39,-0.0938,60537,Warframe,230410
Aug-24,45769.01,1944.28,0.0444,68005,Warframe,230410
Jul-24,43824.73,120.71,0.0028,97330,Warframe,230410
Jun-24,43704.02,684.09,0.0159,91584,Warframe,230410
May-24,43019.93,-6957.1,-0.1392,70135,Warframe,230410
Apr-24,49977.03,-864.06,-0.017,78277,Warframe,230410
Mar-24,50841.09,-8406.69,-0.1419,81734,Warframe,230410
Feb-24,59247.77,-5519,-0.0852,84823,Warframe,230410
Jan-24,64766.78,9167.6,0.1649,94593,Warframe,230410
Dec-23,55599.18,10049.55,0.2206,87383,Warframe,230410
Nov-23,45549.63,1202.44,0.0271,74457,Warframe,230410
Oct-23,44347.2,4634.05,0.1167,76911,Warframe,230410
Sep-23,39713.14,130.55,0.0033,61347,Warframe,230410
Aug-23,39582.6,1170.46,0.0305,77361,Warframe,230410
Jul-23,38412.14,-5479.69,-0.1248,61112,Warframe,230410
Jun-23,43891.83,-11044.1,-0.201,66482,Warframe,230410
May-23,54935.93,6580.85,0.1361,88346,Warframe,230410
Apr-23,48355.07,7648.58,0.1878999999999999,115322,Warframe,230410
Mar-23,40706.49,-1223.89,-0.0292,63635,Warframe,230410
Feb-23,41930.39,1259.47,0.031,59850,Warframe,230410
Jan-23,40670.91,1568.74,0.0401,58816,Warframe,230410
Dec-22,39102.17,9133.81,0.3048,64073,Warframe,230410
Nov-22,29968.36,-4134.22,-0.1211999999999999,58261,Warframe,230410
Oct-22,34102.58,-5668.9,-0.1425,55500,Warframe,230410
Sep-22,39771.48,2189.87,0.0583,77239,Warframe,230410
Aug-22,37581.61,-2184.06,-0.0549,58478,Warframe,230410
Jul-22,39765.67,2418.25,0.0648,91910,Warframe,230410
Jun-22,37347.42,-8875.02,-0.192,68207,Warframe,230410
May-22,46222.44,2989.71,0.0692,84285,Warframe,230410
Apr-22,43232.73,12172.1,0.3918999999999999,87532,Warframe,230410
Mar-22,31060.63,-3977.32,-0.1134999999999999,62134,Warframe,230410
Feb-22,35037.94,-12357.3,-0.2607,57905,Warframe,230410
Jan-22,47395.24,-7255.95,-0.1328,77400,Warframe,230410
Dec-21,54651.19,13875.07,0.3403,118297,Warframe,230410
Nov-21,40776.13,909.77,0.0227999999999999,73093,Warframe,230410
Oct-21,39866.36,-7101.99,-0.1512,71407,Warframe,230410
Sep-21,46968.35,-3785.16,-0.0746,82680,Warframe,230410
Aug-21,50753.51,-861.27,-0.0167,74329,Warframe,230410
Jul-21,51614.78,11992.53,0.3026999999999999,181509,Warframe,230410
Jun-21,39622.26,-7061.59,-0.1513,69028,Warframe,230410
May-21,46683.85,267.46,0.0058,77193,Warframe,230410
Apr-21,46416.38,3464.79,0.0807,79251,Warframe,230410
Mar-21,42951.59,3741.63,0.0953999999999999,83221,Warframe,230410
Feb-21,39209.96,3085.81,0.0853999999999999,61032,Warframe,230410
Jan-21,36124.14,134.09,0.0037,60019,Warframe,230410
Dec-20,35990.05,-3923.97,-0.0983,70305,Warframe,230410
Nov-20,39914.02,-1384.76,-0.0335,68553,Warframe,230410
Oct-20,41298.79,-15032.09,-0.2669,69891,Warframe,230410
Sep-20,56330.88,-3298.15,-0.0553,90316,Warframe,230410
Aug-20,59629.02,20243.88,0.514,154246,Warframe,230410
Jul-20,39385.15,-5445.2,-0.1215,58719,Warframe,230410
Jun-20,44830.35,-4856.71,-0.0977,81798,Warframe,230410
May-20,49687.06,-6631.71,-0.1177999999999999,76165,Warframe,230410
Apr-20,56318.77,3491.4,0.0661,94162,Warframe,230410
Mar-20,52827.37,11892.49,0.2905,88215,Warframe,230410
Feb-20,40934.88,4670.8,0.1288,70798,Warframe,230410
Jan-20,36264.08,-10878.94,-0.2307999999999999,59186,Warframe,230410
Dec-19,47143.02,1050.29,0.0227999999999999,84081,Warframe,230410
Nov-19,46092.73,11693.86,0.3399,87616,Warframe,230410
Oct-19,34398.86,-8083.36,-0.1903,60931,Warframe,230410
Sep-19,42482.22,-10713.34,-0.2014,80466,Warframe,230410
Aug-19,53195.56,-2706.68,-0.0484,96262,Warframe,230410
Jul-19,55902.24,13228.98,0.31,94907,Warframe,230410
Jun-19,42673.26,-7907.43,-0.1563,74255,Warframe,230410
May-19,50580.69,-5993.82,-0.1059,97068,Warframe,230410
Apr-19,56574.51,-6225.98,-0.0991,107898,Warframe,230410
Mar-19,62800.49,16576.23,0.3586,115102,Warframe,230410
Feb-19,46224.26,-6530.25,-0.1238,74472,Warframe,230410
Jan-19,52754.51,-973.04,-0.0181,82266,Warframe,230410
Dec-18,53727.55,-7758.99,-0.1261999999999999,89029,Warframe,230410
Nov-18,61486.55,11768.29,0.2367,131766,Warframe,230410
Oct-18,49718.26,-2076,-0.0401,99735,Warframe,230410
Sep-18,51794.26,-17097.44,-0.2482,86984,Warframe,230410
Aug-18,68891.69,-7703.22,-0.1006,107100,Warframe,230410
Jul-18,76594.91,19971.45,0.3527,118191,Warframe,230410
Jun-18,56623.46,13680.6,0.3186,129002,Warframe,230410
May-18,42942.86,-7399.31,-0.147,73097,Warframe,230410
Apr-18,50342.17,2251.24,0.0467999999999999,85227,Warframe,230410
Mar-18,48090.92,-944.53,-0.0192999999999999,81338,Warframe,230410
Feb-18,49035.45,3857.89,0.0853999999999999,82384,Warframe,230410
Jan-18,45177.56,-6202.41,-0.1207,69002,Warframe,230410
Dec-17,51379.97,-5120.47,-0.0906,76564,Warframe,230410
Nov-17,56500.44,-5408.38,-0.0874,102965,Warframe,230410
Oct-17,61908.82,24880.71,0.6718999999999999,121377,Warframe,230410
Sep-17,37028.11,-2939.28,-0.0735,58608,Warframe,230410
Aug-17,39967.39,965.21,0.0247,55743,Warframe,230410
Jul-17,39002.18,13100.15,0.5058,58314,Warframe,230410
Jun-17,25902.03,-1879.21,-0.0676,51423,Warframe,230410
May-17,27781.24,-2795.16,-0.0914,47732,Warframe,230410
Apr-17,30576.4,-147.26,-0.0048,50822,Warframe,230410
Mar-17,30723.66,2325.41,0.0819,69526,Warframe,230410
Feb-17,28398.25,-3336.65,-0.1051,45309,Warframe,230410
Jan-17,31734.9,-1943.55,-0.0576999999999999,47134,Warframe,230410
Dec-16,33678.45,3861.26,0.1295,56812,Warframe,230410
Nov-16,29817.19,8928.58,0.4274,68530,Warframe,230410
Oct-16,20888.62,-1887.31,-0.0828999999999999,34094,Warframe,230410
Sep-16,22775.92,-3772.49,-0.1421,39037,Warframe,230410
Aug-16,26548.41,-1977.75,-0.0693,46268,Warframe,230410
Jul-16,28526.17,2199.23,0.0834999999999999,61417,Warframe,230410
Jun-16,26326.93,-271.05,-0.0102,41739,Warframe,230410
May-16,26597.98,-547.56,-0.0202,44091,Warframe,230410
Apr-16,27145.55,-6602,-0.1956,47242,Warframe,230410
Mar-16,33747.55,1838.3,0.0576,66308,Warframe,230410
Feb-16,31909.25,1199.69,0.0391,49683,Warframe,230410
Jan-16,30709.56,-2544.25,-0.0765,50177,Warframe,230410
Dec-15,33253.8,11920.4,0.5588000000000001,58502,Warframe,230410
Nov-15,21333.4,-6380.24,-0.2302,37303,Warframe,230410
Oct-15,27713.64,5645.86,0.2557999999999999,48901,Warframe,230410
Sep-15,22067.78,-7092.23,-0.2432,38904,Warframe,230410
Aug-15,29160.01,9223.72,0.4627,44908,Warframe,230410
Jul-15,19936.29,1570.03,0.0855,49829,Warframe,230410
Jun-15,18366.27,-2564.27,-0.1225,29209,Warframe,230410
May-15,20930.54,-1167.12,-0.0528,37595,Warframe,230410
Apr-15,22097.66,864.32,0.0407,40497,Warframe,230410
Mar-15,21233.34,2854.61,0.1553,42816,Warframe,230410
Feb-15,18378.74,459.19,0.0256,28376,Warframe,230410
Jan-15,17919.54,-1456.78,-0.0751999999999999,28400,Warframe,230410
Dec-14,19376.33,2479.55,0.1467,29349,Warframe,230410
Nov-14,16896.78,1159.8,0.0737,32800,Warframe,230410
Oct-14,15736.98,-66.18,-0.0042,34785,Warframe,230410
Sep-14,15803.16,-662.9,-0.0403,25841,Warframe,230410
Aug-14,16466.05,1243.7,0.0817,28233,Warframe,230410
Jul-14,15222.36,3073.45,0.253,31766,Warframe,230410
Jun-14,12148.9,539.89,0.0465,19939,Warframe,230410
May-14,11609.02,-2763.5,-0.1923,19536,Warframe,230410
Apr-14,14372.52,1993.52,0.161,26848,Warframe,230410
Mar-14,12379.0,-1273.85,-0.0933,21193,Warframe,230410
Feb-14,13652.84,1992,0.1707999999999999,21380,Warframe,230410
Jan-14,11660.84,545.15,0.049,16929,Warframe,230410
Dec-13,11115.69,1894.94,0.2055,18274,Warframe,230410
Nov-13,9220.75,283.07,0.0317,18459,Warframe,230410
Oct-13,8937.68,-778.95,-0.0802,16381,Warframe,230410
Sep-13,9716.62,884.84,0.1002,18941,Warframe,230410
Aug-13,8831.78,-773.81,-0.0806,14349,Warframe,230410
Jul-13,9605.6,-1168.82,-0.1085,15714,Warframe,230410
Jun-13,10774.41,435.88,0.0421999999999999,19554,Warframe,230410
May-13,10338.53,-1991.12,-0.1614999999999999,19734,Warframe,230410
Apr-13,12329.65,10369.52,5.2902,21157,Warframe,230410
Mar-13,1960.13,1960.13,437761.7905,19099,Warframe,230410
Feb-13,0.0,0,0.0,1,Warframe,230410
Jan-13,0.0,-,0.0,0,Warframe,230410
Sep-25,3320.29,-1768.05,-0.3475,6139,Killing Floor 2,232090
Aug-25,5088.33,-546.97,-0.0971,6897,Killing Floor 2,232090
Jul-25,5635.3,1523.73,0.3706,7271,Killing Floor 2,232090
Jun-25,4111.57,1159.21,0.3926,5508,Killing Floor 2,232090
May-25,2952.36,57.83,0.02,5230,Killing Floor 2,232090
Apr-25,2894.53,-467.29,-0.139,3723,Killing Floor 2,232090
Mar-25,3361.82,172.11,0.054,4540,Killing Floor 2,232090
Feb-25,3189.71,-1217.21,-0.2762,4590,Killing Floor 2,232090
Jan-25,4406.92,-8403.61,-0.6559999999999999,13077,Killing Floor 2,232090
Dec-24,12810.52,1917.44,0.176,17348,Killing Floor 2,232090
Nov-24,10893.08,2529.11,0.3024,17097,Killing Floor 2,232090
Oct-24,8363.97,-3557.51,-0.2984,12752,Killing Floor 2,232090
Sep-24,11921.49,311.69,0.0268,14078,Killing Floor 2,232090
Aug-24,11609.8,479.75,0.0431,13032,Killing Floor 2,232090
Jul-24,11130.06,2764.78,0.3304999999999999,13049,Killing Floor 2,232090
Jun-24,8365.27,1331.85,0.1894,13811,Killing Floor 2,232090
May-24,7033.43,4077.31,1.3793,38082,Killing Floor 2,232090
Apr-24,2956.12,-3.39,-0.0011,4721,Killing Floor 2,232090
Mar-24,2959.51,-493.02,-0.1427999999999999,4601,Killing Floor 2,232090
Feb-24,3452.53,125.07,0.0375999999999999,4901,Killing Floor 2,232090
Jan-24,3327.47,-278.91,-0.0773,4335,Killing Floor 2,232090
Dec-23,3606.38,-519.61,-0.1259,4780,Killing Floor 2,232090
Nov-23,4125.98,8.87,0.0022,5891,Killing Floor 2,232090
Oct-23,4117.11,350.39,0.093,7095,Killing Floor 2,232090
Sep-23,3766.72,815.05,0.2761,5746,Killing Floor 2,232090
Aug-23,2951.67,416.74,0.1644,4328,Killing Floor 2,232090
Jul-23,2534.93,-209.69,-0.0764,3902,Killing Floor 2,232090
Jun-23,2744.62,486.75,0.2155999999999999,6848,Killing Floor 2,232090
May-23,2257.87,-79.42,-0.034,3584,Killing Floor 2,232090
Apr-23,2337.29,-439.36,-0.1582,5937,Killing Floor 2,232090
Mar-23,2776.65,157.66,0.0602,6129,Killing Floor 2,232090
Feb-23,2618.99,-469.65,-0.1521,5025,Killing Floor 2,232090
Jan-23,3088.64,-343.67,-0.1001,6755,Killing Floor 2,232090
Dec-22,3432.3,572.54,0.2002,6734,Killing Floor 2,232090
Nov-22,2859.76,-632.63,-0.1810999999999999,5178,Killing Floor 2,232090
Oct-22,3492.39,366.74,0.1173,5438,Killing Floor 2,232090
Sep-22,3125.66,357.61,0.1292,5464,Killing Floor 2,232090
Aug-22,2768.04,-864.58,-0.238,5636,Killing Floor 2,232090
Jul-22,3632.62,633.94,0.2114,6911,Killing Floor 2,232090
Jun-22,2998.68,339.11,0.1275,5633,Killing Floor 2,232090
May-22,2659.57,60.94,0.0235,4789,Killing Floor 2,232090
Apr-22,2598.63,-81.35,-0.0304,3522,Killing Floor 2,232090
Mar-22,2679.97,193.85,0.078,4297,Killing Floor 2,232090
Feb-22,2486.12,-664.25,-0.2108,4682,Killing Floor 2,232090
Jan-22,3150.38,-460.97,-0.1276,4508,Killing Floor 2,232090
Dec-21,3611.35,623.9,0.2087999999999999,6347,Killing Floor 2,232090
Nov-21,2987.45,-781.17,-0.2073,4599,Killing Floor 2,232090
Oct-21,3768.62,984.36,0.3535,5636,Killing Floor 2,232090
Sep-21,2784.26,-137.71,-0.0471,4560,Killing Floor 2,232090
Aug-21,2921.96,-433.35,-0.1292,4027,Killing Floor 2,232090
Jul-21,3355.32,145.69,0.0454,6676,Killing Floor 2,232090
Jun-21,3209.63,231.46,0.0776999999999999,5835,Killing Floor 2,232090
May-21,2978.18,-537.65,-0.1528999999999999,3991,Killing Floor 2,232090
Apr-21,3515.82,-28.39,-0.008,6850,Killing Floor 2,232090
Mar-21,3544.22,228.43,0.0689,7656,Killing Floor 2,232090
Feb-21,3315.78,-61.72,-0.0183,6175,Killing Floor 2,232090
Jan-21,3377.5,-511.56,-0.1315,5101,Killing Floor 2,232090
Dec-20,3889.06,-47.99,-0.0121999999999999,5444,Killing Floor 2,232090
Nov-20,3937.06,-339.72,-0.0794,6712,Killing Floor 2,232090
Oct-20,4276.77,961.25,0.2899,6121,Killing Floor 2,232090
Sep-20,3315.53,-211.77,-0.06,5321,Killing Floor 2,232090
Aug-20,3527.3,-821.66,-0.1889,6073,Killing Floor 2,232090
Jul-20,4348.96,-3901.42,-0.4729,7068,Killing Floor 2,232090
Jun-20,8250.38,3886.41,0.8906000000000001,35962,Killing Floor 2,232090
May-20,4363.96,-3477.31,-0.4435,6664,Killing Floor 2,232090
Apr-20,7841.27,2842.74,0.5687,11604,Killing Floor 2,232090
Mar-20,4998.53,1079.7,0.2755,11325,Killing Floor 2,232090
Feb-20,3918.83,-225.82,-0.0545,5867,Killing Floor 2,232090
Jan-20,4144.66,-823.7,-0.1657999999999999,6248,Killing Floor 2,232090
Dec-19,4968.35,-320,-0.0605,8906,Killing Floor 2,232090
Nov-19,5288.35,-1172.09,-0.1814,9122,Killing Floor 2,232090
Oct-19,6460.44,1495.69,0.3013,10293,Killing Floor 2,232090
Sep-19,4964.75,-492.47,-0.0902,8071,Killing Floor 2,232090
Aug-19,5457.23,-564.66,-0.0938,8828,Killing Floor 2,232090
Jul-19,6021.89,-3199.85,-0.347,9343,Killing Floor 2,232090
Jun-19,9221.74,3276.82,0.5512,30868,Killing Floor 2,232090
May-19,5944.92,-1940.56,-0.2460999999999999,9486,Killing Floor 2,232090
Apr-19,7885.48,787.45,0.1109,20990,Killing Floor 2,232090
Mar-19,7098.03,2119.99,0.4259,23243,Killing Floor 2,232090
Feb-19,4978.04,-1834.91,-0.2693,7553,Killing Floor 2,232090
Jan-19,6812.95,-3336.75,-0.3288,10431,Killing Floor 2,232090
Dec-18,10149.7,1910.74,0.2319,31438,Killing Floor 2,232090
Nov-18,8238.96,-2979.38,-0.2656,16897,Killing Floor 2,232090
Oct-18,11218.34,6960.78,1.6349,16899,Killing Floor 2,232090
Sep-18,4257.56,673.22,0.1878,6501,Killing Floor 2,232090
Aug-18,3584.34,-2207.85,-0.3812,6153,Killing Floor 2,232090
Jul-18,5792.19,-3348.99,-0.3664,10199,Killing Floor 2,232090
Jun-18,9141.18,5421.75,1.4577,69246,Killing Floor 2,232090
May-18,3719.43,-1097.49,-0.2278,6204,Killing Floor 2,232090
Apr-18,4816.92,1382.64,0.4025999999999999,9832,Killing Floor 2,232090
Mar-18,3434.28,39.89,0.0118,9345,Killing Floor 2,232090
Feb-18,3394.4,-1126.82,-0.2492,5038,Killing Floor 2,232090
Jan-18,4521.22,-3108.97,-0.4075,10086,Killing Floor 2,232090
Dec-17,7630.19,4131.01,1.1806,51694,Killing Floor 2,232090
Nov-17,3499.18,119.9,0.0355,5904,Killing Floor 2,232090
Oct-17,3379.28,1114.33,0.492,7988,Killing Floor 2,232090
Sep-17,2264.95,-396.31,-0.1489,3914,Killing Floor 2,232090
Aug-17,2661.26,-1130.7,-0.2982,4112,Killing Floor 2,232090
Jul-17,3791.96,-532.93,-0.1232,6746,Killing Floor 2,232090
Jun-17,4324.89,2171.02,1.008,14839,Killing Floor 2,232090
May-17,2153.88,-742.99,-0.2565,4330,Killing Floor 2,232090
Apr-17,2896.86,-498.91,-0.1469,6088,Killing Floor 2,232090
Mar-17,3395.78,772.94,0.2946999999999999,15361,Killing Floor 2,232090
Feb-17,2622.84,-857.87,-0.2465,4623,Killing Floor 2,232090
Jan-17,3480.71,414.96,0.1354,7893,Killing Floor 2,232090
Dec-16,3065.75,103.75,0.035,5028,Killing Floor 2,232090
Nov-16,2962.0,1081.27,0.5749,7075,Killing Floor 2,232090
Oct-16,1880.73,-818.38,-0.3032,3626,Killing Floor 2,232090
Sep-16,2699.11,422.89,0.1858,4833,Killing Floor 2,232090
Aug-16,2276.22,485.22,0.2709,6802,Killing Floor 2,232090
Jul-16,1791.0,-798.91,-0.3085,3867,Killing Floor 2,232090
Jun-16,2589.91,1149.98,0.7986,11401,Killing Floor 2,232090
May-16,1439.93,-794.88,-0.3557,4024,Killing Floor 2,232090
Apr-16,2234.82,852.97,0.6173,6041,Killing Floor 2,232090
Mar-16,1381.85,-377.97,-0.2148,2343,Killing Floor 2,232090
Feb-16,1759.82,-824.66,-0.3191,2980,Killing Floor 2,232090
Jan-16,2584.49,-1707.95,-0.3979,5129,Killing Floor 2,232090
Dec-15,4292.43,2885.18,2.0502,14529,Killing Floor 2,232090
Nov-15,1407.25,-309.6,-0.1803,3510,Killing Floor 2,232090
Oct-15,1716.85,-3063.93,-0.6409,3555,Killing Floor 2,232090
Sep-15,4780.78,3523.71,2.8031,24113,Killing Floor 2,232090
Aug-15,1257.07,64.06,0.0537,3469,Killing Floor 2,232090
Jul-15,1193.01,-583.87,-0.3286,2114,Killing Floor 2,232090
Jun-15,1776.87,-1895.05,-0.5161,3826,Killing Floor 2,232090
May-15,3671.92,-7544.97,-0.6726000000000001,9443,Killing Floor 2,232090
Apr-15,11216.89,11215.58,8562.872,20435,Killing Floor 2,232090
Aug-14,1.31,-0.12,-0.0823,15,Killing Floor 2,232090
Jul-14,1.43,0.13,0.1026,14,Killing Floor 2,232090
Jun-14,1.29,0.16,0.1387,13,Killing Floor 2,232090
May-14,1.14,0.24,0.2672,10,Killing Floor 2,232090
Apr-14,0.9,0.13,0.175,20,Killing Floor 2,232090
Mar-14,0.76,0.27,0.5523,15,Killing Floor 2,232090
Feb-14,0.49,0.13,0.3778,8,Killing Floor 2,232090
Jan-14,0.36,0.06,0.1846999999999999,23,Killing Floor 2,232090
Dec-13,0.3,0.1,0.4732,7,Killing Floor 2,232090
Nov-13,0.2,0.13,1.5833000000000002,4,Killing Floor 2,232090
Oct-13,0.08,-0.19,-0.7097,3,Killing Floor 2,232090
Sep-13,0.27,0.04,0.1964,4,Killing Floor 2,232090
Aug-13,0.23,0.09,0.6975,3,Killing Floor 2,232090
Jul-13,0.13,0.09,1.9033,2,Killing Floor 2,232090
Jun-13,0.05,0.02,0.7206999999999999,2,Killing Floor 2,232090
May-13,0.03,0,0.0173,1,Killing Floor 2,232090
Apr-13,0.03,0.01,0.3089,1,Killing Floor 2,232090
Mar-13,0.02,-0.03,-0.6058,1,Killing Floor 2,232090
Feb-13,0.05,-,0.0,2,Killing Floor 2,232090
Sep-25,4811.58,-779.97,-0.1394999999999999,7614,Kenshi,233860
Aug-25,5591.55,714.14,0.1464,8341,Kenshi,233860
Jul-25,4877.41,-669.17,-0.1206,7542,Kenshi,233860
Jun-25,5546.58,-315.18,-0.0538,9645,Kenshi,233860
May-25,5861.76,2007.45,0.5207999999999999,11572,Kenshi,233860
Apr-25,3854.31,-286.08,-0.0691,5861,Kenshi,233860
Mar-25,4140.38,-131.86,-0.0308999999999999,6212,Kenshi,233860
Feb-25,4272.24,-98.9,-0.0226,6306,Kenshi,233860
Jan-25,4371.14,553.56,0.145,6351,Kenshi,233860
Dec-24,3817.58,-434.84,-0.1023,5564,Kenshi,233860
Nov-24,4252.42,318.62,0.081,6245,Kenshi,233860
Oct-24,3933.8,-302,-0.0713,6326,Kenshi,233860
Sep-24,4235.8,-676.84,-0.1378,7116,Kenshi,233860
Aug-24,4912.64,936.28,0.2355,8016,Kenshi,233860
Jul-24,3976.35,-55.38,-0.0137,6085,Kenshi,233860
Jun-24,4031.73,355.51,0.0967,6461,Kenshi,233860
May-24,3676.22,-1904.24,-0.3411999999999999,5745,Kenshi,233860
Apr-24,5580.46,956.34,0.2067999999999999,10686,Kenshi,233860
Mar-24,4624.12,-27.32,-0.0059,6810,Kenshi,233860
Feb-24,4651.45,282.75,0.0647,6601,Kenshi,233860
Jan-24,4368.7,78.28,0.0182,6416,Kenshi,233860
Dec-23,4290.43,-87.95,-0.0200999999999999,6148,Kenshi,233860
Nov-23,4378.38,-186.13,-0.0408,7361,Kenshi,233860
Oct-23,4564.51,-713.75,-0.1352,7723,Kenshi,233860
Sep-23,5278.27,-781.09,-0.1289,9877,Kenshi,233860
Aug-23,6059.36,985.49,0.1942,9755,Kenshi,233860
Jul-23,5073.86,610.47,0.1368,7812,Kenshi,233860
Jun-23,4463.39,-167.5,-0.0362,7490,Kenshi,233860
May-23,4630.9,113.12,0.025,8188,Kenshi,233860
Apr-23,4517.77,-101.67,-0.022,6739,Kenshi,233860
Mar-23,4619.45,-1714.12,-0.2706,7439,Kenshi,233860
Feb-23,6333.57,1548.74,0.3237,10935,Kenshi,233860
Jan-23,4784.83,1436.94,0.4292,6839,Kenshi,233860
Dec-22,3347.89,-325.83,-0.0886999999999999,4743,Kenshi,233860
Nov-22,3673.72,-779.27,-0.175,5770,Kenshi,233860
Oct-22,4452.99,1320.38,0.4215,7558,Kenshi,233860
Sep-22,3132.6,-16.71,-0.0053,4779,Kenshi,233860
Aug-22,3149.31,-437.36,-0.1219,4548,Kenshi,233860
Jul-22,3586.67,209.98,0.0622,4999,Kenshi,233860
Jun-22,3376.69,-398.84,-0.1056,5101,Kenshi,233860
May-22,3775.53,769.88,0.2561,6625,Kenshi,233860
Apr-22,3005.65,354.39,0.1336999999999999,4261,Kenshi,233860
Mar-22,2651.26,-946.05,-0.263,3966,Kenshi,233860
Feb-22,3597.31,-1175.86,-0.2463,5752,Kenshi,233860
Jan-22,4773.17,1514.86,0.4649,6538,Kenshi,233860
Dec-21,3258.31,307.22,0.1041,5245,Kenshi,233860
Nov-21,2951.09,143.55,0.0511,4362,Kenshi,233860
Oct-21,2807.54,291.6,0.1159,4698,Kenshi,233860
Sep-21,2515.94,-500.93,-0.166,3774,Kenshi,233860
Aug-21,3016.87,-315.65,-0.0947,4288,Kenshi,233860
Jul-21,3332.52,-230.05,-0.0646,4951,Kenshi,233860
Jun-21,3562.57,73.12,0.021,5314,Kenshi,233860
May-21,3489.45,746.9,0.2723,5292,Kenshi,233860
Apr-21,2742.55,-761.18,-0.2171999999999999,3843,Kenshi,233860
Mar-21,3503.73,-484.77,-0.1215,5147,Kenshi,233860
Feb-21,3988.5,436,0.1226999999999999,5341,Kenshi,233860
Jan-21,3552.51,602.59,0.2043,4748,Kenshi,233860
Dec-20,2949.92,-723.71,-0.1969999999999999,4201,Kenshi,233860
Nov-20,3673.63,1088.42,0.421,5608,Kenshi,233860
Oct-20,2585.21,62.94,0.025,3782,Kenshi,233860
Sep-20,2522.27,-1131.04,-0.3096,3959,Kenshi,233860
Aug-20,3653.31,-252.42,-0.0646,5615,Kenshi,233860
Jul-20,3905.73,1020.35,0.3535999999999999,6042,Kenshi,233860
Jun-20,2885.38,-824.85,-0.2223,4012,Kenshi,233860
May-20,3710.22,470.19,0.1451,6143,Kenshi,233860
Apr-20,3240.04,-922.46,-0.2216,4630,Kenshi,233860
Mar-20,4162.5,-405.83,-0.0888,6040,Kenshi,233860
Feb-20,4568.33,54.72,0.0121,6649,Kenshi,233860
Jan-20,4513.61,766.04,0.2044,6555,Kenshi,233860
Dec-19,3747.58,469.78,0.1433,6166,Kenshi,233860
Nov-19,3277.8,434.72,0.1528999999999999,5095,Kenshi,233860
Oct-19,2843.08,66.92,0.0241,4339,Kenshi,233860
Sep-19,2776.17,-1812.92,-0.3951,5283,Kenshi,233860
Aug-19,4589.09,-1521.41,-0.249,7960,Kenshi,233860
Jul-19,6110.5,3357.51,1.2196,10579,Kenshi,233860
Jun-19,2752.99,-331.75,-0.1075,8008,Kenshi,233860
May-19,3084.75,-850.71,-0.2162,4826,Kenshi,233860
Apr-19,3935.46,-2186,-0.3571,6483,Kenshi,233860
Mar-19,6121.46,2287.35,0.5966,8789,Kenshi,233860
Feb-19,3834.11,-1280.19,-0.2503,6348,Kenshi,233860
Jan-19,5114.31,1446.94,0.3945,8358,Kenshi,233860
Dec-18,3667.37,2542.29,2.2596000000000003,7009,Kenshi,233860
Nov-18,1125.08,-26.63,-0.0231,2067,Kenshi,233860
Oct-18,1151.71,-6.27,-0.0054,1891,Kenshi,233860
Sep-18,1157.98,55.52,0.0504,1967,Kenshi,233860
Aug-18,1102.45,-259.49,-0.1905,1685,Kenshi,233860
Jul-18,1361.94,158.01,0.1311999999999999,2026,Kenshi,233860
Jun-18,1203.93,-95.13,-0.0732,1870,Kenshi,233860
May-18,1299.06,456.28,0.5414,2065,Kenshi,233860
Apr-18,842.78,48.6,0.0612,1393,Kenshi,233860
Mar-18,794.18,179.73,0.2925,1182,Kenshi,233860
Feb-18,614.45,37.88,0.0657,1033,Kenshi,233860
Jan-18,576.57,313.54,1.192,1257,Kenshi,233860
Dec-17,263.03,-26.12,-0.0902999999999999,429,Kenshi,233860
Nov-17,289.15,-58.16,-0.1675,555,Kenshi,233860
Oct-17,347.31,-7.44,-0.021,601,Kenshi,233860
Sep-17,354.74,95.67,0.3693,610,Kenshi,233860
Aug-17,259.07,33.58,0.1489,449,Kenshi,233860
Jul-17,225.5,48.24,0.2721,370,Kenshi,233860
Jun-17,177.26,-39.02,-0.1804,308,Kenshi,233860
May-17,216.28,5.47,0.026,385,Kenshi,233860
Apr-17,210.81,27.27,0.1485999999999999,359,Kenshi,233860
Mar-17,183.54,-7.94,-0.0415,332,Kenshi,233860
Feb-17,191.48,-61.31,-0.2425,323,Kenshi,233860
Jan-17,252.79,56.14,0.2855,456,Kenshi,233860
Dec-16,196.65,-16.93,-0.0793,355,Kenshi,233860
Nov-16,213.57,-9.68,-0.0434,390,Kenshi,233860
Oct-16,223.25,81.57,0.5757,533,Kenshi,233860
Sep-16,141.68,-28.35,-0.1667,249,Kenshi,233860
Aug-16,170.03,-43.7,-0.2045,300,Kenshi,233860
Jul-16,213.73,89.73,0.7236,362,Kenshi,233860
Jun-16,124.0,1.19,0.0097,279,Kenshi,233860
May-16,122.81,-94.13,-0.4339,258,Kenshi,233860
Apr-16,216.95,158.11,2.6874,577,Kenshi,233860
Mar-16,58.84,-26.31,-0.309,113,Kenshi,233860
Feb-16,85.14,31.82,0.5966,165,Kenshi,233860
Jan-16,53.33,12.16,0.2954,113,Kenshi,233860
Dec-15,41.17,-41.82,-0.5039,75,Kenshi,233860
Nov-15,82.99,27.53,0.4964,339,Kenshi,233860
Oct-15,55.46,12.73,0.2979,113,Kenshi,233860
Sep-15,42.73,-9.84,-0.1871999999999999,92,Kenshi,233860
Aug-15,52.57,-24.69,-0.3196,103,Kenshi,233860
Jul-15,77.26,1.72,0.0227999999999999,137,Kenshi,233860
Jun-15,75.54,0.83,0.0112,167,Kenshi,233860
May-15,74.71,-12.96,-0.1479,187,Kenshi,233860
Apr-15,87.67,27.5,0.457,361,Kenshi,233860
Mar-15,60.17,-24.67,-0.2908,125,Kenshi,233860
Feb-15,84.84,-8.94,-0.0953,171,Kenshi,233860
Jan-15,93.78,8.41,0.0984999999999999,204,Kenshi,233860
Dec-14,85.37,32.19,0.6053999999999999,198,Kenshi,233860
Nov-14,53.18,2.1,0.0411,113,Kenshi,233860
Oct-14,51.08,-1.12,-0.0215,101,Kenshi,233860
Sep-14,52.21,-0.37,-0.0069999999999999,99,Kenshi,233860
Aug-14,52.57,-15.19,-0.2241,100,Kenshi,233860
Jul-14,67.76,-43.95,-0.3934,129,Kenshi,233860
Jun-14,111.71,-7.75,-0.0649,319,Kenshi,233860
May-14,119.46,-6.54,-0.0519,637,Kenshi,233860
Apr-14,126.01,-6.81,-0.0513,288,Kenshi,233860
Mar-14,132.82,-72.84,-0.3542,311,Kenshi,233860
Feb-14,205.66,36.47,0.2155999999999999,628,Kenshi,233860
Jan-14,169.18,92.7,1.2119,981,Kenshi,233860
Dec-13,76.49,5.71,0.0807,265,Kenshi,233860
Nov-13,70.78,-46.84,-0.3982,194,Kenshi,233860
Oct-13,117.62,48.13,0.6926000000000001,289,Kenshi,233860
Sep-13,69.49,-9.52,-0.1205,144,Kenshi,233860
Aug-13,79.01,-81.81,-0.5086999999999999,190,Kenshi,233860
Jul-13,160.81,69.31,0.7574,455,Kenshi,233860
Jun-13,91.51,-41.26,-0.3107999999999999,206,Kenshi,233860
May-13,132.77,-50.66,-0.2762,275,Kenshi,233860
Apr-13,183.42,-179.3,-0.4943,388,Kenshi,233860
Mar-13,362.73,-,0.0,733,Kenshi,233860
Sep-25,47551.92,-4285.29,-0.0827,88016,War Thunder,236390
Aug-25,51837.21,-976.43,-0.0185,83407,War Thunder,236390
Jul-25,52813.64,-3521.18,-0.0625,85973,War Thunder,236390
Jun-25,56334.82,-1405.61,-0.0243,93287,War Thunder,236390
May-25,57740.43,1735.55,0.031,107400,War Thunder,236390
Apr-25,56004.88,-3208.89,-0.0542,97913,War Thunder,236390
Mar-25,59213.78,-1052.71,-0.0175,106391,War Thunder,236390
Feb-25,60266.48,-2533.19,-0.0403,100485,War Thunder,236390
Jan-25,62799.68,212.84,0.0034,105873,War Thunder,236390
Dec-24,62586.84,484.1,0.0078,116654,War Thunder,236390
Nov-24,62102.74,4581.04,0.0796,111810,War Thunder,236390
Oct-24,57521.7,2175.38,0.0393,105233,War Thunder,236390
Sep-24,55346.32,-5493.46,-0.0902999999999999,100260,War Thunder,236390
Aug-24,60839.78,4128.68,0.0728,100145,War Thunder,236390
Jul-24,56711.1,-2441.2,-0.0412999999999999,86471,War Thunder,236390
Jun-24,59152.3,5114.16,0.0946,95040,War Thunder,236390
May-24,54038.13,384.9,0.0072,89931,War Thunder,236390
Apr-24,53653.24,-5810.35,-0.0977,93281,War Thunder,236390
Mar-24,59463.58,-10628.59,-0.1516,100736,War Thunder,236390
Feb-24,70092.17,4040.01,0.0612,121180,War Thunder,236390
Jan-24,66052.16,278.32,0.0042,105330,War Thunder,236390
Dec-23,65773.85,4072.41,0.066,112141,War Thunder,236390
Nov-23,61701.44,6481.55,0.1174,114806,War Thunder,236390
Oct-23,55219.89,2250.84,0.0425,97956,War Thunder,236390
Sep-23,52969.06,-719.37,-0.0134,101903,War Thunder,236390
Aug-23,53688.43,1168.97,0.0223,87109,War Thunder,236390
Jul-23,52519.46,-800.78,-0.015,77668,War Thunder,236390
Jun-23,53320.24,-4479.22,-0.0775,83013,War Thunder,236390
May-23,57799.46,-5472.98,-0.0865,95962,War Thunder,236390
Apr-23,63272.43,3468.2,0.0579999999999999,113145,War Thunder,236390
Mar-23,59804.23,-850.45,-0.0139999999999999,100277,War Thunder,236390
Feb-23,60654.68,4587.54,0.0818,97939,War Thunder,236390
Jan-23,56067.14,6252.7,0.1255,88053,War Thunder,236390
Dec-22,49814.44,1196.39,0.0246,87344,War Thunder,236390
Nov-22,48618.04,7357.26,0.1783,88331,War Thunder,236390
Oct-22,41260.79,-1566.55,-0.0366,81733,War Thunder,236390
Sep-22,42827.33,184.84,0.0043,74659,War Thunder,236390
Aug-22,42642.49,2813.8,0.0706,66360,War Thunder,236390
Jul-22,39828.69,-2696.5,-0.0634,57219,War Thunder,236390
Jun-22,42525.19,2162.81,0.0536,65367,War Thunder,236390
May-22,40362.39,-3250.01,-0.0745,63781,War Thunder,236390
Apr-22,43612.39,4446.7,0.1134999999999999,75998,War Thunder,236390
Mar-22,39165.69,9446.02,0.3178,72842,War Thunder,236390
Feb-22,29719.67,652.93,0.0225,51210,War Thunder,236390
Jan-22,29066.74,2485.07,0.0935,45424,War Thunder,236390
Dec-21,26581.67,370.5,0.0141,43703,War Thunder,236390
Nov-21,26211.17,1124.67,0.0448,47647,War Thunder,236390
Oct-21,25086.5,-93.31,-0.0037,42419,War Thunder,236390
Sep-21,25179.81,593.23,0.0241,43439,War Thunder,236390
Aug-21,24586.58,1585.16,0.0689,38188,War Thunder,236390
Jul-21,23001.42,-1870.04,-0.0751999999999999,33676,War Thunder,236390
Jun-21,24871.47,-670.46,-0.0262,39776,War Thunder,236390
May-21,25541.92,-2308.09,-0.0828999999999999,40505,War Thunder,236390
Apr-21,27850.01,-2173.2,-0.0724,63379,War Thunder,236390
Mar-21,30023.21,1420.74,0.0496999999999999,54451,War Thunder,236390
Feb-21,28602.47,1124.78,0.0409,43065,War Thunder,236390
Jan-21,27477.69,441.49,0.0163,39887,War Thunder,236390
Dec-20,27036.2,-1408.4,-0.0495,49784,War Thunder,236390
Nov-20,28444.6,7482.61,0.357,55865,War Thunder,236390
Oct-20,20961.98,-249.99,-0.0118,41463,War Thunder,236390
Sep-20,21211.97,-289.07,-0.0134,35475,War Thunder,236390
Aug-20,21501.04,2348.62,0.1226,35019,War Thunder,236390
Jul-20,19152.43,-1248.22,-0.0612,29402,War Thunder,236390
Jun-20,20400.64,-2076.35,-0.0924,32424,War Thunder,236390
May-20,22476.99,-2313.17,-0.0933,38871,War Thunder,236390
Apr-20,24790.16,4469.1,0.2198999999999999,43584,War Thunder,236390
Mar-20,20321.06,5402.72,0.3621999999999999,35377,War Thunder,236390
Feb-20,14918.34,1092.94,0.0791,23963,War Thunder,236390
Jan-20,13825.4,437.01,0.0326,21319,War Thunder,236390
Dec-19,13388.39,973.86,0.0784,23388,War Thunder,236390
Nov-19,12414.53,-132.89,-0.0106,21420,War Thunder,236390
Oct-19,12547.42,-8,-0.0006,22713,War Thunder,236390
Sep-19,12555.42,488.88,0.0405,22878,War Thunder,236390
Aug-19,12066.54,1003.51,0.0907,18688,War Thunder,236390
Jul-19,11063.03,-611.3,-0.0524,15867,War Thunder,236390
Jun-19,11674.33,-475.93,-0.0392,17809,War Thunder,236390
May-19,12150.26,-1144.4,-0.0861,20970,War Thunder,236390
Apr-19,13294.67,-180.66,-0.0134,25719,War Thunder,236390
Mar-19,13475.33,1360.79,0.1123,23410,War Thunder,236390
Feb-19,12114.54,-1305.72,-0.0973,20164,War Thunder,236390
Jan-19,13420.26,91.89,0.0069,21094,War Thunder,236390
Dec-18,13328.36,1077.85,0.088,23243,War Thunder,236390
Nov-18,12250.51,-440.13,-0.0347,23467,War Thunder,236390
Oct-18,12690.64,749.8,0.0628,26688,War Thunder,236390
Sep-18,11940.84,-27.96,-0.0023,22517,War Thunder,236390
Aug-18,11968.81,441.13,0.0383,18655,War Thunder,236390
Jul-18,11527.68,-844.41,-0.0683,17640,War Thunder,236390
Jun-18,12372.09,831.91,0.0721,21592,War Thunder,236390
May-18,11540.18,-1643.31,-0.1246,19514,War Thunder,236390
Apr-18,13183.49,-248.09,-0.0185,25982,War Thunder,236390
Mar-18,13431.58,2340.62,0.211,27595,War Thunder,236390
Feb-18,11090.97,-524.35,-0.0451,19024,War Thunder,236390
Jan-18,11615.32,-264.09,-0.0222,19041,War Thunder,236390
Dec-17,11879.4,-72.34,-0.0060999999999999,20886,War Thunder,236390
Nov-17,11951.74,1270.35,0.1189,22828,War Thunder,236390
Oct-17,10681.39,216.59,0.0207,20125,War Thunder,236390
Sep-17,10464.8,314.79,0.031,19330,War Thunder,236390
Aug-17,10150.01,770.04,0.0821,15683,War Thunder,236390
Jul-17,9379.97,-924.09,-0.0897,15731,War Thunder,236390
Jun-17,10304.06,-485.13,-0.045,18621,War Thunder,236390
May-17,10789.19,-41.28,-0.0038,20075,War Thunder,236390
Apr-17,10830.48,-163.76,-0.0149,22217,War Thunder,236390
Mar-17,10994.24,164.92,0.0152,21344,War Thunder,236390
Feb-17,10829.32,-518.62,-0.0457,18472,War Thunder,236390
Jan-17,11347.94,697.34,0.0655,19324,War Thunder,236390
Dec-16,10650.6,725.75,0.0731,20797,War Thunder,236390
Nov-16,9924.85,-1091.9,-0.0991,17816,War Thunder,236390
Oct-16,11016.75,1486.95,0.156,21819,War Thunder,236390
Sep-16,9529.8,-546.01,-0.0542,24737,War Thunder,236390
Aug-16,10075.81,379.47,0.0391,17301,War Thunder,236390
Jul-16,9696.34,-1382.98,-0.1248,14474,War Thunder,236390
Jun-16,11079.32,742.83,0.0719,23531,War Thunder,236390
May-16,10336.49,-756.66,-0.0682,17740,War Thunder,236390
Apr-16,11093.15,-515.85,-0.0444,20631,War Thunder,236390
Mar-16,11608.99,1215.52,0.1169999999999999,24087,War Thunder,236390
Feb-16,10393.47,-799.36,-0.0713999999999999,17810,War Thunder,236390
Jan-16,11192.82,-91.51,-0.0081,22378,War Thunder,236390
Dec-15,11284.34,-211.49,-0.0184,23811,War Thunder,236390
Nov-15,11495.83,2406.41,0.2647,35236,War Thunder,236390
Oct-15,9089.42,224.87,0.0254,17817,War Thunder,236390
Sep-15,8864.56,-1320,-0.1296,15575,War Thunder,236390
Aug-15,10184.55,-938.94,-0.0843999999999999,15228,War Thunder,236390
Jul-15,11123.5,1068.95,0.1063,18204,War Thunder,236390
Jun-15,10054.55,-3150.59,-0.2386,21073,War Thunder,236390
May-15,13205.13,1625.89,0.1404,25134,War Thunder,236390
Apr-15,11579.25,-2705.65,-0.1894,24962,War Thunder,236390
Mar-15,14284.9,1070.33,0.081,29480,War Thunder,236390
Feb-15,13214.57,2045.04,0.1830999999999999,29040,War Thunder,236390
Jan-15,11169.53,814.94,0.0787,23837,War Thunder,236390
Dec-14,10354.59,2160.78,0.2637,22249,War Thunder,236390
Nov-14,8193.81,-746.84,-0.0834999999999999,17205,War Thunder,236390
Oct-14,8940.65,2649.49,0.4211,24601,War Thunder,236390
Sep-14,6291.17,-1329.22,-0.1744,11178,War Thunder,236390
Aug-14,7620.39,115.81,0.0154,15720,War Thunder,236390
Jul-14,7504.58,-1101.69,-0.128,11994,War Thunder,236390
Jun-14,8606.26,-2257.15,-0.2078,16117,War Thunder,236390
May-14,10863.41,3772.09,0.5318999999999999,26228,War Thunder,236390
Apr-14,7091.33,1649.47,0.3031,20438,War Thunder,236390
Mar-14,5441.85,-766.12,-0.1234,11541,War Thunder,236390
Feb-14,6207.97,-868.71,-0.1227999999999999,11730,War Thunder,236390
Jan-14,7076.68,250.93,0.0368,12146,War Thunder,236390
Dec-13,6825.75,1210.67,0.2155999999999999,22129,War Thunder,236390
Nov-13,5615.08,-197.81,-0.034,13218,War Thunder,236390
Oct-13,5812.89,-1774.08,-0.2337999999999999,12446,War Thunder,236390
Sep-13,7586.98,3467.68,0.8418000000000001,18880,War Thunder,236390
Aug-13,4119.29,4119.25,85755.2159,12850,War Thunder,236390
Jul-13,0.05,-0.03,-0.4099,1,War Thunder,236390
Jun-13,0.08,0.08,0.0,2,War Thunder,236390
May-13,0.0,-0.02,-1.0,0,War Thunder,236390
Apr-13,0.02,-,0.0,1,War Thunder,236390
Sep-25,12414.67,-1634.6,-0.1163,21199,Europa Universalis IV,236850
Aug-25,14049.28,656.42,0.049,22927,Europa Universalis IV,236850
Jul-25,13392.86,-568.2,-0.0407,21924,Europa Universalis IV,236850
Jun-25,13961.06,-886.21,-0.0596999999999999,23449,Europa Universalis IV,236850
May-25,14847.26,1183.16,0.0866,24988,Europa Universalis IV,236850
Apr-25,13664.1,-817.93,-0.0565,22451,Europa Universalis IV,236850
Mar-25,14482.04,-656.09,-0.0433,23922,Europa Universalis IV,236850
Feb-25,15138.13,-826.23,-0.0518,24461,Europa Universalis IV,236850
Jan-25,15964.36,1536.49,0.1065,26064,Europa Universalis IV,236850
Dec-24,14427.87,837.01,0.0616,23311,Europa Universalis IV,236850
Nov-24,13590.85,-333.92,-0.024,22949,Europa Universalis IV,236850
Oct-24,13924.77,1243.08,0.098,27030,Europa Universalis IV,236850
Sep-24,12681.69,-855.54,-0.0632,21511,Europa Universalis IV,236850
Aug-24,13537.23,-77.87,-0.0056999999999999,21635,Europa Universalis IV,236850
Jul-24,13615.09,-1644.28,-0.1077999999999999,21289,Europa Universalis IV,236850
Jun-24,15259.37,-412.45,-0.0263,25483,Europa Universalis IV,236850
May-24,15671.82,2107.33,0.1553999999999999,26415,Europa Universalis IV,236850
Apr-24,13564.5,-637.55,-0.0449,22696,Europa Universalis IV,236850
Mar-24,14202.05,-474.86,-0.0324,23523,Europa Universalis IV,236850
Feb-24,14676.91,-1087.32,-0.069,23478,Europa Universalis IV,236850
Jan-24,15764.23,360.18,0.0233999999999999,24656,Europa Universalis IV,236850
Dec-23,15404.06,-1288.6,-0.0771999999999999,24267,Europa Universalis IV,236850
Nov-23,16692.66,2485.04,0.1748999999999999,29411,Europa Universalis IV,236850
Oct-23,14207.61,803.93,0.06,23772,Europa Universalis IV,236850
Sep-23,13403.69,-480.62,-0.0346,22479,Europa Universalis IV,236850
Aug-23,13884.31,-608.99,-0.042,21824,Europa Universalis IV,236850
Jul-23,14493.3,318.65,0.0225,22686,Europa Universalis IV,236850
Jun-23,14174.65,-2260.28,-0.1375,22582,Europa Universalis IV,236850
May-23,16434.93,-696.79,-0.0407,28162,Europa Universalis IV,236850
Apr-23,17131.72,2851.25,0.1997,34199,Europa Universalis IV,236850
Mar-23,14280.47,-430.69,-0.0293,23954,Europa Universalis IV,236850
Feb-23,14711.16,207.18,0.0143,23686,Europa Universalis IV,236850
Jan-23,14503.98,999.94,0.074,23758,Europa Universalis IV,236850
Dec-22,13504.04,669.34,0.0521999999999999,20626,Europa Universalis IV,236850
Nov-22,12834.7,-3032.8,-0.1911,21017,Europa Universalis IV,236850
Oct-22,15867.5,-1383.54,-0.0802,27676,Europa Universalis IV,236850
Sep-22,17251.03,1641.67,0.1052,33645,Europa Universalis IV,236850
Aug-22,15609.36,-785.76,-0.0479,24185,Europa Universalis IV,236850
Jul-22,16395.12,704.92,0.0449,24689,Europa Universalis IV,236850
Jun-22,15690.21,-823.92,-0.0499,24245,Europa Universalis IV,236850
May-22,16514.13,-1232.53,-0.0695,27640,Europa Universalis IV,236850
Apr-22,17746.67,1848.61,0.1163,29273,Europa Universalis IV,236850
Mar-22,15898.06,580.44,0.0379,27046,Europa Universalis IV,236850
Feb-22,15317.61,-2181.06,-0.1246,26393,Europa Universalis IV,236850
Jan-22,17498.67,1588.39,0.0998,26922,Europa Universalis IV,236850
Dec-21,15910.29,426.9,0.0276,25360,Europa Universalis IV,236850
Nov-21,15483.38,389.03,0.0258,27909,Europa Universalis IV,236850
Oct-21,15094.35,154.55,0.0103,25262,Europa Universalis IV,236850
Sep-21,14939.8,-1659.78,-0.1,25799,Europa Universalis IV,236850
Aug-21,16599.58,1757.3,0.1184,26315,Europa Universalis IV,236850
Jul-21,14842.28,529.09,0.037,22911,Europa Universalis IV,236850
Jun-21,14313.19,-839.14,-0.0554,22880,Europa Universalis IV,236850
May-21,15152.33,186.69,0.0125,24344,Europa Universalis IV,236850
Apr-21,14965.64,-415.68,-0.027,25559,Europa Universalis IV,236850
Mar-21,15381.32,-507.96,-0.032,25571,Europa Universalis IV,236850
Feb-21,15889.28,-595.06,-0.0361,25824,Europa Universalis IV,236850
Jan-21,16484.33,1841.42,0.1258,26680,Europa Universalis IV,236850
Dec-20,14642.92,739.86,0.0532,25032,Europa Universalis IV,236850
Nov-20,13903.05,1047.66,0.0815,23362,Europa Universalis IV,236850
Oct-20,12855.4,993.46,0.0838,23124,Europa Universalis IV,236850
Sep-20,11861.93,-4068.81,-0.2554,19618,Europa Universalis IV,236850
Aug-20,15930.75,-1839.24,-0.1035,25686,Europa Universalis IV,236850
Jul-20,17769.98,-3168.43,-0.1513,28016,Europa Universalis IV,236850
Jun-20,20938.41,4827.5,0.2996,47844,Europa Universalis IV,236850
May-20,16110.92,-554.31,-0.0333,26832,Europa Universalis IV,236850
Apr-20,16665.22,474.26,0.0293,26508,Europa Universalis IV,236850
Mar-20,16190.96,1318.68,0.0886999999999999,29916,Europa Universalis IV,236850
Feb-20,14872.28,1492.38,0.1115,26619,Europa Universalis IV,236850
Jan-20,13379.9,979.29,0.079,26364,Europa Universalis IV,236850
Dec-19,12400.61,818.85,0.0707,20805,Europa Universalis IV,236850
Nov-19,11581.75,-66,-0.0056999999999999,20664,Europa Universalis IV,236850
Oct-19,11647.75,96.92,0.0084,21969,Europa Universalis IV,236850
Sep-19,11550.84,509.3,0.0461,22352,Europa Universalis IV,236850
Aug-19,11041.54,-163.53,-0.0146,17988,Europa Universalis IV,236850
Jul-19,11205.07,269.12,0.0246,19163,Europa Universalis IV,236850
Jun-19,10935.95,1306.38,0.1357,18259,Europa Universalis IV,236850
May-19,9629.57,-1306.25,-0.1193999999999999,17479,Europa Universalis IV,236850
Apr-19,10935.81,-618.56,-0.0535,21256,Europa Universalis IV,236850
Mar-19,11554.37,-447.3,-0.0373,21663,Europa Universalis IV,236850
Feb-19,12001.68,-851.95,-0.0663,21939,Europa Universalis IV,236850
Jan-19,12853.63,320.7,0.0256,23109,Europa Universalis IV,236850
Dec-18,12532.94,1197.14,0.1056,23012,Europa Universalis IV,236850
Nov-18,11335.8,-1046.14,-0.0844999999999999,21254,Europa Universalis IV,236850
Oct-18,12381.94,-1124.66,-0.0833,23986,Europa Universalis IV,236850
Sep-18,13506.6,2266.82,0.2017,28338,Europa Universalis IV,236850
Aug-18,11239.78,42.42,0.0038,19749,Europa Universalis IV,236850
Jul-18,11197.36,4.55,0.0004,18846,Europa Universalis IV,236850
Jun-18,11192.81,237.16,0.0216,19354,Europa Universalis IV,236850
May-18,10955.66,-1302.17,-0.1061999999999999,21209,Europa Universalis IV,236850
Apr-18,12257.82,454.95,0.0385,23064,Europa Universalis IV,236850
Mar-18,11802.87,900.35,0.0825999999999999,27765,Europa Universalis IV,236850
Feb-18,10902.52,-423.57,-0.0374,20292,Europa Universalis IV,236850
Jan-18,11326.08,-446.96,-0.038,20233,Europa Universalis IV,236850
Dec-17,11773.05,114.36,0.0098,21613,Europa Universalis IV,236850
Nov-17,11658.68,1871.28,0.1912,24934,Europa Universalis IV,236850
Oct-17,9787.4,150.35,0.0156,18605,Europa Universalis IV,236850
Sep-17,9637.06,135.65,0.0143,19317,Europa Universalis IV,236850
Aug-17,9501.41,-433.22,-0.0436,16647,Europa Universalis IV,236850
Jul-17,9934.63,-690.88,-0.065,16952,Europa Universalis IV,236850
Jun-17,10625.5,-255.45,-0.0235,20310,Europa Universalis IV,236850
May-17,10880.95,-1220.52,-0.1009,20279,Europa Universalis IV,236850
Apr-17,12101.47,2402.31,0.2477,24830,Europa Universalis IV,236850
Mar-17,9699.16,-1036.34,-0.0965,18546,Europa Universalis IV,236850
Feb-17,10735.5,-778.39,-0.0676,20037,Europa Universalis IV,236850
Jan-17,11513.89,1258.41,0.1226999999999999,20721,Europa Universalis IV,236850
Dec-16,10255.48,411.47,0.0418,18431,Europa Universalis IV,236850
Nov-16,9844.0,-535,-0.0515,18915,Europa Universalis IV,236850
Oct-16,10379.0,2425.1,0.3049,24361,Europa Universalis IV,236850
Sep-16,7953.91,786.04,0.1097,15033,Europa Universalis IV,236850
Aug-16,7167.87,54.12,0.0076,12686,Europa Universalis IV,236850
Jul-16,7113.75,704.8,0.11,12212,Europa Universalis IV,236850
Jun-16,6408.95,-998.59,-0.1348,12241,Europa Universalis IV,236850
May-16,7407.53,-2637.09,-0.2625,16926,Europa Universalis IV,236850
Apr-16,10044.63,1223.94,0.1388,21150,Europa Universalis IV,236850
Mar-16,8820.68,-359.68,-0.0392,16632,Europa Universalis IV,236850
Feb-16,9180.36,-392.43,-0.0409999999999999,17301,Europa Universalis IV,236850
Jan-16,9572.8,-92.53,-0.0096,17694,Europa Universalis IV,236850
Dec-15,9665.33,2765.47,0.4008,18518,Europa Universalis IV,236850
Nov-15,6899.86,-915.37,-0.1171,13872,Europa Universalis IV,236850
Oct-15,7815.23,852.37,0.1224,16207,Europa Universalis IV,236850
Sep-15,6962.86,-129.34,-0.0182,12911,Europa Universalis IV,236850
Aug-15,7092.19,-662.29,-0.0853999999999999,12385,Europa Universalis IV,236850
Jul-15,7754.48,-1099.86,-0.1242,14005,Europa Universalis IV,236850
Jun-15,8854.34,1979.63,0.288,17931,Europa Universalis IV,236850
May-15,6874.71,184.27,0.0275,12472,Europa Universalis IV,236850
Apr-15,6690.44,-2009.55,-0.231,12318,Europa Universalis IV,236850
Mar-15,8699.99,1358.31,0.185,24394,Europa Universalis IV,236850
Feb-15,7341.69,200.58,0.0281,24358,Europa Universalis IV,236850
Jan-15,7141.11,263.06,0.0382,13274,Europa Universalis IV,236850
Dec-14,6878.05,-160.09,-0.0227,12861,Europa Universalis IV,236850
Nov-14,7038.14,1372.05,0.2422,15148,Europa Universalis IV,236850
Oct-14,5666.09,722.99,0.1463,12518,Europa Universalis IV,236850
Sep-14,4943.1,-911.61,-0.1557,9202,Europa Universalis IV,236850
Aug-14,5854.7,-498.06,-0.0784,10337,Europa Universalis IV,236850
Jul-14,6352.77,-679.82,-0.0967,11018,Europa Universalis IV,236850
Jun-14,7032.59,2647.76,0.6038,16485,Europa Universalis IV,236850
May-14,4384.83,228.18,0.0549,14090,Europa Universalis IV,236850
Apr-14,4156.65,-126.11,-0.0294,7778,Europa Universalis IV,236850
Mar-14,4282.76,-7.88,-0.0018,8228,Europa Universalis IV,236850
Feb-14,4290.63,-572.22,-0.1177,8256,Europa Universalis IV,236850
Jan-14,4862.85,843.22,0.2098,9956,Europa Universalis IV,236850
Dec-13,4019.63,688.05,0.2065,7867,Europa Universalis IV,236850
Nov-13,3331.58,183.62,0.0583,8669,Europa Universalis IV,236850
Oct-13,3147.96,-984.09,-0.2382,6193,Europa Universalis IV,236850
Sep-13,4132.05,-353.98,-0.0789,9774,Europa Universalis IV,236850
Aug-13,4486.03,4486.03,0.0,15530,Europa Universalis IV,236850
Jul-13,0.0,0,0.0,0,Europa Universalis IV,236850
Jun-13,0.0,0,0.0,0,Europa Universalis IV,236850
May-13,0.0,0,0.0,0,Europa Universalis IV,236850
Apr-13,0.0,-,0.0,0,Europa Universalis IV,236850
Sep-25,5733.86,-10004.28,-0.6357,9990,Path of Exile,238960
Aug-25,15738.13,-27727.47,-0.6379,37964,Path of Exile,238960
Jul-25,43465.6,-7390.24,-0.1452999999999999,88896,Path of Exile,238960
Jun-25,50855.85,45734.58,8.930299999999999,178443,Path of Exile,238960
May-25,5121.27,-116.01,-0.0222,10621,Path of Exile,238960
Apr-25,5237.28,-13115.49,-0.7145999999999999,11761,Path of Exile,238960
Mar-25,18352.77,-707.3,-0.0371,46485,Path of Exile,238960
Feb-25,19060.07,12422.19,1.8714,91948,Path of Exile,238960
Jan-25,6637.88,-2801.83,-0.2968,13039,Path of Exile,238960
Dec-24,9439.71,-5224.9,-0.3563,24806,Path of Exile,238960
Nov-24,14664.61,2710.32,0.2267,30701,Path of Exile,238960
Oct-24,11954.28,-16965.37,-0.5866,24283,Path of Exile,238960
Sep-24,28919.65,-47581.83,-0.622,65601,Path of Exile,238960
Aug-24,76501.49,48491.33,1.7312,163118,Path of Exile,238960
Jul-24,28010.15,20096.85,2.5396,228398,Path of Exile,238960
Jun-24,7913.3,-10171.46,-0.5624,14873,Path of Exile,238960
May-24,18084.76,-34559.46,-0.6565000000000001,40961,Path of Exile,238960
Apr-24,52644.22,35253.96,2.0272,121974,Path of Exile,238960
Mar-24,17390.26,-1971.15,-0.1018,187416,Path of Exile,238960
Feb-24,19361.41,-27587.2,-0.5876,38693,Path of Exile,238960
Jan-24,46948.61,-13316.56,-0.221,93689,Path of Exile,238960
Dec-23,60265.17,46757.76,3.4616,167593,Path of Exile,238960
Nov-23,13507.42,-9754.51,-0.4193,27445,Path of Exile,238960
Oct-23,23261.93,-23904.02,-0.5068,49133,Path of Exile,238960
Sep-23,47165.95,5983.14,0.1452999999999999,89607,Path of Exile,238960
Aug-23,41182.81,27925.72,2.1065,165243,Path of Exile,238960
Jul-23,13257.09,-3673.57,-0.217,20229,Path of Exile,238960
Jun-23,16930.66,-19997.27,-0.5415,27340,Path of Exile,238960
May-23,36927.93,-31560.62,-0.4608,79261,Path of Exile,238960
Apr-23,68488.55,53958.28,3.7135,209526,Path of Exile,238960
Mar-23,14530.27,-6675.64,-0.3148,20743,Path of Exile,238960
Feb-23,21205.91,-14349.96,-0.4036,35314,Path of Exile,238960
Jan-23,35555.87,-4731.87,-0.1175,61685,Path of Exile,238960
Dec-22,40287.74,32670.38,4.2889,127169,Path of Exile,238960
Nov-22,7617.36,-4020.26,-0.3455,22330,Path of Exile,238960
Oct-22,11637.62,-17746.88,-0.604,28030,Path of Exile,238960
Sep-22,29384.5,1083.93,0.0383,60837,Path of Exile,238960
Aug-22,28300.56,15903.69,1.2829,151145,Path of Exile,238960
Jul-22,12396.87,-15837.98,-0.5609000000000001,25422,Path of Exile,238960
Jun-22,28234.85,-6180.77,-0.1796,55119,Path of Exile,238960
May-22,34415.62,24644.91,2.5223,131010,Path of Exile,238960
Apr-22,9770.71,-11259.04,-0.5354,21433,Path of Exile,238960
Mar-22,21029.75,-27603.22,-0.5676,40699,Path of Exile,238960
Feb-22,48632.97,40333.87,4.86,158140,Path of Exile,238960
Jan-22,8299.1,-8296.27,-0.4999,19478,Path of Exile,238960
Dec-21,16595.37,-19677.43,-0.5425,44935,Path of Exile,238960
Nov-21,36272.8,10348.46,0.3992,77811,Path of Exile,238960
Oct-21,25924.34,11567.57,0.8057,148447,Path of Exile,238960
Sep-21,14356.77,-15434.05,-0.5181,28338,Path of Exile,238960
Aug-21,29790.83,10407.97,0.537,64671,Path of Exile,238960
Jul-21,19382.86,6090.1,0.4582,116106,Path of Exile,238960
Jun-21,13292.76,-26262.47,-0.6639,28019,Path of Exile,238960
May-21,39555.23,-4525.46,-0.1027,92312,Path of Exile,238960
Apr-21,44080.69,23818.86,1.1756,155138,Path of Exile,238960
Mar-21,20261.83,-26658.07,-0.5682,43963,Path of Exile,238960
Feb-21,46919.9,-765.71,-0.0161,90539,Path of Exile,238960
Jan-21,47685.61,34987.98,2.7555,157091,Path of Exile,238960
Dec-20,12697.63,-5145.26,-0.2884,36730,Path of Exile,238960
Nov-20,17842.89,-20594.38,-0.5357999999999999,37936,Path of Exile,238960
Oct-20,38437.27,6387.16,0.1993,75814,Path of Exile,238960
Sep-20,32050.11,13220.61,0.7021,121595,Path of Exile,238960
Aug-20,18829.49,-16011.41,-0.4596,38067,Path of Exile,238960
Jul-20,34840.9,4761.65,0.1583,64732,Path of Exile,238960
Jun-20,30079.25,11224.95,0.5954,125432,Path of Exile,238960
May-20,18854.3,-20380.76,-0.5195000000000001,39620,Path of Exile,238960
Apr-20,39235.06,-3097.79,-0.0732,73985,Path of Exile,238960
Mar-20,42332.85,24751.19,1.4078,132508,Path of Exile,238960
Feb-20,17581.66,-22397.11,-0.5602,41010,Path of Exile,238960
Jan-20,39978.76,-1709.28,-0.0409999999999999,84600,Path of Exile,238960
Dec-19,41688.04,29611.3,2.4519,117757,Path of Exile,238960
Nov-19,12076.74,-2830.72,-0.1898999999999999,24832,Path of Exile,238960
Oct-19,14907.46,-10352.7,-0.4097999999999999,31634,Path of Exile,238960
Sep-19,25260.17,14316.52,1.3082,74653,Path of Exile,238960
Aug-19,10943.65,-15470.61,-0.5857,25500,Path of Exile,238960
Jul-19,26414.26,-22076.83,-0.4553,53530,Path of Exile,238960
Jun-19,48491.09,35387,2.7005,113258,Path of Exile,238960
May-19,13104.09,-5849.76,-0.3086,33842,Path of Exile,238960
Apr-19,18953.84,-17030.89,-0.4733,40773,Path of Exile,238960
Mar-19,35984.73,21771.97,1.5319,111114,Path of Exile,238960
Feb-19,14212.75,-22553.51,-0.6134000000000001,33488,Path of Exile,238960
Jan-19,36766.27,-14555.61,-0.2836,77233,Path of Exile,238960
Dec-18,51321.88,36775.65,2.5282,123462,Path of Exile,238960
Nov-18,14546.23,-4974.39,-0.2548,27484,Path of Exile,238960
Oct-18,19520.61,-16588.25,-0.4594,39108,Path of Exile,238960
Sep-18,36108.86,23104.56,1.7767,75484,Path of Exile,238960
Aug-18,13004.31,-6981.37,-0.3493,75364,Path of Exile,238960
Jul-18,19985.68,-22065.37,-0.5246999999999999,42784,Path of Exile,238960
Jun-18,42051.05,26394.05,1.6858000000000002,95824,Path of Exile,238960
May-18,15657.0,-5759.57,-0.2689,42316,Path of Exile,238960
Apr-18,21416.57,-15088.06,-0.4133,45570,Path of Exile,238960
Mar-18,36504.62,23688.99,1.8484,81781,Path of Exile,238960
Feb-18,12815.64,-13366.23,-0.5105,27843,Path of Exile,238960
Jan-18,26181.87,-4775.51,-0.1543,51656,Path of Exile,238960
Dec-17,30957.38,20023.85,1.8314,70314,Path of Exile,238960
Nov-17,10933.53,-3937.29,-0.2648,28475,Path of Exile,238960
Oct-17,14870.82,-13808.82,-0.4815,31448,Path of Exile,238960
Sep-17,28679.63,-17797.73,-0.3829,60597,Path of Exile,238960
Aug-17,46477.36,37445.15,4.1457,98110,Path of Exile,238960
Jul-17,9032.2,-1067.62,-0.1057,17660,Path of Exile,238960
Jun-17,10099.82,-823.57,-0.0754,18274,Path of Exile,238960
May-17,10923.39,-6418.91,-0.3701,19390,Path of Exile,238960
Apr-17,17342.3,-10877.03,-0.3853999999999999,34829,Path of Exile,238960
Mar-17,28219.33,17425.41,1.6144,65200,Path of Exile,238960
Feb-17,10793.92,-5684.8,-0.345,18905,Path of Exile,238960
Jan-17,16478.72,-7287.29,-0.3066,30442,Path of Exile,238960
Dec-16,23766.0,15216.02,1.7797,46807,Path of Exile,238960
Nov-16,8549.98,-3443.76,-0.2871,15690,Path of Exile,238960
Oct-16,11993.74,-4550.22,-0.275,23384,Path of Exile,238960
Sep-16,16543.96,11500.2,2.2801,33220,Path of Exile,238960
Aug-16,5043.76,-2381.3,-0.3207,8356,Path of Exile,238960
Jul-16,7425.06,-4308.87,-0.3671999999999999,13960,Path of Exile,238960
Jun-16,11733.93,6033.18,1.0583,26111,Path of Exile,238960
May-16,5700.75,-4918.72,-0.4632,11266,Path of Exile,238960
Apr-16,10619.47,-6133.14,-0.3661,22159,Path of Exile,238960
Mar-16,16752.61,10798.89,1.8138,37266,Path of Exile,238960
Feb-16,5953.71,-3748.83,-0.3864,10241,Path of Exile,238960
Jan-16,9702.54,2.73,0.0003,18744,Path of Exile,238960
Dec-15,9699.81,4953.93,1.0438,22345,Path of Exile,238960
Nov-15,4745.88,-1073.98,-0.1845,10025,Path of Exile,238960
Oct-15,5819.86,143.29,0.0252,11805,Path of Exile,238960
Sep-15,5676.56,-5578.31,-0.4956,10759,Path of Exile,238960
Aug-15,11254.87,-2274.36,-0.1681,23239,Path of Exile,238960
Jul-15,13529.23,9496.84,2.3551,32284,Path of Exile,238960
Jun-15,4032.39,-1385.02,-0.2557,6689,Path of Exile,238960
May-15,5417.41,167.9,0.032,9818,Path of Exile,238960
Apr-15,5249.5,376.39,0.0771999999999999,9761,Path of Exile,238960
Mar-15,4873.11,-600.5,-0.1097,9857,Path of Exile,238960
Feb-15,5473.61,-1698.16,-0.2368,9982,Path of Exile,238960
Jan-15,7171.77,655.66,0.1006,12184,Path of Exile,238960
Dec-14,6516.11,2179.79,0.5027,13689,Path of Exile,238960
Nov-14,4336.33,-1503.39,-0.2573999999999999,8257,Path of Exile,238960
Oct-14,5839.72,-3352.92,-0.3646999999999999,10832,Path of Exile,238960
Sep-14,9192.63,1363.67,0.1742,19303,Path of Exile,238960
Aug-14,7828.96,3691.27,0.8920999999999999,24493,Path of Exile,238960
Jul-14,4137.7,236.89,0.0607,6922,Path of Exile,238960
Jun-14,3900.81,-584.32,-0.1303,6713,Path of Exile,238960
May-14,4485.12,-1300.23,-0.2246999999999999,8630,Path of Exile,238960
Apr-14,5785.36,-2808.62,-0.3268,10266,Path of Exile,238960
Mar-14,8593.97,2590.47,0.4315,19489,Path of Exile,238960
Feb-14,6003.51,-2353.42,-0.2816,11782,Path of Exile,238960
Jan-14,8356.92,-2008.52,-0.1938,15468,Path of Exile,238960
Dec-13,10365.44,-5900.27,-0.3627,19838,Path of Exile,238960
Nov-13,16265.71,-3081.2,-0.1593,32066,Path of Exile,238960
Oct-13,19346.91,-,0.0,34371,Path of Exile,238960
Sep-25,6259.6,1315.2,0.266,16784,Dying Light,239140
Aug-25,4944.41,-776.32,-0.1357,12980,Dying Light,239140
Jul-25,5720.72,-2394.47,-0.2951,11328,Dying Light,239140
Jun-25,8115.2,3961.1,0.9535,17244,Dying Light,239140
May-25,4154.09,-827.67,-0.1661,8589,Dying Light,239140
Apr-25,4981.76,-30.26,-0.006,10766,Dying Light,239140
Mar-25,5012.02,-2025.95,-0.2879,10496,Dying Light,239140
Feb-25,7037.96,1644.96,0.305,15145,Dying Light,239140
Jan-25,5393.0,-1613.9,-0.2303,10826,Dying Light,239140
Dec-24,7006.91,-1446.02,-0.1711,14520,Dying Light,239140
Nov-24,8452.93,2680.99,0.4645,24462,Dying Light,239140
Oct-24,5771.94,-71.85,-0.0123,24395,Dying Light,239140
Sep-24,5843.79,-172.74,-0.0287,17377,Dying Light,239140
Aug-24,6016.53,1613.62,0.3665,16881,Dying Light,239140
Jul-24,4402.91,-1824.47,-0.293,9211,Dying Light,239140
Jun-24,6227.38,-5357.82,-0.4625,15006,Dying Light,239140
May-24,11585.2,7747.03,2.0184,42473,Dying Light,239140
Apr-24,3838.18,-1459.86,-0.2755,9049,Dying Light,239140
Mar-24,5298.03,481.25,0.0999,11681,Dying Light,239140
Feb-24,4816.78,32.41,0.0068,10300,Dying Light,239140
Jan-24,4784.37,699.72,0.1712999999999999,9794,Dying Light,239140
Dec-23,4084.65,-49.74,-0.012,8285,Dying Light,239140
Nov-23,4134.39,-552.59,-0.1178999999999999,10447,Dying Light,239140
Oct-23,4686.98,1224.98,0.3538,12157,Dying Light,239140
Sep-23,3462.0,-712.25,-0.1705999999999999,8636,Dying Light,239140
Aug-23,4174.25,5.66,0.0014,10872,Dying Light,239140
Jul-23,4168.59,-454.21,-0.0983,7793,Dying Light,239140
Jun-23,4622.8,-905.48,-0.1638,9195,Dying Light,239140
May-23,5528.28,-4428.17,-0.4448,16520,Dying Light,239140
Apr-23,9956.45,3676.78,0.5855,29121,Dying Light,239140
Mar-23,6279.67,-1483.83,-0.1911,16360,Dying Light,239140
Feb-23,7763.49,1262.66,0.1942,22185,Dying Light,239140
Jan-23,6500.84,-1917.59,-0.2278,14303,Dying Light,239140
Dec-22,8418.43,-1443.18,-0.1463,16112,Dying Light,239140
Nov-22,9861.61,4781.6,0.9413,29628,Dying Light,239140
Oct-22,5080.01,-757.75,-0.1298,27385,Dying Light,239140
Sep-22,5837.76,-1364.53,-0.1895,15857,Dying Light,239140
Aug-22,7202.29,2500.04,0.5317000000000001,16650,Dying Light,239140
Jul-22,4702.25,-725.49,-0.1336999999999999,12758,Dying Light,239140
Jun-22,5427.75,240.08,0.0463,11195,Dying Light,239140
May-22,5187.67,1237.9,0.3134,12583,Dying Light,239140
Apr-22,3949.77,-3159.23,-0.4443999999999999,9393,Dying Light,239140
Mar-22,7109.0,-8627.54,-0.5482,18527,Dying Light,239140
Feb-22,15736.54,4754.07,0.4329,36277,Dying Light,239140
Jan-22,10982.47,859.97,0.085,25174,Dying Light,239140
Dec-21,10122.5,4457.35,0.7868,21464,Dying Light,239140
Nov-21,5665.15,-908.36,-0.1382,14130,Dying Light,239140
Oct-21,6573.5,1519,0.3005,14880,Dying Light,239140
Sep-21,5054.5,-1604.41,-0.2409,10527,Dying Light,239140
Aug-21,6658.91,-2234.59,-0.2512999999999999,13066,Dying Light,239140
Jul-21,8893.5,-6619.04,-0.4267,19343,Dying Light,239140
Jun-21,15512.54,7448.77,0.9237,35493,Dying Light,239140
May-21,8063.77,864.57,0.1201,31187,Dying Light,239140
Apr-21,7199.2,-2624.72,-0.2672,19837,Dying Light,239140
Mar-21,9823.92,2153.48,0.2807,26335,Dying Light,239140
Feb-21,7670.44,1309.51,0.2059,30600,Dying Light,239140
Jan-21,6360.94,-839.89,-0.1166,13411,Dying Light,239140
Dec-20,7200.82,728.73,0.1125999999999999,14154,Dying Light,239140
Nov-20,6472.09,265.8,0.0428,17235,Dying Light,239140
Oct-20,6206.29,1609.81,0.3502,16436,Dying Light,239140
Sep-20,4596.48,-3169.6,-0.4081,10239,Dying Light,239140
Aug-20,7766.08,1326.64,0.206,18914,Dying Light,239140
Jul-20,6439.45,-195.46,-0.0295,13305,Dying Light,239140
Jun-20,6634.91,1399.23,0.2672,14740,Dying Light,239140
May-20,5235.68,-5097,-0.4932999999999999,12124,Dying Light,239140
Apr-20,10332.68,3026.02,0.4140999999999999,25453,Dying Light,239140
Mar-20,7306.66,-2632.86,-0.2648999999999999,19480,Dying Light,239140
Feb-20,9939.51,3889.11,0.6428,38589,Dying Light,239140
Jan-20,6050.41,-622.03,-0.0932,15844,Dying Light,239140
Dec-19,6672.44,199.66,0.0308,13761,Dying Light,239140
Nov-19,6472.77,382.36,0.0628,18053,Dying Light,239140
Oct-19,6090.42,1005.37,0.1977,16027,Dying Light,239140
Sep-19,5085.04,-230.22,-0.0433,16368,Dying Light,239140
Aug-19,5315.26,-890.5,-0.1435,15375,Dying Light,239140
Jul-19,6205.76,-1057.07,-0.1455,15495,Dying Light,239140
Jun-19,7262.83,3628.79,0.9986,15879,Dying Light,239140
May-19,3634.03,-622.24,-0.1462,11195,Dying Light,239140
Apr-19,4256.27,478.22,0.1266,16951,Dying Light,239140
Mar-19,3778.06,-1311.84,-0.2577,11317,Dying Light,239140
Feb-19,5089.89,805.25,0.1878999999999999,14044,Dying Light,239140
Jan-19,4284.65,-389.11,-0.0833,9481,Dying Light,239140
Dec-18,4673.75,137.2,0.0302,9904,Dying Light,239140
Nov-18,4536.55,1809.63,0.6636,11113,Dying Light,239140
Oct-18,2726.92,-1020.01,-0.2722,8091,Dying Light,239140
Sep-18,3746.93,-327.7,-0.0803999999999999,8082,Dying Light,239140
Aug-18,4074.63,-1967.1,-0.3256,11813,Dying Light,239140
Jul-18,6041.73,-2460.5,-0.2894,14598,Dying Light,239140
Jun-18,8502.23,4728.84,1.2532,20189,Dying Light,239140
May-18,3773.39,-2221.36,-0.3706,10338,Dying Light,239140
Apr-18,5994.75,2727.9,0.835,22897,Dying Light,239140
Mar-18,3266.85,-3413.44,-0.511,7515,Dying Light,239140
Feb-18,6680.28,2796.06,0.7199,17089,Dying Light,239140
Jan-18,3884.22,578.08,0.1748999999999999,9586,Dying Light,239140
Dec-17,3306.14,280.32,0.0926,9296,Dying Light,239140
Nov-17,3025.82,-666.03,-0.1804,6985,Dying Light,239140
Oct-17,3691.85,2011.94,1.1977,10026,Dying Light,239140
Sep-17,1679.91,-475.26,-0.2205,3345,Dying Light,239140
Aug-17,2155.17,-1511.88,-0.4122999999999999,4141,Dying Light,239140
Jul-17,3667.05,126.28,0.0356999999999999,8444,Dying Light,239140
Jun-17,3540.77,1815.69,1.0525,9437,Dying Light,239140
May-17,1725.08,-1476.67,-0.4612,3428,Dying Light,239140
Apr-17,3201.76,1484.68,0.8647,9243,Dying Light,239140
Mar-17,1717.08,-512.24,-0.2298,4819,Dying Light,239140
Feb-17,2229.32,-1669.03,-0.4281,4849,Dying Light,239140
Jan-17,3898.34,1205.16,0.4475,10703,Dying Light,239140
Dec-16,2693.18,354.52,0.1516,8843,Dying Light,239140
Nov-16,2338.66,-388.68,-0.1425,5489,Dying Light,239140
Oct-16,2727.34,1201.98,0.7879999999999999,7915,Dying Light,239140
Sep-16,1525.36,-266.28,-0.1485999999999999,3397,Dying Light,239140
Aug-16,1791.65,-1063.62,-0.3725,3224,Dying Light,239140
Jul-16,2855.27,773.74,0.3717,7349,Dying Light,239140
Jun-16,2081.53,85.07,0.0426,5845,Dying Light,239140
May-16,1996.46,-812.55,-0.2893,4678,Dying Light,239140
Apr-16,2809.01,-1255.53,-0.3089,7429,Dying Light,239140
Mar-16,4064.54,-3977.43,-0.4946,10821,Dying Light,239140
Feb-16,8041.97,2936.83,0.5753,23073,Dying Light,239140
Jan-16,5105.14,861.87,0.2030999999999999,14189,Dying Light,239140
Dec-15,4243.27,1493.4,0.5431,11798,Dying Light,239140
Nov-15,2749.88,707.65,0.3465,8319,Dying Light,239140
Oct-15,2042.23,-53.77,-0.0256999999999999,5012,Dying Light,239140
Sep-15,2096.0,-43.96,-0.0204999999999999,7807,Dying Light,239140
Aug-15,2139.96,496.6,0.3021999999999999,5123,Dying Light,239140
Jul-15,1643.36,-137.24,-0.0771,3898,Dying Light,239140
Jun-15,1780.6,-231.72,-0.1151,3481,Dying Light,239140
May-15,2012.32,-611.49,-0.2330999999999999,4792,Dying Light,239140
Apr-15,2623.8,-3109.66,-0.5424,6720,Dying Light,239140
Mar-15,5733.46,-7137.92,-0.5546,15685,Dying Light,239140
Feb-15,12871.38,-,0.0,45770,Dying Light,239140
Sep-25,3511.03,-797.47,-0.1851,11507,The Forest,242760
Aug-25,4308.49,-4346.62,-0.5022,7574,The Forest,242760
Jul-25,8655.12,3666.8,0.7351000000000001,20285,The Forest,242760
Jun-25,4988.31,956.52,0.2372,19616,The Forest,242760
May-25,4031.79,-775.83,-0.1614,7913,The Forest,242760
Apr-25,4807.62,-3522.54,-0.4229,10815,The Forest,242760
Mar-25,8330.15,849.59,0.1135999999999999,27358,The Forest,242760
Feb-25,7480.57,-14006.82,-0.6518999999999999,17030,The Forest,242760
Jan-25,21487.39,-6497.47,-0.2322,89585,The Forest,242760
Dec-24,27984.85,12770.09,0.8393,109242,The Forest,242760
Nov-24,15214.77,9358.26,1.5979,78537,The Forest,242760
Oct-24,5856.51,2232.04,0.6158,71719,The Forest,242760
Sep-24,3624.47,-730.2,-0.1677,7756,The Forest,242760
Aug-24,4354.67,-3182.85,-0.4222999999999999,7808,The Forest,242760
Jul-24,7537.51,482.98,0.0684999999999999,18099,The Forest,242760
Jun-24,7054.54,3099.65,0.7837999999999999,26411,The Forest,242760
May-24,3954.89,138.41,0.0363,23500,The Forest,242760
Apr-24,3816.48,-3456.98,-0.4753,8446,The Forest,242760
Mar-24,7273.45,2976.33,0.6926000000000001,29097,The Forest,242760
Feb-24,4297.12,-3250.56,-0.4307,9145,The Forest,242760
Jan-24,7547.68,-2947.28,-0.2808,21490,The Forest,242760
Dec-23,10494.95,-1704.22,-0.1397,29332,The Forest,242760
Nov-23,12199.17,-968.8,-0.0736,51095,The Forest,242760
Oct-23,13167.97,10096.03,3.2865,76107,The Forest,242760
Sep-23,3071.93,-487.14,-0.1369,6022,The Forest,242760
Aug-23,3559.07,-780.71,-0.1798999999999999,6120,The Forest,242760
Jul-23,4339.78,709.6,0.1955,7181,The Forest,242760
Jun-23,3630.18,240.54,0.071,6045,The Forest,242760
May-23,3389.64,-1395.61,-0.2916,6392,The Forest,242760
Apr-23,4785.26,-6551.04,-0.5779,12396,The Forest,242760
Mar-23,11336.3,-962.94,-0.0783,28580,The Forest,242760
Feb-23,12299.23,-7552.15,-0.3804,31864,The Forest,242760
Jan-23,19851.38,2512.8,0.1449,48677,The Forest,242760
Dec-22,17338.57,-584.99,-0.0326,49783,The Forest,242760
Nov-22,17923.56,7509.41,0.7211,73218,The Forest,242760
Oct-22,10414.16,4197.39,0.6751999999999999,74816,The Forest,242760
Sep-22,6216.76,-7273.85,-0.5392,12925,The Forest,242760
Aug-22,13490.62,-538,-0.0383,47545,The Forest,242760
Jul-22,14028.61,3543.65,0.3379999999999999,41631,The Forest,242760
Jun-22,10484.96,-2829.5,-0.2125,40122,The Forest,242760
May-22,13314.46,7563.2,1.3151,66829,The Forest,242760
Apr-22,5751.26,-80.48,-0.0138,11894,The Forest,242760
Mar-22,5831.75,-4480.32,-0.4345,10529,The Forest,242760
Feb-22,10312.07,-2226.52,-0.1776,33109,The Forest,242760
Jan-22,12538.58,1817.9,0.1696,34172,The Forest,242760
Dec-21,10720.68,1198.24,0.1258,26467,The Forest,242760
Nov-21,9522.45,4059.87,0.7432,39049,The Forest,242760
Oct-21,5462.58,920.91,0.2028,36688,The Forest,242760
Sep-21,4541.66,-1307.57,-0.2235,8708,The Forest,242760
Aug-21,5849.23,-4452.06,-0.4322,9593,The Forest,242760
Jul-21,10301.29,1866.76,0.2213,27317,The Forest,242760
Jun-21,8434.53,695.12,0.0898,25557,The Forest,242760
May-21,7739.41,-4527.12,-0.3691,25808,The Forest,242760
Apr-21,12266.53,5701.41,0.8684000000000001,63683,The Forest,242760
Mar-21,6565.12,-5181.24,-0.4411,11806,The Forest,242760
Feb-21,11746.37,-1812.9,-0.1336999999999999,31612,The Forest,242760
Jan-21,13559.27,2997.37,0.2838,32817,The Forest,242760
Dec-20,10561.9,2165.71,0.2579,29909,The Forest,242760
Nov-20,8396.19,3852.94,0.8481000000000001,25440,The Forest,242760
Oct-20,4543.26,297.28,0.07,20294,The Forest,242760
Sep-20,4245.98,-640.73,-0.1311,7633,The Forest,242760
Aug-20,4886.7,-2935.76,-0.3753,7906,The Forest,242760
Jul-20,7822.46,2247.72,0.4032,16117,The Forest,242760
Jun-20,5574.74,-651.77,-0.1047,16215,The Forest,242760
May-20,6226.51,-1359.89,-0.1793,11583,The Forest,242760
Apr-20,7586.4,-1648.79,-0.1785,16351,The Forest,242760
Mar-20,9235.19,2510.04,0.3732,27977,The Forest,242760
Feb-20,6725.16,-469.74,-0.0653,15596,The Forest,242760
Jan-20,7194.89,829.92,0.1304,19189,The Forest,242760
Dec-19,6364.97,1788.51,0.3908,15029,The Forest,242760
Nov-19,4576.47,877.75,0.2373,10848,The Forest,242760
Oct-19,3698.72,-1186.92,-0.2429,8309,The Forest,242760
Sep-19,4885.63,1059.15,0.2768,17275,The Forest,242760
Aug-19,3826.49,-1571.58,-0.2910999999999999,6834,The Forest,242760
Jul-19,5398.07,1044.5,0.2398999999999999,12098,The Forest,242760
Jun-19,4353.57,639.72,0.1723,11432,The Forest,242760
May-19,3713.85,45.7,0.0125,7482,The Forest,242760
Apr-19,3668.15,-642.22,-0.149,7637,The Forest,242760
Mar-19,4310.37,-2025.45,-0.3197,8634,The Forest,242760
Feb-19,6335.81,-2115.56,-0.2503,17363,The Forest,242760
Jan-19,8451.37,255.2,0.0311,18954,The Forest,242760
Dec-18,8196.17,3124.76,0.6162,20925,The Forest,242760
Nov-18,5071.4,1192.58,0.3075,13137,The Forest,242760
Oct-18,3878.83,43.93,0.0115,10482,The Forest,242760
Sep-18,3834.9,-592.28,-0.1338,7588,The Forest,242760
Aug-18,4427.18,-3255.36,-0.4236999999999999,7873,The Forest,242760
Jul-18,7682.54,-1632.73,-0.1753,17613,The Forest,242760
Jun-18,9315.27,-2989.79,-0.243,21553,The Forest,242760
May-18,12305.05,8630.62,2.3488,25577,The Forest,242760
Apr-18,3674.44,-343.96,-0.0856,15745,The Forest,242760
Mar-18,4018.4,-1151.29,-0.2227,7626,The Forest,242760
Feb-18,5169.69,-236.63,-0.0438,11253,The Forest,242760
Jan-18,5406.31,314.42,0.0617,11300,The Forest,242760
Dec-17,5091.89,1296,0.3414,12249,The Forest,242760
Nov-17,3795.89,468.09,0.1407,8865,The Forest,242760
Oct-17,3327.81,390.48,0.1329,8243,The Forest,242760
Sep-17,2937.32,-485.66,-0.1419,6115,The Forest,242760
Aug-17,3422.98,-861.55,-0.2011,5978,The Forest,242760
Jul-17,4284.53,978.07,0.2958,7707,The Forest,242760
Jun-17,3306.46,638.66,0.2394,7873,The Forest,242760
May-17,2667.8,-122.04,-0.0437,5707,The Forest,242760
Apr-17,2789.84,-370.43,-0.1172,5468,The Forest,242760
Mar-17,3160.27,-1513.57,-0.3238,7030,The Forest,242760
Feb-17,4673.83,-3341.22,-0.4169,11106,The Forest,242760
Jan-17,8015.05,2853.32,0.5528,18273,The Forest,242760
Dec-16,5161.73,2336.12,0.8268000000000001,16972,The Forest,242760
Nov-16,2825.61,632.15,0.2882,6941,The Forest,242760
Oct-16,2193.47,-232.74,-0.0959,4826,The Forest,242760
Sep-16,2426.21,-377.3,-0.1346,5077,The Forest,242760
Aug-16,2803.51,-629.02,-0.1833,4932,The Forest,242760
Jul-16,3432.53,285.33,0.0907,7888,The Forest,242760
Jun-16,3147.2,675.94,0.2735,7430,The Forest,242760
May-16,2471.26,174.55,0.076,5120,The Forest,242760
Apr-16,2296.71,-219.85,-0.0874,4767,The Forest,242760
Mar-16,2516.55,-512.1,-0.1691,4793,The Forest,242760
Feb-16,3028.66,222.85,0.0794,6306,The Forest,242760
Jan-16,2805.81,721.09,0.3459,6245,The Forest,242760
Dec-15,2084.72,480.37,0.2994,4962,The Forest,242760
Nov-15,1604.35,53.44,0.0345,3788,The Forest,242760
Oct-15,1550.91,56.91,0.0381,3240,The Forest,242760
Sep-15,1494.0,-455.36,-0.2336,3686,The Forest,242760
Aug-15,1949.36,448.49,0.2988,4060,The Forest,242760
Jul-15,1500.87,-174.16,-0.104,3421,The Forest,242760
Jun-15,1675.04,765.05,0.8406999999999999,4689,The Forest,242760
May-15,909.99,-22.01,-0.0236,1990,The Forest,242760
Apr-15,932.01,-207,-0.1817,2241,The Forest,242760
Mar-15,1139.0,-373.2,-0.2468,3194,The Forest,242760
Feb-15,1512.2,-356.24,-0.1907,3215,The Forest,242760
Jan-15,1868.44,100.39,0.0567999999999999,4809,The Forest,242760
Dec-14,1768.05,587.64,0.4978,3891,The Forest,242760
Nov-14,1180.42,362.71,0.4436,4640,The Forest,242760
Oct-14,817.7,91.13,0.1253999999999999,2918,The Forest,242760
Sep-14,726.57,-403.93,-0.3572999999999999,1875,The Forest,242760
Aug-14,1130.51,-323.76,-0.2226,3121,The Forest,242760
Jul-14,1454.26,-986,-0.4040999999999999,4725,The Forest,242760
Jun-14,2440.26,1497.37,1.5881,6673,The Forest,242760
May-14,942.89,-,0.0,5722,The Forest,242760
Sep-25,9131.55,-514.77,-0.0533999999999999,17949,Assetto Corsa,244210
Aug-25,9646.31,-110.3,-0.0113,16885,Assetto Corsa,244210
Jul-25,9756.61,-100.85,-0.0102,16628,Assetto Corsa,244210
Jun-25,9857.46,285.6,0.0298,17324,Assetto Corsa,244210
May-25,9571.86,302.46,0.0326,18218,Assetto Corsa,244210
Apr-25,9269.4,-217.43,-0.0229,16925,Assetto Corsa,244210
Mar-25,9486.83,-255.37,-0.0262,18644,Assetto Corsa,244210
Feb-25,9742.21,-870.16,-0.0819999999999999,18623,Assetto Corsa,244210
Jan-25,10612.36,107.86,0.0103,19481,Assetto Corsa,244210
Dec-24,10504.5,1492.9,0.1657,19780,Assetto Corsa,244210
Nov-24,9011.61,65.18,0.0073,17274,Assetto Corsa,244210
Oct-24,8946.42,254.56,0.0293,16556,Assetto Corsa,244210
Sep-24,8691.86,-294.31,-0.0327999999999999,16539,Assetto Corsa,244210
Aug-24,8986.18,-1155.66,-0.1139,15389,Assetto Corsa,244210
Jul-24,10141.84,-556.95,-0.0521,18094,Assetto Corsa,244210
Jun-24,10698.78,651.34,0.0648,19585,Assetto Corsa,244210
May-24,10047.44,472.69,0.0494,18432,Assetto Corsa,244210
Apr-24,9574.75,-13.05,-0.0014,17613,Assetto Corsa,244210
Mar-24,9587.8,553.17,0.0612,18585,Assetto Corsa,244210
Feb-24,9034.63,-644.41,-0.0666,17355,Assetto Corsa,244210
Jan-24,9679.04,8.23,0.0009,18605,Assetto Corsa,244210
Dec-23,9670.8,1653.39,0.2062,19228,Assetto Corsa,244210
Nov-23,8017.41,-152.99,-0.0187,16763,Assetto Corsa,244210
Oct-23,8170.4,-92.84,-0.0112,15425,Assetto Corsa,244210
Sep-23,8263.24,314.16,0.0395,15846,Assetto Corsa,244210
Aug-23,7949.08,-758.84,-0.0871,14020,Assetto Corsa,244210
Jul-23,8707.92,234.72,0.0277,15037,Assetto Corsa,244210
Jun-23,8473.2,689.55,0.0886,14867,Assetto Corsa,244210
May-23,7783.65,-773.46,-0.0904,14258,Assetto Corsa,244210
Apr-23,8557.11,307.91,0.0373,16371,Assetto Corsa,244210
Mar-23,8249.2,-113.62,-0.0136,16576,Assetto Corsa,244210
Feb-23,8362.81,-588.79,-0.0658,16173,Assetto Corsa,244210
Jan-23,8951.6,645.92,0.0778,17380,Assetto Corsa,244210
Dec-22,8305.68,1459.61,0.2132,16063,Assetto Corsa,244210
Nov-22,6846.07,357.05,0.055,15034,Assetto Corsa,244210
Oct-22,6489.02,86.65,0.0135,11949,Assetto Corsa,244210
Sep-22,6402.37,205.58,0.0332,12536,Assetto Corsa,244210
Aug-22,6196.78,-132.2,-0.0209,9891,Assetto Corsa,244210
Jul-22,6328.98,-210.61,-0.0322,10655,Assetto Corsa,244210
Jun-22,6539.59,287.37,0.046,11147,Assetto Corsa,244210
May-22,6252.22,-60.89,-0.0096,13120,Assetto Corsa,244210
Apr-22,6313.12,1148.12,0.2223,11999,Assetto Corsa,244210
Mar-22,5164.99,-206.41,-0.0384,9935,Assetto Corsa,244210
Feb-22,5371.4,-436.08,-0.0751,9953,Assetto Corsa,244210
Jan-22,5807.48,470.37,0.0881,10533,Assetto Corsa,244210
Dec-21,5337.11,516.48,0.1071,10558,Assetto Corsa,244210
Nov-21,4820.63,-207.77,-0.0412999999999999,9502,Assetto Corsa,244210
Oct-21,5028.39,71.31,0.0144,10410,Assetto Corsa,244210
Sep-21,4957.08,164.85,0.0344,9363,Assetto Corsa,244210
Aug-21,4792.24,185.88,0.0404,8257,Assetto Corsa,244210
Jul-21,4606.36,-574,-0.1108,8225,Assetto Corsa,244210
Jun-21,5180.36,440.34,0.0929,11508,Assetto Corsa,244210
May-21,4740.02,-6.73,-0.0014,8586,Assetto Corsa,244210
Apr-21,4746.75,394.87,0.0907,8758,Assetto Corsa,244210
Mar-21,4351.89,-183.16,-0.0404,8445,Assetto Corsa,244210
Feb-21,4535.05,-94.33,-0.0204,8944,Assetto Corsa,244210
Jan-21,4629.38,230.29,0.0524,8585,Assetto Corsa,244210
Dec-20,4399.08,201.26,0.0479,9165,Assetto Corsa,244210
Nov-20,4197.82,583.66,0.1614999999999999,8718,Assetto Corsa,244210
Oct-20,3614.17,238.25,0.0706,7942,Assetto Corsa,244210
Sep-20,3375.92,268.29,0.0863,6431,Assetto Corsa,244210
Aug-20,3107.63,-191.68,-0.0581,5601,Assetto Corsa,244210
Jul-20,3299.31,-37.28,-0.0112,5948,Assetto Corsa,244210
Jun-20,3336.6,-521.69,-0.1352,6232,Assetto Corsa,244210
May-20,3858.29,-540.92,-0.123,8153,Assetto Corsa,244210
Apr-20,4399.21,1147.83,0.353,8335,Assetto Corsa,244210
Mar-20,3251.38,686.42,0.2676,7792,Assetto Corsa,244210
Feb-20,2564.96,-151.81,-0.0559,5278,Assetto Corsa,244210
Jan-20,2716.77,140.14,0.0544,5446,Assetto Corsa,244210
Dec-19,2576.63,473.86,0.2254,5172,Assetto Corsa,244210
Nov-19,2102.77,120.29,0.0607,4782,Assetto Corsa,244210
Oct-19,1982.47,147.84,0.0806,4425,Assetto Corsa,244210
Sep-19,1834.63,9.7,0.0053,3702,Assetto Corsa,244210
Aug-19,1824.93,-173.25,-0.0867,3213,Assetto Corsa,244210
Jul-19,1998.17,77.07,0.0401,5392,Assetto Corsa,244210
Jun-19,1921.11,-232.27,-0.1079,3522,Assetto Corsa,244210
May-19,2153.38,202.1,0.1036,5386,Assetto Corsa,244210
Apr-19,1951.28,15.73,0.0081,4077,Assetto Corsa,244210
Mar-19,1935.54,-24.25,-0.0124,3818,Assetto Corsa,244210
Feb-19,1959.79,-36.74,-0.0184,4162,Assetto Corsa,244210
Jan-19,1996.53,32.4,0.0165,4034,Assetto Corsa,244210
Dec-18,1964.13,190.16,0.1072,3986,Assetto Corsa,244210
Nov-18,1773.97,109.33,0.0657,3859,Assetto Corsa,244210
Oct-18,1664.64,-97.28,-0.0552,3497,Assetto Corsa,244210
Sep-18,1761.92,44.99,0.0262,3529,Assetto Corsa,244210
Aug-18,1716.94,-9.93,-0.0056999999999999,3322,Assetto Corsa,244210
Jul-18,1726.86,-129.05,-0.0695,3279,Assetto Corsa,244210
Jun-18,1855.91,-35.95,-0.019,3673,Assetto Corsa,244210
May-18,1891.86,179.81,0.105,4170,Assetto Corsa,244210
Apr-18,1712.05,-45.31,-0.0258,3607,Assetto Corsa,244210
Mar-18,1757.36,-66.57,-0.0365,3786,Assetto Corsa,244210
Feb-18,1823.93,-78.12,-0.0411,4127,Assetto Corsa,244210
Jan-18,1902.05,27.1,0.0144999999999999,3985,Assetto Corsa,244210
Dec-17,1874.94,367.44,0.2437,4248,Assetto Corsa,244210
Nov-17,1507.5,50.3,0.0345,3648,Assetto Corsa,244210
Oct-17,1457.2,-190.89,-0.1158,3101,Assetto Corsa,244210
Sep-17,1648.09,55.38,0.0348,3987,Assetto Corsa,244210
Aug-17,1592.71,-37.8,-0.0232,3298,Assetto Corsa,244210
Jul-17,1630.51,89.82,0.0583,3293,Assetto Corsa,244210
Jun-17,1540.69,-117.85,-0.0711,3411,Assetto Corsa,244210
May-17,1658.54,40.27,0.0249,4204,Assetto Corsa,244210
Apr-17,1618.27,215.99,0.154,4419,Assetto Corsa,244210
Mar-17,1402.28,-54.37,-0.0373,3333,Assetto Corsa,244210
Feb-17,1456.65,51.04,0.0363,3330,Assetto Corsa,244210
Jan-17,1405.61,103.52,0.0795,3050,Assetto Corsa,244210
Dec-16,1302.09,97.56,0.081,3470,Assetto Corsa,244210
Nov-16,1204.53,134.54,0.1257,3633,Assetto Corsa,244210
Oct-16,1069.99,-7.87,-0.0073,3593,Assetto Corsa,244210
Sep-16,1077.86,25.26,0.024,2490,Assetto Corsa,244210
Aug-16,1052.6,-80.97,-0.0713999999999999,2798,Assetto Corsa,244210
Jul-16,1133.57,177.91,0.1862,3604,Assetto Corsa,244210
Jun-16,955.66,-100.48,-0.0951,2120,Assetto Corsa,244210
May-16,1056.13,45.63,0.0452,3432,Assetto Corsa,244210
Apr-16,1010.5,217.94,0.275,2613,Assetto Corsa,244210
Mar-16,792.56,-49.25,-0.0584999999999999,1899,Assetto Corsa,244210
Feb-16,841.82,-74.15,-0.081,1905,Assetto Corsa,244210
Jan-16,915.97,2.05,0.0022,2103,Assetto Corsa,244210
Dec-15,913.92,139.27,0.1798,2647,Assetto Corsa,244210
Nov-15,774.65,-164.17,-0.1748999999999999,1897,Assetto Corsa,244210
Oct-15,938.82,298.05,0.4650999999999999,3207,Assetto Corsa,244210
Sep-15,640.77,-181.74,-0.221,1586,Assetto Corsa,244210
Aug-15,822.52,174.87,0.27,2357,Assetto Corsa,244210
Jul-15,647.64,-83.8,-0.1146,2660,Assetto Corsa,244210
Jun-15,731.44,-80.79,-0.0994999999999999,1780,Assetto Corsa,244210
May-15,812.24,-137.36,-0.1447,1999,Assetto Corsa,244210
Apr-15,949.6,-372.07,-0.2815,2487,Assetto Corsa,244210
Mar-15,1321.67,439.97,0.499,6954,Assetto Corsa,244210
Feb-15,881.7,-146.16,-0.1422,2053,Assetto Corsa,244210
Jan-15,1027.86,111.11,0.1211999999999999,2305,Assetto Corsa,244210
Dec-14,916.75,141.76,0.1828999999999999,2683,Assetto Corsa,244210
Nov-14,774.99,-118.65,-0.1328,2040,Assetto Corsa,244210
Oct-14,893.64,338.61,0.6101,4250,Assetto Corsa,244210
Sep-14,555.03,-59.81,-0.0973,1557,Assetto Corsa,244210
Aug-14,614.84,66.38,0.121,1850,Assetto Corsa,244210
Jul-14,548.46,78.3,0.1664999999999999,1528,Assetto Corsa,244210
Jun-14,470.16,-129.82,-0.2164,1805,Assetto Corsa,244210
May-14,599.98,266.24,0.7978000000000001,2734,Assetto Corsa,244210
Apr-14,333.74,-66.98,-0.1672,1459,Assetto Corsa,244210
Mar-14,400.72,112.92,0.3924,1444,Assetto Corsa,244210
Feb-14,287.8,-41.24,-0.1253,1384,Assetto Corsa,244210
Jan-14,329.04,-28.33,-0.0793,1701,Assetto Corsa,244210
Dec-13,357.37,110.37,0.4468999999999999,1667,Assetto Corsa,244210
Nov-13,247.0,245.26,141.1261,1464,Assetto Corsa,244210
Oct-13,1.74,-,0.0,8,Assetto Corsa,244210
Sep-25,6742.32,2366.86,0.5409,13443,Space Engineers,244850
Aug-25,4375.47,676.68,0.1828999999999999,13985,Space Engineers,244850
Jul-25,3698.79,-244.81,-0.0621,6290,Space Engineers,244850
Jun-25,3943.6,-732.71,-0.1567,7426,Space Engineers,244850
May-25,4676.31,1314.44,0.391,8883,Space Engineers,244850
Apr-25,3361.86,-402.59,-0.1069,6128,Space Engineers,244850
Mar-25,3764.45,-665.77,-0.1503,6688,Space Engineers,244850
Feb-25,4430.22,-1174.35,-0.2095,8400,Space Engineers,244850
Jan-25,5604.57,-40.37,-0.0072,10387,Space Engineers,244850
Dec-24,5644.94,-575.34,-0.0925,10065,Space Engineers,244850
Nov-24,6220.28,-342.83,-0.0521999999999999,12739,Space Engineers,244850
Oct-24,6563.11,2331.04,0.5508,15859,Space Engineers,244850
Sep-24,4232.07,302.35,0.0769,8029,Space Engineers,244850
Aug-24,3929.72,-110.07,-0.0272,6840,Space Engineers,244850
Jul-24,4039.79,-499.5,-0.11,7020,Space Engineers,244850
Jun-24,4539.29,-88.26,-0.0191,8723,Space Engineers,244850
May-24,4627.55,38.64,0.0084,8750,Space Engineers,244850
Apr-24,4588.91,-456.58,-0.0905,8580,Space Engineers,244850
Mar-24,5045.49,502.21,0.1105,8972,Space Engineers,244850
Feb-24,4543.28,-477.89,-0.0951999999999999,8103,Space Engineers,244850
Jan-24,5021.17,467.21,0.1026,8549,Space Engineers,244850
Dec-23,4553.96,-737.45,-0.1394,8006,Space Engineers,244850
Nov-23,5291.41,-430.1,-0.0751999999999999,10435,Space Engineers,244850
Oct-23,5721.51,760,0.1532,17737,Space Engineers,244850
Sep-23,4961.51,371.45,0.0809,8735,Space Engineers,244850
Aug-23,4590.06,-804.12,-0.1491,7871,Space Engineers,244850
Jul-23,5394.17,615.71,0.1289,9071,Space Engineers,244850
Jun-23,4778.46,-1058.92,-0.1814,8741,Space Engineers,244850
May-23,5837.38,-673.9,-0.1035,10886,Space Engineers,244850
Apr-23,6511.28,1693.23,0.3514,13321,Space Engineers,244850
Mar-23,4818.06,-249.68,-0.0493,9000,Space Engineers,244850
Feb-23,5067.74,-293.21,-0.0547,9205,Space Engineers,244850
Jan-23,5360.94,305.04,0.0603,9367,Space Engineers,244850
Dec-22,5055.9,-257.2,-0.0484,8791,Space Engineers,244850
Nov-22,5313.1,875.72,0.1973,10883,Space Engineers,244850
Oct-22,4437.38,-82.03,-0.0182,8054,Space Engineers,244850
Sep-22,4519.42,-243.12,-0.051,8193,Space Engineers,244850
Aug-22,4762.54,-406.42,-0.0786,8083,Space Engineers,244850
Jul-22,5168.96,-10.45,-0.002,8610,Space Engineers,244850
Jun-22,5179.41,-1139.89,-0.1804,9198,Space Engineers,244850
May-22,6319.3,-32.52,-0.0051,12138,Space Engineers,244850
Apr-22,6351.82,-280.68,-0.0423,11659,Space Engineers,244850
Mar-22,6632.5,-2344.17,-0.2611,12609,Space Engineers,244850
Feb-22,8976.67,3272.69,0.5738,17189,Space Engineers,244850
Jan-22,5703.98,1212.84,0.2701,10452,Space Engineers,244850
Dec-21,4491.13,-135.46,-0.0293,7516,Space Engineers,244850
Nov-21,4626.59,369.27,0.0867,8678,Space Engineers,244850
Oct-21,4257.33,-467.28,-0.0989,7384,Space Engineers,244850
Sep-21,4724.6,-1177.28,-0.1994999999999999,8566,Space Engineers,244850
Aug-21,5901.88,1412.84,0.3147,10133,Space Engineers,244850
Jul-21,4489.04,121.81,0.0279,8768,Space Engineers,244850
Jun-21,4367.23,-1224.79,-0.2189999999999999,7640,Space Engineers,244850
May-21,5592.01,-539.45,-0.088,10180,Space Engineers,244850
Apr-21,6131.46,124.89,0.0208,10978,Space Engineers,244850
Mar-21,6006.57,-1772.4,-0.2278,10852,Space Engineers,244850
Feb-21,7778.97,212.53,0.0281,16196,Space Engineers,244850
Jan-21,7566.44,618.36,0.089,12876,Space Engineers,244850
Dec-20,6948.08,662.38,0.1054,12445,Space Engineers,244850
Nov-20,6285.7,629.42,0.1113,12491,Space Engineers,244850
Oct-20,5656.28,226.02,0.0416,13163,Space Engineers,244850
Sep-20,5430.26,-829.94,-0.1326,9578,Space Engineers,244850
Aug-20,6260.2,-59.6,-0.0093999999999999,10817,Space Engineers,244850
Jul-20,6319.8,-328.7,-0.0494,11314,Space Engineers,244850
Jun-20,6648.5,-707.09,-0.0960999999999999,11962,Space Engineers,244850
May-20,7355.59,-990.85,-0.1186999999999999,12506,Space Engineers,244850
Apr-20,8346.43,1032.2,0.1411,15124,Space Engineers,244850
Mar-20,7314.23,332.78,0.0476999999999999,14055,Space Engineers,244850
Feb-20,6981.45,-1485.73,-0.1755,13439,Space Engineers,244850
Jan-20,8467.19,2803.76,0.4951,15496,Space Engineers,244850
Dec-19,5663.43,266.17,0.0493,11838,Space Engineers,244850
Nov-19,5397.26,331.31,0.0654,10211,Space Engineers,244850
Oct-19,5065.95,-832.12,-0.1411,10261,Space Engineers,244850
Sep-19,5898.07,387.77,0.0704,11838,Space Engineers,244850
Aug-19,5510.3,370.08,0.072,11709,Space Engineers,244850
Jul-19,5140.22,495.48,0.1067,9610,Space Engineers,244850
Jun-19,4644.74,-552.47,-0.1063,8329,Space Engineers,244850
May-19,5197.21,-1700.67,-0.2466,10452,Space Engineers,244850
Apr-19,6897.88,-3088.27,-0.3093,13956,Space Engineers,244850
Mar-19,9986.15,6868.54,2.2031,23519,Space Engineers,244850
Feb-19,3117.61,-235.27,-0.0702,10041,Space Engineers,244850
Jan-19,3352.88,230.3,0.0738,6043,Space Engineers,244850
Dec-18,3122.59,185.83,0.0633,6138,Space Engineers,244850
Nov-18,2936.75,8.41,0.0029,5827,Space Engineers,244850
Oct-18,2928.34,-61.92,-0.0207,5946,Space Engineers,244850
Sep-18,2990.26,-1219.3,-0.2896,5496,Space Engineers,244850
Aug-18,4209.55,-64,-0.015,8077,Space Engineers,244850
Jul-18,4273.56,1769.9,0.7069,10788,Space Engineers,244850
Jun-18,2503.66,-108.59,-0.0416,4402,Space Engineers,244850
May-18,2612.25,-446.73,-0.146,4763,Space Engineers,244850
Apr-18,3058.98,-219.14,-0.0668,6029,Space Engineers,244850
Mar-18,3278.12,-594.02,-0.1534,6101,Space Engineers,244850
Feb-18,3872.14,273.63,0.076,7709,Space Engineers,244850
Jan-18,3598.51,-180.95,-0.0479,7337,Space Engineers,244850
Dec-17,3779.47,775.18,0.258,7492,Space Engineers,244850
Nov-17,3004.29,204.81,0.0732,6047,Space Engineers,244850
Oct-17,2799.48,-397.62,-0.1244,5319,Space Engineers,244850
Sep-17,3197.1,253.78,0.0862,7185,Space Engineers,244850
Aug-17,2943.32,201.78,0.0736,6045,Space Engineers,244850
Jul-17,2741.55,15.77,0.0058,4645,Space Engineers,244850
Jun-17,2725.77,-248.21,-0.0834999999999999,5527,Space Engineers,244850
May-17,2973.98,-117.43,-0.038,5808,Space Engineers,244850
Apr-17,3091.4,536.67,0.2101,6524,Space Engineers,244850
Mar-17,2554.73,-418.23,-0.1407,5253,Space Engineers,244850
Feb-17,2972.96,-1448.01,-0.3275,5687,Space Engineers,244850
Jan-17,4420.97,195.19,0.0462,8563,Space Engineers,244850
Dec-16,4225.78,1813.64,0.7519,10261,Space Engineers,244850
Nov-16,2412.14,-97.52,-0.0389,4579,Space Engineers,244850
Oct-16,2509.65,-207.41,-0.0762999999999999,4760,Space Engineers,244850
Sep-16,2717.07,-827.4,-0.2334,5314,Space Engineers,244850
Aug-16,3544.47,337.06,0.1051,6901,Space Engineers,244850
Jul-16,3207.41,98.76,0.0318,6381,Space Engineers,244850
Jun-16,3108.64,-181.27,-0.0550999999999999,6255,Space Engineers,244850
May-16,3289.92,-1100.78,-0.2507,6946,Space Engineers,244850
Apr-16,4390.69,1097.82,0.3334,12796,Space Engineers,244850
Mar-16,3292.87,-100.27,-0.0296,6187,Space Engineers,244850
Feb-16,3393.15,-920.72,-0.2134,6425,Space Engineers,244850
Jan-16,4313.87,-631.31,-0.1277,8840,Space Engineers,244850
Dec-15,4945.18,-1189.6,-0.1939,9621,Space Engineers,244850
Nov-15,6134.78,2760.34,0.818,20253,Space Engineers,244850
Oct-15,3374.44,789.69,0.3055,6434,Space Engineers,244850
Sep-15,2584.75,-223.6,-0.0796,6118,Space Engineers,244850
Aug-15,2808.35,-0.31,-0.0001,4837,Space Engineers,244850
Jul-15,2808.66,116.81,0.0434,5104,Space Engineers,244850
Jun-15,2691.85,-410.31,-0.1323,4788,Space Engineers,244850
May-15,3102.16,-683.49,-0.1805,5402,Space Engineers,244850
Apr-15,3785.64,-737.35,-0.163,7637,Space Engineers,244850
Mar-15,4522.99,-1064.21,-0.1905,10251,Space Engineers,244850
Feb-15,5587.2,-9.66,-0.0017,22303,Space Engineers,244850
Jan-15,5596.86,1429.37,0.3429999999999999,12174,Space Engineers,244850
Dec-14,4167.49,1232.56,0.42,9740,Space Engineers,244850
Nov-14,2934.93,-2165.73,-0.4246,5716,Space Engineers,244850
Oct-14,5100.66,1710.15,0.5044,23867,Space Engineers,244850
Sep-14,3390.52,-1375.56,-0.2885999999999999,6773,Space Engineers,244850
Aug-14,4766.07,-164.16,-0.0333,9427,Space Engineers,244850
Jul-14,4930.23,1204.48,0.3233,10415,Space Engineers,244850
Jun-14,3725.75,-438.79,-0.1054,13819,Space Engineers,244850
May-14,4164.54,-495.51,-0.1063,7978,Space Engineers,244850
Apr-14,4660.05,2452.7,1.1111,10523,Space Engineers,244850
Mar-14,2207.35,915,0.708,6513,Space Engineers,244850
Feb-14,1292.35,292.2,0.2922,4474,Space Engineers,244850
Jan-14,1000.15,404.56,0.6792,2992,Space Engineers,244850
Dec-13,595.6,-190.4,-0.2422,1241,Space Engineers,244850
Nov-13,786.0,-406.35,-0.3408,2000,Space Engineers,244850
Oct-13,1192.34,-,0.0,2089,Space Engineers,244850
Sep-25,16364.57,-1484.05,-0.0831,26926,The Binding of Isaac: Rebirth,250900
Aug-25,17848.62,-465.68,-0.0254,26444,The Binding of Isaac: Rebirth,250900
Jul-25,18314.31,953.43,0.0549,26461,The Binding of Isaac: Rebirth,250900
Jun-25,17360.88,-1723.2,-0.0902999999999999,26743,The Binding of Isaac: Rebirth,250900
May-25,19084.08,-96.79,-0.005,29167,The Binding of Isaac: Rebirth,250900
Apr-25,19180.87,-2827.74,-0.1285,29914,The Binding of Isaac: Rebirth,250900
Mar-25,22008.61,-4057.57,-0.1557,35044,The Binding of Isaac: Rebirth,250900
Feb-25,26066.18,-3068.04,-0.1052999999999999,37992,The Binding of Isaac: Rebirth,250900
Jan-25,29134.22,1940.65,0.0713999999999999,44078,The Binding of Isaac: Rebirth,250900
Dec-24,27193.58,3066.84,0.1271,43476,The Binding of Isaac: Rebirth,250900
Nov-24,24126.73,9801.09,0.6842,49231,The Binding of Isaac: Rebirth,250900
Oct-24,14325.65,94.68,0.0067,22443,The Binding of Isaac: Rebirth,250900
Sep-24,14230.97,-829.53,-0.0550999999999999,22750,The Binding of Isaac: Rebirth,250900
Aug-24,15060.49,-134.4,-0.0088,21978,The Binding of Isaac: Rebirth,250900
Jul-24,15194.89,758.07,0.0525,21741,The Binding of Isaac: Rebirth,250900
Jun-24,14436.82,225.96,0.0159,22097,The Binding of Isaac: Rebirth,250900
May-24,14210.86,-1850.24,-0.1152,22803,The Binding of Isaac: Rebirth,250900
Apr-24,16061.1,-1323.8,-0.0761,25639,The Binding of Isaac: Rebirth,250900
Mar-24,17384.9,-1233.21,-0.0662,27573,The Binding of Isaac: Rebirth,250900
Feb-24,18618.11,-1770.97,-0.0868999999999999,27244,The Binding of Isaac: Rebirth,250900
Jan-24,20389.08,3011.91,0.1732999999999999,30548,The Binding of Isaac: Rebirth,250900
Dec-23,17377.17,2186.88,0.144,27507,The Binding of Isaac: Rebirth,250900
Nov-23,15190.29,-873.88,-0.0544,23825,The Binding of Isaac: Rebirth,250900
Oct-23,16064.17,2182.19,0.1572,25701,The Binding of Isaac: Rebirth,250900
Sep-23,13881.98,447.45,0.0333,21930,The Binding of Isaac: Rebirth,250900
Aug-23,13434.52,-793.6,-0.0558,18588,The Binding of Isaac: Rebirth,250900
Jul-23,14228.12,1461.76,0.1144999999999999,18686,The Binding of Isaac: Rebirth,250900
Jun-23,12766.37,-708.54,-0.0526,18355,The Binding of Isaac: Rebirth,250900
May-23,13474.91,-821.63,-0.0575,20420,The Binding of Isaac: Rebirth,250900
Apr-23,14296.54,-43.96,-0.0031,21643,The Binding of Isaac: Rebirth,250900
Mar-23,14340.5,-598.61,-0.0401,21741,The Binding of Isaac: Rebirth,250900
Feb-23,14939.11,-416.01,-0.0271,21953,The Binding of Isaac: Rebirth,250900
Jan-23,15355.13,2817.3,0.2246999999999999,21061,The Binding of Isaac: Rebirth,250900
Dec-22,12537.82,444.94,0.0368,18304,The Binding of Isaac: Rebirth,250900
Nov-22,12092.89,203.8,0.0171,18913,The Binding of Isaac: Rebirth,250900
Oct-22,11889.09,-1283.56,-0.0974,18301,The Binding of Isaac: Rebirth,250900
Sep-22,13172.65,-889.51,-0.0633,20119,The Binding of Isaac: Rebirth,250900
Aug-22,14062.16,404.14,0.0296,20465,The Binding of Isaac: Rebirth,250900
Jul-22,13658.02,1299.13,0.1051,18085,The Binding of Isaac: Rebirth,250900
Jun-22,12358.9,-241.02,-0.0191,17628,The Binding of Isaac: Rebirth,250900
May-22,12599.92,-1669.31,-0.1169999999999999,18577,The Binding of Isaac: Rebirth,250900
Apr-22,14269.23,1602.35,0.1265,21105,The Binding of Isaac: Rebirth,250900
Mar-22,12666.87,-1458.68,-0.1033,21965,The Binding of Isaac: Rebirth,250900
Feb-22,14125.55,-1966.53,-0.1222,20399,The Binding of Isaac: Rebirth,250900
Jan-22,16092.08,1788.57,0.125,22615,The Binding of Isaac: Rebirth,250900
Dec-21,14303.51,690.49,0.0507,20949,The Binding of Isaac: Rebirth,250900
Nov-21,13613.02,1329.5,0.1082,21453,The Binding of Isaac: Rebirth,250900
Oct-21,12283.52,-830.92,-0.0634,18974,The Binding of Isaac: Rebirth,250900
Sep-21,13114.44,-2507.32,-0.1605,19815,The Binding of Isaac: Rebirth,250900
Aug-21,15621.75,-2323.73,-0.1295,21264,The Binding of Isaac: Rebirth,250900
Jul-21,17945.48,-4856.88,-0.213,26686,The Binding of Isaac: Rebirth,250900
Jun-21,22802.36,-11551.31,-0.3362,36597,The Binding of Isaac: Rebirth,250900
May-21,34353.67,-11708.76,-0.2542,55851,The Binding of Isaac: Rebirth,250900
Apr-21,46062.43,37549.53,4.4109,70483,The Binding of Isaac: Rebirth,250900
Mar-21,8512.91,862.12,0.1127,58791,The Binding of Isaac: Rebirth,250900
Feb-21,7650.79,-105.35,-0.0136,10422,The Binding of Isaac: Rebirth,250900
Jan-21,7756.14,1611.11,0.2622,12679,The Binding of Isaac: Rebirth,250900
Dec-20,6145.03,61.26,0.0101,8805,The Binding of Isaac: Rebirth,250900
Nov-20,6083.77,301.66,0.0521999999999999,8413,The Binding of Isaac: Rebirth,250900
Oct-20,5782.11,236.48,0.0426,8405,The Binding of Isaac: Rebirth,250900
Sep-20,5545.64,-77.6,-0.0138,7987,The Binding of Isaac: Rebirth,250900
Aug-20,5623.24,-535.9,-0.087,7761,The Binding of Isaac: Rebirth,250900
Jul-20,6159.15,355.05,0.0612,8437,The Binding of Isaac: Rebirth,250900
Jun-20,5804.1,-304.01,-0.0498,7976,The Binding of Isaac: Rebirth,250900
May-20,6108.11,-576.46,-0.0862,8308,The Binding of Isaac: Rebirth,250900
Apr-20,6684.57,209.93,0.0324,10321,The Binding of Isaac: Rebirth,250900
Mar-20,6474.64,581.61,0.0987,9192,The Binding of Isaac: Rebirth,250900
Feb-20,5893.03,515.15,0.0958,8126,The Binding of Isaac: Rebirth,250900
Jan-20,5377.88,174.09,0.0335,7816,The Binding of Isaac: Rebirth,250900
Dec-19,5203.79,167.73,0.0333,7576,The Binding of Isaac: Rebirth,250900
Nov-19,5036.05,724.27,0.168,7814,The Binding of Isaac: Rebirth,250900
Oct-19,4311.78,216.8,0.0529,6751,The Binding of Isaac: Rebirth,250900
Sep-19,4094.98,137,0.0346,6720,The Binding of Isaac: Rebirth,250900
Aug-19,3957.98,-87.14,-0.0215,5803,The Binding of Isaac: Rebirth,250900
Jul-19,4045.12,-356.11,-0.0809,5612,The Binding of Isaac: Rebirth,250900
Jun-19,4401.23,-319.04,-0.0676,6433,The Binding of Isaac: Rebirth,250900
May-19,4720.26,16.37,0.0034999999999999,7905,The Binding of Isaac: Rebirth,250900
Apr-19,4703.9,-646.29,-0.1208,7395,The Binding of Isaac: Rebirth,250900
Mar-19,5350.18,-147.72,-0.0269,8332,The Binding of Isaac: Rebirth,250900
Feb-19,5497.91,-363.49,-0.062,8384,The Binding of Isaac: Rebirth,250900
Jan-19,5861.4,240.86,0.0429,9052,The Binding of Isaac: Rebirth,250900
Dec-18,5620.54,-206.45,-0.0354,9089,The Binding of Isaac: Rebirth,250900
Nov-18,5826.98,645.86,0.1247,9315,The Binding of Isaac: Rebirth,250900
Oct-18,5181.13,402.46,0.0842,8602,The Binding of Isaac: Rebirth,250900
Sep-18,4778.67,95.88,0.0204999999999999,7778,The Binding of Isaac: Rebirth,250900
Aug-18,4682.79,-829.03,-0.1503999999999999,6956,The Binding of Isaac: Rebirth,250900
Jul-18,5511.82,-490.66,-0.0817,8192,The Binding of Isaac: Rebirth,250900
Jun-18,6002.47,-1659.57,-0.2166,9603,The Binding of Isaac: Rebirth,250900
May-18,7662.04,2872.83,0.5999,13151,The Binding of Isaac: Rebirth,250900
Apr-18,4789.21,-100.65,-0.0206,7795,The Binding of Isaac: Rebirth,250900
Mar-18,4889.86,-571.44,-0.1046,7504,The Binding of Isaac: Rebirth,250900
Feb-18,5461.3,-373.88,-0.0641,8115,The Binding of Isaac: Rebirth,250900
Jan-18,5835.18,52.64,0.0091,8407,The Binding of Isaac: Rebirth,250900
Dec-17,5782.55,268.26,0.0486,8707,The Binding of Isaac: Rebirth,250900
Nov-17,5514.29,117.17,0.0217,8431,The Binding of Isaac: Rebirth,250900
Oct-17,5397.12,336.44,0.0665,8245,The Binding of Isaac: Rebirth,250900
Sep-17,5060.68,-232.61,-0.0438999999999999,7931,The Binding of Isaac: Rebirth,250900
Aug-17,5293.28,-773.21,-0.1275,7369,The Binding of Isaac: Rebirth,250900
Jul-17,6066.49,-174.83,-0.0279999999999999,8628,The Binding of Isaac: Rebirth,250900
Jun-17,6241.32,260.82,0.0436,10755,The Binding of Isaac: Rebirth,250900
May-17,5980.5,-872.18,-0.1273,9649,The Binding of Isaac: Rebirth,250900
Apr-17,6852.68,-1180.4,-0.1469,10848,The Binding of Isaac: Rebirth,250900
Mar-17,8033.09,-3397.31,-0.2971999999999999,13053,The Binding of Isaac: Rebirth,250900
Feb-17,11430.4,-5487.61,-0.3243999999999999,20039,The Binding of Isaac: Rebirth,250900
Jan-17,16918.01,9741.85,1.3575,39579,The Binding of Isaac: Rebirth,250900
Dec-16,7176.16,1191.81,0.1992,14985,The Binding of Isaac: Rebirth,250900
Nov-16,5984.35,702.53,0.133,9348,The Binding of Isaac: Rebirth,250900
Oct-16,5281.83,224.29,0.0443,8266,The Binding of Isaac: Rebirth,250900
Sep-16,5057.54,-158.68,-0.0304,7930,The Binding of Isaac: Rebirth,250900
Aug-16,5216.21,-30.67,-0.0058,7921,The Binding of Isaac: Rebirth,250900
Jul-16,5246.88,109.94,0.0214,7432,The Binding of Isaac: Rebirth,250900
Jun-16,5136.95,-219.46,-0.0409999999999999,7623,The Binding of Isaac: Rebirth,250900
May-16,5356.41,-440.39,-0.076,8242,The Binding of Isaac: Rebirth,250900
Apr-16,5796.8,-1657.36,-0.2223,10487,The Binding of Isaac: Rebirth,250900
Mar-16,7454.16,-1825.2,-0.1967,12070,The Binding of Isaac: Rebirth,250900
Feb-16,9279.36,-2492.64,-0.2117,15221,The Binding of Isaac: Rebirth,250900
Jan-16,11772.0,-2439.12,-0.1716,20743,The Binding of Isaac: Rebirth,250900
Dec-15,14211.11,-5670,-0.2852,23397,The Binding of Isaac: Rebirth,250900
Nov-15,19881.12,11572.98,1.393,53281,The Binding of Isaac: Rebirth,250900
Oct-15,8308.14,2405.12,0.4074,69673,The Binding of Isaac: Rebirth,250900
Sep-15,5903.02,66.29,0.0113999999999999,10247,The Binding of Isaac: Rebirth,250900
Aug-15,5836.74,491.42,0.0919,8727,The Binding of Isaac: Rebirth,250900
Jul-15,5345.31,-704.75,-0.1165,7729,The Binding of Isaac: Rebirth,250900
Jun-15,6050.07,354.07,0.0622,9711,The Binding of Isaac: Rebirth,250900
May-15,5696.0,-133.1,-0.0227999999999999,9105,The Binding of Isaac: Rebirth,250900
Apr-15,5829.1,-1220.25,-0.1730999999999999,9538,The Binding of Isaac: Rebirth,250900
Mar-15,7049.35,-1113.11,-0.1364,12872,The Binding of Isaac: Rebirth,250900
Feb-15,8162.46,-2894.19,-0.2618,14707,The Binding of Isaac: Rebirth,250900
Jan-15,11056.66,-2317.37,-0.1732999999999999,19888,The Binding of Isaac: Rebirth,250900
Dec-14,13374.03,-5979.85,-0.309,22392,The Binding of Isaac: Rebirth,250900
Nov-14,19353.88,-,0.0,65836,The Binding of Isaac: Rebirth,250900
Sep-25,25158.77,-7310.36,-0.2251,48485,7 Days to Die,251570
Aug-25,32469.13,-12572,-0.2791,63047,7 Days to Die,251570
Jul-25,45041.13,14612.52,0.4802,82843,7 Days to Die,251570
Jun-25,30428.61,6610.5,0.2775,77423,7 Days to Die,251570
May-25,23818.1,160.78,0.0068,42687,7 Days to Die,251570
Apr-25,23657.32,-1349.75,-0.054,43396,7 Days to Die,251570
Mar-25,25007.08,-99.51,-0.004,41656,7 Days to Die,251570
Feb-25,25106.59,-1699.7,-0.0634,41145,7 Days to Die,251570
Jan-25,26806.29,2601.45,0.1075,42975,7 Days to Die,251570
Dec-24,24204.84,-1030.1,-0.0408,38774,7 Days to Die,251570
Nov-24,25234.94,-2555.31,-0.0919,45238,7 Days to Die,251570
Oct-24,27790.25,-6909.8,-0.1991,52811,7 Days to Die,251570
Sep-24,34700.05,-23863.95,-0.4075,69078,7 Days to Die,251570
Aug-24,58564.0,4781.53,0.0889,118988,7 Days to Die,251570
Jul-24,53782.46,21750.44,0.679,124449,7 Days to Die,251570
Jun-24,32032.02,-2627.18,-0.0758,101584,7 Days to Die,251570
May-24,34659.21,7394.67,0.2712,89886,7 Days to Die,251570
Apr-24,27264.53,3867.32,0.1653,103721,7 Days to Die,251570
Mar-24,23397.22,690.39,0.0304,44819,7 Days to Die,251570
Feb-24,22706.83,-7177.33,-0.2402,42344,7 Days to Die,251570
Jan-24,29884.16,1000.55,0.0346,53197,7 Days to Die,251570
Dec-23,28883.61,-2707.46,-0.0857,53169,7 Days to Die,251570
Nov-23,31591.07,5505.22,0.211,58223,7 Days to Die,251570
Oct-23,26085.85,950.06,0.0378,54277,7 Days to Die,251570
Sep-23,25135.8,-9457,-0.2734,46122,7 Days to Die,251570
Aug-23,34592.8,-19403.88,-0.3594,64588,7 Days to Die,251570
Jul-23,53996.68,21491.16,0.6612,96208,7 Days to Die,251570
Jun-23,32505.52,13911.5,0.7482,73350,7 Days to Die,251570
May-23,18594.02,-2395.81,-0.1141,31801,7 Days to Die,251570
Apr-23,20989.83,-743.03,-0.0342,37367,7 Days to Die,251570
Mar-23,21732.86,-1389.05,-0.0601,40705,7 Days to Die,251570
Feb-23,23121.91,-4936.37,-0.1759,39872,7 Days to Die,251570
Jan-23,28058.28,4438.55,0.1878999999999999,47288,7 Days to Die,251570
Dec-22,23619.73,-232.45,-0.0097,38541,7 Days to Die,251570
Nov-22,23852.18,2682.43,0.1267,41283,7 Days to Die,251570
Oct-22,21169.76,182.84,0.0087,41431,7 Days to Die,251570
Sep-22,20986.92,-2964.28,-0.1238,35613,7 Days to Die,251570
Aug-22,23951.2,2610.16,0.1223,41120,7 Days to Die,251570
Jul-22,21341.04,1500.12,0.0756,32260,7 Days to Die,251570
Jun-22,19840.92,-2886.37,-0.127,31353,7 Days to Die,251570
May-22,22727.29,-3303.04,-0.1268999999999999,37971,7 Days to Die,251570
Apr-22,26030.33,4731.35,0.2221,51889,7 Days to Die,251570
Mar-22,21298.98,-7364.92,-0.2569,33448,7 Days to Die,251570
Feb-22,28663.9,-11400.85,-0.2846,49047,7 Days to Die,251570
Jan-22,40064.75,3311.43,0.0901,70001,7 Days to Die,251570
Dec-21,36753.32,18803.75,1.0476,61449,7 Days to Die,251570
Nov-21,17949.57,2546.72,0.1653,31008,7 Days to Die,251570
Oct-21,15402.84,-3050.43,-0.1653,32013,7 Days to Die,251570
Sep-21,18453.27,-848.85,-0.044,31215,7 Days to Die,251570
Aug-21,19302.12,64.57,0.0034,29869,7 Days to Die,251570
Jul-21,19237.55,242.02,0.0127,32761,7 Days to Die,251570
Jun-21,18995.53,-1466.25,-0.0717,33225,7 Days to Die,251570
May-21,20461.78,1210.62,0.0629,37820,7 Days to Die,251570
Apr-21,19251.16,3005.73,0.185,46402,7 Days to Die,251570
Mar-21,16245.43,-4282.32,-0.2086,25858,7 Days to Die,251570
Feb-21,20527.75,-4838.93,-0.1907999999999999,31843,7 Days to Die,251570
Jan-21,25366.69,3925.06,0.1830999999999999,39581,7 Days to Die,251570
Dec-20,21441.63,-1880.18,-0.0806,35208,7 Days to Die,251570
Nov-20,23321.81,5405.48,0.3017,37599,7 Days to Die,251570
Oct-20,17916.32,-3097.9,-0.1474,33560,7 Days to Die,251570
Sep-20,21014.22,286.22,0.0138,33803,7 Days to Die,251570
Aug-20,20728.01,-3509.9,-0.1448,35748,7 Days to Die,251570
Jul-20,24237.9,11117.41,0.8473,38944,7 Days to Die,251570
Jun-20,13120.49,-3693.5,-0.2196999999999999,28205,7 Days to Die,251570
May-20,16813.99,-1456.03,-0.0797,26351,7 Days to Die,251570
Apr-20,18270.02,162.78,0.009,29749,7 Days to Die,251570
Mar-20,18107.24,1155.18,0.0681,35936,7 Days to Die,251570
Feb-20,16952.06,401.51,0.0243,28339,7 Days to Die,251570
Jan-20,16550.55,150.39,0.0092,27981,7 Days to Die,251570
Dec-19,16400.15,-2922.88,-0.1513,28088,7 Days to Die,251570
Nov-19,19323.04,5596.26,0.4077,37024,7 Days to Die,251570
Oct-19,13726.77,6873.3,1.0029,31500,7 Days to Die,251570
Sep-19,6853.48,-1138.27,-0.1424,11571,7 Days to Die,251570
Aug-19,7991.75,-1036.15,-0.1148,13113,7 Days to Die,251570
Jul-19,9027.9,665.99,0.0796,15198,7 Days to Die,251570
Jun-19,8361.9,884.97,0.1184,13753,7 Days to Die,251570
May-19,7476.93,331.64,0.0464,12812,7 Days to Die,251570
Apr-19,7145.29,-1141.81,-0.1378,12890,7 Days to Die,251570
Mar-19,8287.09,-1126.27,-0.1196,15385,7 Days to Die,251570
Feb-19,9413.36,-3973.71,-0.2968,17889,7 Days to Die,251570
Jan-19,13387.06,-383.31,-0.0278,26707,7 Days to Die,251570
Dec-18,13770.37,3609.61,0.3552,28105,7 Days to Die,251570
Nov-18,10160.76,3713.67,0.5760000000000001,27328,7 Days to Die,251570
Oct-18,6447.09,466.08,0.0779,11389,7 Days to Die,251570
Sep-18,5981.01,-113.4,-0.0186,10157,7 Days to Die,251570
Aug-18,6094.41,-1003.97,-0.1414,10347,7 Days to Die,251570
Jul-18,7098.38,476.11,0.0719,11791,7 Days to Die,251570
Jun-18,6622.27,-166.61,-0.0245,11482,7 Days to Die,251570
May-18,6788.88,-858.95,-0.1123,11592,7 Days to Die,251570
Apr-18,7647.83,-581.86,-0.0707,13373,7 Days to Die,251570
Mar-18,8229.69,-1068.62,-0.1149,14139,7 Days to Die,251570
Feb-18,9298.31,-1776.91,-0.1604,16430,7 Days to Die,251570
Jan-18,11075.22,397.51,0.0372,19408,7 Days to Die,251570
Dec-17,10677.71,-344.67,-0.0313,18520,7 Days to Die,251570
Nov-17,11022.38,1668.65,0.1784,19815,7 Days to Die,251570
Oct-17,9353.74,-616.18,-0.0617999999999999,19601,7 Days to Die,251570
Sep-17,9969.92,-2357.81,-0.1913,18265,7 Days to Die,251570
Aug-17,12327.73,-3896.99,-0.2402,22898,7 Days to Die,251570
Jul-17,16224.72,5337.88,0.4903,32518,7 Days to Die,251570
Jun-17,10886.84,3133.38,0.4040999999999999,21867,7 Days to Die,251570
May-17,7753.47,-957.14,-0.1099,12504,7 Days to Die,251570
Apr-17,8710.61,-3186.08,-0.2678,14524,7 Days to Die,251570
Mar-17,11896.69,2274.65,0.2364,24739,7 Days to Die,251570
Feb-17,9622.03,-3211.87,-0.2503,15902,7 Days to Die,251570
Jan-17,12833.91,746.77,0.0617999999999999,22977,7 Days to Die,251570
Dec-16,12087.14,82.54,0.0069,20330,7 Days to Die,251570
Nov-16,12004.59,302.58,0.0259,20597,7 Days to Die,251570
Oct-16,11702.01,5591.47,0.9151,22955,7 Days to Die,251570
Sep-16,6110.54,-254.43,-0.04,11250,7 Days to Die,251570
Aug-16,6364.97,-1264.53,-0.1657,10351,7 Days to Die,251570
Jul-16,7629.5,2553.71,0.5031,14629,7 Days to Die,251570
Jun-16,5075.79,-193.38,-0.0366999999999999,10487,7 Days to Die,251570
May-16,5269.17,-1884.45,-0.2634,10577,7 Days to Die,251570
Apr-16,7153.62,2795.52,0.6415000000000001,14539,7 Days to Die,251570
Mar-16,4358.11,-635.91,-0.1273,13227,7 Days to Die,251570
Feb-16,4994.01,-2177.75,-0.3037,8460,7 Days to Die,251570
Jan-16,7171.76,190.74,0.0273,14620,7 Days to Die,251570
Dec-15,6981.02,3669.93,1.1084,16399,7 Days to Die,251570
Nov-15,3311.09,-98.11,-0.0288,6510,7 Days to Die,251570
Oct-15,3409.2,-137.97,-0.0389,5625,7 Days to Die,251570
Sep-15,3547.18,-1186.03,-0.2506,5649,7 Days to Die,251570
Aug-15,4733.21,-1360.97,-0.2232999999999999,9257,7 Days to Die,251570
Jul-15,6094.17,1542.05,0.3388,10653,7 Days to Die,251570
Jun-15,4552.12,-198.11,-0.0417,9270,7 Days to Die,251570
May-15,4750.22,-1842.29,-0.2794999999999999,8201,7 Days to Die,251570
Apr-15,6592.51,3221.36,0.9556,14763,7 Days to Die,251570
Mar-15,3371.15,-671.67,-0.1661,6373,7 Days to Die,251570
Feb-15,4042.83,-2311.42,-0.3638,7931,7 Days to Die,251570
Jan-15,6354.25,-277.06,-0.0418,12839,7 Days to Die,251570
Dec-14,6631.31,2659.02,0.6694,12596,7 Days to Die,251570
Nov-14,3972.29,585.87,0.173,11321,7 Days to Die,251570
Oct-14,3386.42,-892.75,-0.2086,6817,7 Days to Die,251570
Sep-14,4279.17,346.28,0.088,8638,7 Days to Die,251570
Aug-14,3932.89,1070.05,0.3738,9935,7 Days to Die,251570
Jul-14,2862.84,221.52,0.0839,5192,7 Days to Die,251570
Jun-14,2641.32,906.17,0.5222,8342,7 Days to Die,251570
May-14,1735.15,-142.45,-0.0759,3301,7 Days to Die,251570
Apr-14,1877.59,-487.78,-0.2062,4299,7 Days to Die,251570
Mar-14,2365.37,534.2,0.2917,4710,7 Days to Die,251570
Feb-14,1831.17,359.46,0.2442,3970,7 Days to Die,251570
Jan-14,1471.71,94.04,0.0683,3010,7 Days to Die,251570
Dec-13,1377.67,-,0.0,2722,7 Days to Die,251570
Sep-25,85515.0,-17502.84,-0.1699,152247,Rust,252490
Aug-25,103017.83,858.89,0.0084,190383,Rust,252490
Jul-25,102158.94,3695.96,0.0375,187345,Rust,252490
Jun-25,98462.98,-7060.47,-0.0669,191730,Rust,252490
May-25,105523.45,7718.89,0.0789,203367,Rust,252490
Apr-25,97804.56,-13779.2,-0.1235,187702,Rust,252490
Mar-25,111583.76,-9985.32,-0.0821,203220,Rust,252490
Feb-25,121569.09,-2927.04,-0.0235,232431,Rust,252490
Jan-25,124496.12,11890.65,0.1056,259646,Rust,252490
Dec-24,112605.48,16740.42,0.1746,191133,Rust,252490
Nov-24,95865.05,6088.46,0.0678,182603,Rust,252490
Oct-24,89776.59,13530.91,0.1775,168999,Rust,252490
Sep-24,76245.68,-14387.33,-0.1586999999999999,134170,Rust,252490
Aug-24,90633.01,-2546.99,-0.0273,172427,Rust,252490
Jul-24,93180.0,-4680.84,-0.0478,173651,Rust,252490
Jun-24,97860.84,15487.08,0.188,175036,Rust,252490
May-24,82373.76,1488.38,0.0184,153662,Rust,252490
Apr-24,80885.38,-1357.38,-0.0165,154488,Rust,252490
Mar-24,82242.76,126.47,0.0015,145916,Rust,252490
Feb-24,82116.29,-7948.99,-0.0883,153738,Rust,252490
Jan-24,90065.28,6048.6,0.072,190886,Rust,252490
Dec-23,84016.68,15003.98,0.2173999999999999,143038,Rust,252490
Nov-23,69012.7,-343.07,-0.0049,137752,Rust,252490
Oct-23,69355.77,63.32,0.0009,130885,Rust,252490
Sep-23,69292.44,-14171.29,-0.1698,127530,Rust,252490
Aug-23,83463.73,-12181.77,-0.1274,172249,Rust,252490
Jul-23,95645.5,3720.85,0.0405,182335,Rust,252490
Jun-23,91924.65,4175.54,0.0475999999999999,161921,Rust,252490
May-23,87749.11,5212.03,0.0630999999999999,155431,Rust,252490
Apr-23,82537.08,-1858.85,-0.022,156367,Rust,252490
Mar-23,84395.94,-5609.34,-0.0623,150953,Rust,252490
Feb-23,90005.28,-5268.14,-0.0553,167827,Rust,252490
Jan-23,95273.42,9456.98,0.1101999999999999,176710,Rust,252490
Dec-22,85816.44,12979.6,0.1782,138675,Rust,252490
Nov-22,72836.84,854.39,0.0118999999999999,133364,Rust,252490
Oct-22,71982.45,-4189.69,-0.055,118874,Rust,252490
Sep-22,76172.14,-6891.84,-0.083,127912,Rust,252490
Aug-22,83063.98,4222.79,0.0536,134919,Rust,252490
Jul-22,78841.19,-3145.65,-0.0384,137057,Rust,252490
Jun-22,81986.84,9056.45,0.1242,165120,Rust,252490
May-22,72930.39,-7785.44,-0.0965,133789,Rust,252490
Apr-22,80715.83,3368.17,0.0435,141983,Rust,252490
Mar-22,77347.66,-9218.91,-0.1065,134559,Rust,252490
Feb-22,86566.57,-4364.89,-0.048,164990,Rust,252490
Jan-22,90931.46,15327.35,0.2027,154747,Rust,252490
Dec-21,75604.11,5954.05,0.0855,125911,Rust,252490
Nov-21,69650.06,4093.06,0.0624,120659,Rust,252490
Oct-21,65556.99,-3946,-0.0567999999999999,106571,Rust,252490
Sep-21,69502.99,-13829.21,-0.166,122359,Rust,252490
Aug-21,83332.2,-9491.59,-0.1023,155634,Rust,252490
Jul-21,92823.79,13482.28,0.1699,147757,Rust,252490
Jun-21,79341.51,2470.9,0.0321,133566,Rust,252490
May-21,76870.61,-719.63,-0.0093,144083,Rust,252490
Apr-21,77590.25,-8779.57,-0.1017,147933,Rust,252490
Mar-21,86369.82,-31372.45,-0.2664999999999999,167088,Rust,252490
Feb-21,117742.27,-24374.98,-0.1714999999999999,224276,Rust,252490
Jan-21,142117.25,80945.6,1.3233,244394,Rust,252490
Dec-20,61171.65,5763.61,0.104,97445,Rust,252490
Nov-20,55408.03,6857.23,0.1412,101365,Rust,252490
Oct-20,48550.8,2120.27,0.0457,80422,Rust,252490
Sep-20,46430.53,-6857.11,-0.1286999999999999,76611,Rust,252490
Aug-20,53287.65,-4951.07,-0.085,89147,Rust,252490
Jul-20,58238.72,7821,0.1551,97741,Rust,252490
Jun-20,50417.72,-6926.93,-0.1208,93513,Rust,252490
May-20,57344.65,-10159.4,-0.1505,102051,Rust,252490
Apr-20,67504.05,9062.03,0.1551,125415,Rust,252490
Mar-20,58442.03,8366.82,0.1671,102296,Rust,252490
Feb-20,50075.2,-1545.19,-0.0299,92016,Rust,252490
Jan-20,51620.39,2525.55,0.0513999999999999,97340,Rust,252490
Dec-19,49094.84,5586.88,0.1284,81928,Rust,252490
Nov-19,43507.96,-3196.42,-0.0684,74292,Rust,252490
Oct-19,46704.38,-2931.73,-0.0591,82827,Rust,252490
Sep-19,49636.12,-8895.12,-0.152,80293,Rust,252490
Aug-19,58531.24,-3728.72,-0.0599,88929,Rust,252490
Jul-19,62259.96,17127.39,0.3795,93595,Rust,252490
Jun-19,45132.57,9351.9,0.2614,81658,Rust,252490
May-19,35780.66,-2420.12,-0.0634,67338,Rust,252490
Apr-19,38200.78,-2524.51,-0.062,72544,Rust,252490
Mar-19,40725.29,-1706.13,-0.0401999999999999,77896,Rust,252490
Feb-19,42431.42,-3769.88,-0.0816,77622,Rust,252490
Jan-19,46201.3,3579.02,0.084,85208,Rust,252490
Dec-18,42622.28,4915.93,0.1304,70775,Rust,252490
Nov-18,37706.36,5886.14,0.185,70969,Rust,252490
Oct-18,31820.22,4501.02,0.1648,58564,Rust,252490
Sep-18,27319.2,-4169.08,-0.1324,48430,Rust,252490
Aug-18,31488.28,-5170.92,-0.1411,53885,Rust,252490
Jul-18,36659.19,6350.3,0.2095,65952,Rust,252490
Jun-18,30308.9,6415.11,0.2685,54779,Rust,252490
May-18,23893.78,-2153.26,-0.0827,46328,Rust,252490
Apr-18,26047.04,-3027.77,-0.1041,51233,Rust,252490
Mar-18,29074.81,-4432.46,-0.1323,57873,Rust,252490
Feb-18,33507.28,-1161.53,-0.0335,68204,Rust,252490
Jan-18,34668.81,1694.81,0.0513999999999999,67410,Rust,252490
Dec-17,32974.0,4826.77,0.1714999999999999,60373,Rust,252490
Nov-17,28147.23,2386.73,0.0926999999999999,57223,Rust,252490
Oct-17,25760.5,4165.09,0.1929,49984,Rust,252490
Sep-17,21595.41,-3962.61,-0.155,40577,Rust,252490
Aug-17,25558.02,-4005.08,-0.1355,43117,Rust,252490
Jul-17,29563.1,277.67,0.0095,53425,Rust,252490
Jun-17,29285.43,3905.15,0.1539,48228,Rust,252490
May-17,25380.27,-3208.53,-0.1122,46948,Rust,252490
Apr-17,28588.81,-3850.18,-0.1186999999999999,53621,Rust,252490
Mar-17,32438.98,-3964.56,-0.1089,66194,Rust,252490
Feb-17,36403.55,2403.64,0.0707,68103,Rust,252490
Jan-17,33999.91,5024.99,0.1734,63843,Rust,252490
Dec-16,28974.92,6095.72,0.2664,49147,Rust,252490
Nov-16,22879.2,-1526.98,-0.0626,47571,Rust,252490
Oct-16,24406.17,-1863.62,-0.0709,48435,Rust,252490
Sep-16,26269.79,-4162.74,-0.1368,50680,Rust,252490
Aug-16,30432.53,-517.22,-0.0167,50364,Rust,252490
Jul-16,30949.75,5588.78,0.2203999999999999,64555,Rust,252490
Jun-16,25360.97,-136.91,-0.0054,45791,Rust,252490
May-16,25497.88,-108.06,-0.0042,47100,Rust,252490
Apr-16,25605.94,-1661.66,-0.0608999999999999,49920,Rust,252490
Mar-16,27267.6,-5126.97,-0.1583,55147,Rust,252490
Feb-16,32394.57,4747.51,0.1717,61260,Rust,252490
Jan-16,27647.06,9173,0.4965,50628,Rust,252490
Dec-15,18474.06,5412.43,0.4144,38110,Rust,252490
Nov-15,13061.63,-44.48,-0.0034,26697,Rust,252490
Oct-15,13106.11,695.25,0.0559999999999999,24201,Rust,252490
Sep-15,12410.86,-2459.21,-0.1654,24075,Rust,252490
Aug-15,14870.06,1052.36,0.0762,25352,Rust,252490
Jul-15,13817.71,82.06,0.006,22622,Rust,252490
Jun-15,13735.65,-84.17,-0.0060999999999999,27177,Rust,252490
May-15,13819.82,5683.08,0.6984,25625,Rust,252490
Apr-15,8136.74,-133.76,-0.0162,16636,Rust,252490
Mar-15,8270.49,-1102.2,-0.1176,16341,Rust,252490
Feb-15,9372.69,-1218.37,-0.115,20267,Rust,252490
Jan-15,10591.06,4439.66,0.7217,22303,Rust,252490
Dec-14,6151.4,767.28,0.1425,11826,Rust,252490
Nov-14,5384.12,-988.43,-0.1551,12062,Rust,252490
Oct-14,6372.55,25.86,0.0040999999999999,12294,Rust,252490
Sep-14,6346.7,-2393.85,-0.2739,11040,Rust,252490
Aug-14,8740.55,-1391.93,-0.1374,12764,Rust,252490
Jul-14,10132.47,-1805.76,-0.1513,15027,Rust,252490
Jun-14,11938.23,-1212.72,-0.0922,18081,Rust,252490
May-14,13150.96,-4508.02,-0.2553,24306,Rust,252490
Apr-14,17658.98,-7215.16,-0.2901,31321,Rust,252490
Mar-14,24874.13,-9879.31,-0.2843,48870,Rust,252490
Feb-14,34753.45,9878.63,0.3971,58973,Rust,252490
Jan-14,24874.82,15669.05,1.7021000000000002,51872,Rust,252490
Dec-13,9205.77,-,0.0,22571,Rust,252490
Sep-25,15650.95,551.12,0.0365,29506,Rocket League®,252950
Aug-25,15099.83,-357.11,-0.0231,27108,Rocket League®,252950
Jul-25,15456.94,-887.16,-0.0542999999999999,27105,Rocket League®,252950
Jun-25,16344.1,-774.95,-0.0453,30088,Rocket League®,252950
May-25,17119.06,98.07,0.0058,31041,Rocket League®,252950
Apr-25,17020.99,-901.44,-0.0503,30993,Rocket League®,252950
Mar-25,17922.43,-825.39,-0.044,35847,Rocket League®,252950
Feb-25,18747.82,143.41,0.0077,34008,Rocket League®,252950
Jan-25,18604.41,1081.22,0.0617,33983,Rocket League®,252950
Dec-24,17523.19,438.72,0.0256999999999999,31170,Rocket League®,252950
Nov-24,17084.47,-726.83,-0.0408,30198,Rocket League®,252950
Oct-24,17811.31,-694.58,-0.0375,32771,Rocket League®,252950
Sep-24,18505.88,1325.58,0.0771999999999999,32953,Rocket League®,252950
Aug-24,17180.31,370.52,0.022,30965,Rocket League®,252950
Jul-24,16809.78,-1086.47,-0.0607,29969,Rocket League®,252950
Jun-24,17896.26,-411.04,-0.0225,32511,Rocket League®,252950
May-24,18307.3,-1166.07,-0.0599,34558,Rocket League®,252950
Apr-24,19473.36,-1057.59,-0.0515,35132,Rocket League®,252950
Mar-24,20530.95,566.75,0.0283999999999999,39485,Rocket League®,252950
Feb-24,19964.2,768.31,0.04,38110,Rocket League®,252950
Jan-24,19195.9,-88.08,-0.0046,35394,Rocket League®,252950
Dec-23,19283.97,-341.13,-0.0174,33938,Rocket League®,252950
Nov-23,19625.1,-1384.59,-0.0659,36013,Rocket League®,252950
Oct-23,21009.69,-2142.88,-0.0926,38121,Rocket League®,252950
Sep-23,23152.57,-225.97,-0.0097,43985,Rocket League®,252950
Aug-23,23378.54,276.57,0.012,42000,Rocket League®,252950
Jul-23,23101.98,-321.85,-0.0137,40449,Rocket League®,252950
Jun-23,23423.83,-42.65,-0.0018,43469,Rocket League®,252950
May-23,23466.48,-718.94,-0.0297,42588,Rocket League®,252950
Apr-23,24185.43,-1971.03,-0.0754,44238,Rocket League®,252950
Mar-23,26156.46,111.18,0.0043,51401,Rocket League®,252950
Feb-23,26045.28,-705.3,-0.0264,50104,Rocket League®,252950
Jan-23,26750.58,1089.5,0.0425,49438,Rocket League®,252950
Dec-22,25661.08,3261.37,0.1456,47865,Rocket League®,252950
Nov-22,22399.72,-662.57,-0.0287,42310,Rocket League®,252950
Oct-22,23062.29,-2005.06,-0.08,42316,Rocket League®,252950
Sep-22,25067.35,1779.69,0.0764,47310,Rocket League®,252950
Aug-22,23287.66,-1061.96,-0.0436,40607,Rocket League®,252950
Jul-22,24349.62,-641.38,-0.0256999999999999,43731,Rocket League®,252950
Jun-22,24991.0,288.99,0.0116999999999999,49013,Rocket League®,252950
May-22,24702.0,-1388.22,-0.0532,44867,Rocket League®,252950
Apr-22,26090.22,151.27,0.0058,47694,Rocket League®,252950
Mar-22,25938.95,-1621.44,-0.0588,48427,Rocket League®,252950
Feb-22,27560.39,-3098.78,-0.1011,51103,Rocket League®,252950
Jan-22,30659.17,68.93,0.0023,54482,Rocket League®,252950
Dec-21,30590.24,-1864.78,-0.0575,56007,Rocket League®,252950
Nov-21,32455.03,381.14,0.0118999999999999,61347,Rocket League®,252950
Oct-21,32073.88,-1076.28,-0.0325,58467,Rocket League®,252950
Sep-21,33150.16,-3573.54,-0.0973,64001,Rocket League®,252950
Aug-21,36723.7,559.3,0.0155,73581,Rocket League®,252950
Jul-21,36164.4,-3409,-0.0861,66502,Rocket League®,252950
Jun-21,39573.4,-5742.07,-0.1267,73369,Rocket League®,252950
May-21,45315.47,-8291.2,-0.1547,88665,Rocket League®,252950
Apr-21,53606.67,3112.85,0.0616,110344,Rocket League®,252950
Mar-21,50493.82,-3229.19,-0.0601,94672,Rocket League®,252950
Feb-21,53723.01,-5726.15,-0.0963,103429,Rocket League®,252950
Jan-21,59449.16,-6315.92,-0.096,112482,Rocket League®,252950
Dec-20,65765.07,-1785.32,-0.0264,135714,Rocket League®,252950
Nov-20,67550.39,-4805.22,-0.0664,128577,Rocket League®,252950
Oct-20,72355.61,19247.43,0.3624,140667,Rocket League®,252950
Sep-20,53108.19,11906.21,0.289,146902,Rocket League®,252950
Aug-20,41201.98,-691.28,-0.0165,70357,Rocket League®,252950
Jul-20,41893.27,756.67,0.0184,71681,Rocket League®,252950
Jun-20,41136.6,-4478.95,-0.0982,72502,Rocket League®,252950
May-20,45615.55,-8517.6,-0.1573,79770,Rocket League®,252950
Apr-20,54133.15,5688.02,0.1174,100771,Rocket League®,252950
Mar-20,48445.13,7852.98,0.1935,119124,Rocket League®,252950
Feb-20,40592.15,-1330.97,-0.0317,80454,Rocket League®,252950
Jan-20,41923.12,1949.41,0.0487999999999999,81639,Rocket League®,252950
Dec-19,39973.71,7453.74,0.2292,80213,Rocket League®,252950
Nov-19,32519.97,-528.82,-0.016,60075,Rocket League®,252950
Oct-19,33048.79,2710.42,0.0892999999999999,68388,Rocket League®,252950
Sep-19,30338.37,-668.35,-0.0216,59529,Rocket League®,252950
Aug-19,31006.72,-3762.09,-0.1082,57617,Rocket League®,252950
Jul-19,34768.81,-697.76,-0.0197,65907,Rocket League®,252950
Jun-19,35466.57,857.61,0.0248,69615,Rocket League®,252950
May-19,34608.96,2014.6,0.0617999999999999,69472,Rocket League®,252950
Apr-19,32594.36,1158.43,0.0369,67493,Rocket League®,252950
Mar-19,31435.93,-405.1,-0.0127,61242,Rocket League®,252950
Feb-19,31841.03,-2479.86,-0.0723,62023,Rocket League®,252950
Jan-19,34320.88,-994.65,-0.0282,64262,Rocket League®,252950
Dec-18,35315.53,2456.54,0.0748,67952,Rocket League®,252950
Nov-18,32858.99,-1855.25,-0.0533999999999999,63278,Rocket League®,252950
Oct-18,34714.24,-1175.96,-0.0327999999999999,67221,Rocket League®,252950
Sep-18,35890.2,5083.17,0.165,75882,Rocket League®,252950
Aug-18,30807.02,-5816.5,-0.1588,55817,Rocket League®,252950
Jul-18,36623.52,4556.21,0.1421,82303,Rocket League®,252950
Jun-18,32067.31,4257.44,0.1531,64307,Rocket League®,252950
May-18,27809.87,-2404.89,-0.0796,66081,Rocket League®,252950
Apr-18,30214.75,-985.32,-0.0316,60632,Rocket League®,252950
Mar-18,31200.08,-1228.05,-0.0379,63578,Rocket League®,252950
Feb-18,32428.13,-155.01,-0.0048,62492,Rocket League®,252950
Jan-18,32583.13,-3400.79,-0.0944999999999999,60535,Rocket League®,252950
Dec-17,35983.93,5195.96,0.1687999999999999,65275,Rocket League®,252950
Nov-17,30787.97,-5461.85,-0.1507,60120,Rocket League®,252950
Oct-17,36249.81,4934.38,0.1576,73684,Rocket League®,252950
Sep-17,31315.43,1027.76,0.0339,70230,Rocket League®,252950
Aug-17,30287.68,-4717.95,-0.1348,52612,Rocket League®,252950
Jul-17,35005.62,2343.87,0.0718,68232,Rocket League®,252950
Jun-17,32661.75,-612.19,-0.0184,64075,Rocket League®,252950
May-17,33273.94,-1409.27,-0.0406,82254,Rocket League®,252950
Apr-17,34683.2,919.51,0.0272,65384,Rocket League®,252950
Mar-17,33763.69,498.45,0.015,74330,Rocket League®,252950
Feb-17,33265.25,-1967.58,-0.0558,61648,Rocket League®,252950
Jan-17,35232.83,44.95,0.0013,69669,Rocket League®,252950
Dec-16,35187.88,5956.82,0.2037999999999999,70352,Rocket League®,252950
Nov-16,29231.05,-2543.22,-0.08,55526,Rocket League®,252950
Oct-16,31774.27,-914.92,-0.0279999999999999,59526,Rocket League®,252950
Sep-16,32689.19,5132.9,0.1863,79304,Rocket League®,252950
Aug-16,27556.29,-1891.62,-0.0642,48136,Rocket League®,252950
Jul-16,29447.91,3327.09,0.1274,58676,Rocket League®,252950
Jun-16,26120.83,579.52,0.0227,55029,Rocket League®,252950
May-16,25541.31,-3657.99,-0.1253,58210,Rocket League®,252950
Apr-16,29199.3,4656.51,0.1896999999999999,102684,Rocket League®,252950
Mar-16,24542.79,-1156.18,-0.045,45882,Rocket League®,252950
Feb-16,25698.97,1511.38,0.0625,50359,Rocket League®,252950
Jan-16,24187.59,3790.17,0.1858,46114,Rocket League®,252950
Dec-15,20397.42,4121.01,0.2532,44875,Rocket League®,252950
Nov-15,16276.41,-432.86,-0.0259,37175,Rocket League®,252950
Oct-15,16709.27,-730.61,-0.0419,32204,Rocket League®,252950
Sep-15,17439.88,-1704.46,-0.089,34391,Rocket League®,252950
Aug-15,19144.34,8354.72,0.7743000000000001,35686,Rocket League®,252950
Jul-15,10789.62,10787.7,5615.5127,29027,Rocket League®,252950
Jun-15,1.92,-,0.0,25,Rocket League®,252950
Sep-25,8018.35,-767.77,-0.0874,14113,Cities: Skylines,255710
Aug-25,8786.12,-369.81,-0.0404,14674,Cities: Skylines,255710
Jul-25,9155.93,283.33,0.0319,15200,Cities: Skylines,255710
Jun-25,8872.6,-383.7,-0.0415,15455,Cities: Skylines,255710
May-25,9256.31,-1083.07,-0.1048,17149,Cities: Skylines,255710
Apr-25,10339.38,-1736.63,-0.1438,19636,Cities: Skylines,255710
Mar-25,12076.01,3167.46,0.3556,28489,Cities: Skylines,255710
Feb-25,8908.55,-1674.05,-0.1582,14969,Cities: Skylines,255710
Jan-25,10582.6,-4695.09,-0.3073,19719,Cities: Skylines,255710
Dec-24,15277.69,2963.22,0.2405999999999999,47674,Cities: Skylines,255710
Nov-24,12314.47,3296.92,0.3656,44454,Cities: Skylines,255710
Oct-24,9017.55,953.92,0.1183,22471,Cities: Skylines,255710
Sep-24,8063.63,-598.25,-0.0691,14463,Cities: Skylines,255710
Aug-24,8661.88,-1103.77,-0.113,14681,Cities: Skylines,255710
Jul-24,9765.65,-524.51,-0.051,17012,Cities: Skylines,255710
Jun-24,10290.15,291.2,0.0291,18191,Cities: Skylines,255710
May-24,9998.96,639.58,0.0683,17834,Cities: Skylines,255710
Apr-24,9359.37,278.93,0.0306999999999999,16968,Cities: Skylines,255710
Mar-24,9080.44,275.08,0.0312,16205,Cities: Skylines,255710
Feb-24,8805.36,-545.88,-0.0584,15649,Cities: Skylines,255710
Jan-24,9351.24,55.84,0.006,16382,Cities: Skylines,255710
Dec-23,9295.41,-2119.1,-0.1857,16152,Cities: Skylines,255710
Nov-23,11414.51,-3943.85,-0.2568,22185,Cities: Skylines,255710
Oct-23,15358.36,-1579.63,-0.0933,27464,Cities: Skylines,255710
Sep-23,16937.99,1015.15,0.0638,34222,Cities: Skylines,255710
Aug-23,15922.84,-2546.62,-0.1379,27145,Cities: Skylines,255710
Jul-23,18469.46,183.31,0.01,30719,Cities: Skylines,255710
Jun-23,18286.15,519.95,0.0293,30072,Cities: Skylines,255710
May-23,17766.2,603.63,0.0352,33386,Cities: Skylines,255710
Apr-23,17162.57,-2312.19,-0.1186999999999999,31271,Cities: Skylines,255710
Mar-23,19474.76,-111.8,-0.0056999999999999,37502,Cities: Skylines,255710
Feb-23,19586.56,-4249.32,-0.1783,34225,Cities: Skylines,255710
Jan-23,23835.88,4368.56,0.2244,41225,Cities: Skylines,255710
Dec-22,19467.32,3368.92,0.2092999999999999,37535,Cities: Skylines,255710
Nov-22,16098.4,1980.12,0.1402999999999999,29849,Cities: Skylines,255710
Oct-22,14118.28,-1800.46,-0.1131,24733,Cities: Skylines,255710
Sep-22,15918.74,1353.9,0.093,31272,Cities: Skylines,255710
Aug-22,14564.84,-1437.72,-0.0898,22394,Cities: Skylines,255710
Jul-22,16002.56,1186.63,0.0801,23984,Cities: Skylines,255710
Jun-22,14815.93,-1287.02,-0.0799,23824,Cities: Skylines,255710
May-22,16102.95,-1181.07,-0.0683,27131,Cities: Skylines,255710
Apr-22,17284.02,-1152.87,-0.0625,32331,Cities: Skylines,255710
Mar-22,18436.89,-1062.42,-0.0545,34376,Cities: Skylines,255710
Feb-22,19499.31,878.54,0.0472,31829,Cities: Skylines,255710
Jan-22,18620.77,3515.67,0.2327,34443,Cities: Skylines,255710
Dec-21,15105.1,1257.98,0.0908,22920,Cities: Skylines,255710
Nov-21,13847.12,1086.54,0.0851,24226,Cities: Skylines,255710
Oct-21,12760.58,-721.93,-0.0535,23442,Cities: Skylines,255710
Sep-21,13482.51,-280.9,-0.0204,22914,Cities: Skylines,255710
Aug-21,13763.41,-795.96,-0.0547,21520,Cities: Skylines,255710
Jul-21,14559.37,-645.65,-0.0425,24920,Cities: Skylines,255710
Jun-21,15205.02,-2557.88,-0.144,25552,Cities: Skylines,255710
May-21,17762.9,2549.5,0.1676,39610,Cities: Skylines,255710
Apr-21,15213.4,-881.75,-0.0548,25993,Cities: Skylines,255710
Mar-21,16095.14,-1638.08,-0.0924,28678,Cities: Skylines,255710
Feb-21,17733.22,-600.33,-0.0327,30126,Cities: Skylines,255710
Jan-21,18333.54,3460.74,0.2327,33199,Cities: Skylines,255710
Dec-20,14872.81,229.69,0.0157,29751,Cities: Skylines,255710
Nov-20,14643.12,2204.01,0.1772,30189,Cities: Skylines,255710
Oct-20,12439.11,-1625.83,-0.1156,20924,Cities: Skylines,255710
Sep-20,14064.93,-373.34,-0.0259,26363,Cities: Skylines,255710
Aug-20,14438.28,2304.33,0.1898999999999999,25951,Cities: Skylines,255710
Jul-20,12133.95,-4.94,-0.0004,19020,Cities: Skylines,255710
Jun-20,12138.89,-2929.9,-0.1944,21358,Cities: Skylines,255710
May-20,15068.79,-4997.7,-0.2491,25925,Cities: Skylines,255710
Apr-20,20066.5,3057.55,0.1798,41674,Cities: Skylines,255710
Mar-20,17008.95,4781.64,0.3911,56061,Cities: Skylines,255710
Feb-20,12227.31,-53.45,-0.0044,20535,Cities: Skylines,255710
Jan-20,12280.77,544.34,0.0464,21581,Cities: Skylines,255710
Dec-19,11736.43,589.55,0.0529,20120,Cities: Skylines,255710
Nov-19,11146.88,932.89,0.0913,23927,Cities: Skylines,255710
Oct-19,10213.99,849.8,0.0907,22798,Cities: Skylines,255710
Sep-19,9364.19,-291.38,-0.0302,16389,Cities: Skylines,255710
Aug-19,9655.57,-1897.28,-0.1642,15710,Cities: Skylines,255710
Jul-19,11552.85,442.92,0.0399,21024,Cities: Skylines,255710
Jun-19,11109.93,-944.7,-0.0784,18494,Cities: Skylines,255710
May-19,12054.63,861.93,0.077,23758,Cities: Skylines,255710
Apr-19,11192.7,677.56,0.0644,20503,Cities: Skylines,255710
Mar-19,10515.14,433.61,0.043,24892,Cities: Skylines,255710
Feb-19,10081.53,-267.09,-0.0258,19479,Cities: Skylines,255710
Jan-19,10348.62,-469.79,-0.0434,18384,Cities: Skylines,255710
Dec-18,10818.41,-1066.82,-0.0898,19160,Cities: Skylines,255710
Nov-18,11885.23,1134.61,0.1055,23049,Cities: Skylines,255710
Oct-18,10750.62,420.02,0.0407,29398,Cities: Skylines,255710
Sep-18,10330.6,1276.7,0.141,22645,Cities: Skylines,255710
Aug-18,9053.9,377.51,0.0435,16715,Cities: Skylines,255710
Jul-18,8676.39,-396.57,-0.0437,14223,Cities: Skylines,255710
Jun-18,9072.96,5.75,0.0006,17022,Cities: Skylines,255710
May-18,9067.22,1594.95,0.2134,23933,Cities: Skylines,255710
Apr-18,7472.26,-414.41,-0.0525,13622,Cities: Skylines,255710
Mar-18,7886.68,-1766.75,-0.183,14708,Cities: Skylines,255710
Feb-18,9653.42,1344.89,0.1619,22256,Cities: Skylines,255710
Jan-18,8308.53,-110.8,-0.0132,14847,Cities: Skylines,255710
Dec-17,8419.33,279.54,0.0343,14794,Cities: Skylines,255710
Nov-17,8139.8,-285.35,-0.0339,15516,Cities: Skylines,255710
Oct-17,8425.15,1376.32,0.1953,22277,Cities: Skylines,255710
Sep-17,7048.83,-1353.84,-0.1611,14069,Cities: Skylines,255710
Aug-17,8402.67,258.39,0.0317,20958,Cities: Skylines,255710
Jul-17,8144.29,-230.09,-0.0275,15135,Cities: Skylines,255710
Jun-17,8374.38,-220.37,-0.0256,16585,Cities: Skylines,255710
May-17,8594.75,1873.01,0.2786,24153,Cities: Skylines,255710
Apr-17,6721.74,859.24,0.1466,12655,Cities: Skylines,255710
Mar-17,5862.5,-754.52,-0.114,11277,Cities: Skylines,255710
Feb-17,6617.02,-186.89,-0.0275,13601,Cities: Skylines,255710
Jan-17,6803.91,-1413.54,-0.172,14153,Cities: Skylines,255710
Dec-16,8217.45,2412.06,0.4155,16837,Cities: Skylines,255710
Nov-16,5805.38,-149.02,-0.025,13484,Cities: Skylines,255710
Oct-16,5954.41,-420,-0.0659,13438,Cities: Skylines,255710
Sep-16,6374.41,1569.12,0.3265,15810,Cities: Skylines,255710
Aug-16,4805.29,-408.2,-0.0783,8797,Cities: Skylines,255710
Jul-16,5213.49,-1024.41,-0.1642,10020,Cities: Skylines,255710
Jun-16,6237.9,1386.43,0.2858,15212,Cities: Skylines,255710
May-16,4851.47,-586.42,-0.1077999999999999,9851,Cities: Skylines,255710
Apr-16,5437.89,-1194.26,-0.1801,10582,Cities: Skylines,255710
Mar-16,6632.16,-1881.28,-0.221,13360,Cities: Skylines,255710
Feb-16,8513.44,1940.14,0.2952,27598,Cities: Skylines,255710
Jan-16,6573.3,1348.72,0.2581,13946,Cities: Skylines,255710
Dec-15,5224.57,236.96,0.0475,12177,Cities: Skylines,255710
Nov-15,4987.61,-1552.66,-0.2373999999999999,11287,Cities: Skylines,255710
Oct-15,6540.27,1330.52,0.2554,18437,Cities: Skylines,255710
Sep-15,5209.75,269.1,0.0545,16148,Cities: Skylines,255710
Aug-15,4940.65,26.89,0.0055,9809,Cities: Skylines,255710
Jul-15,4913.76,-1380.37,-0.2193,8754,Cities: Skylines,255710
Jun-15,6294.13,-1107.68,-0.1497,14130,Cities: Skylines,255710
May-15,7401.81,-4310.26,-0.368,14791,Cities: Skylines,255710
Apr-15,11712.07,-14472.5,-0.5527000000000001,26873,Cities: Skylines,255710
Mar-15,26184.57,26184.03,48031.8449,57421,Cities: Skylines,255710
Aug-14,0.55,-,0.0,5,Cities: Skylines,255710
Sep-25,21123.37,1556.25,0.0795,45948,Mount & Blade II: Bannerlord,261550
Aug-25,19567.12,-2602.81,-0.1174,35195,Mount & Blade II: Bannerlord,261550
Jul-25,22169.92,1756.56,0.086,40701,Mount & Blade II: Bannerlord,261550
Jun-25,20413.36,4852.34,0.3118,40954,Mount & Blade II: Bannerlord,261550
May-25,15561.02,-1823.63,-0.1049,27746,Mount & Blade II: Bannerlord,261550
Apr-25,17384.65,146.02,0.0085,32182,Mount & Blade II: Bannerlord,261550
Mar-25,17238.63,-481.25,-0.0272,33405,Mount & Blade II: Bannerlord,261550
Feb-25,17719.88,-5047.73,-0.2217,32603,Mount & Blade II: Bannerlord,261550
Jan-25,22767.61,4198.18,0.2261,42729,Mount & Blade II: Bannerlord,261550
Dec-24,18569.43,1404.3,0.0818,32217,Mount & Blade II: Bannerlord,261550
Nov-24,17165.13,629.27,0.0381,30628,Mount & Blade II: Bannerlord,261550
Oct-24,16535.86,-582.79,-0.034,29733,Mount & Blade II: Bannerlord,261550
Sep-24,17118.64,-966.88,-0.0535,31734,Mount & Blade II: Bannerlord,261550
Aug-24,18085.52,-1108.58,-0.0578,30945,Mount & Blade II: Bannerlord,261550
Jul-24,19194.1,3076.19,0.1909,33243,Mount & Blade II: Bannerlord,261550
Jun-24,16117.91,1304.28,0.088,32338,Mount & Blade II: Bannerlord,261550
May-24,14813.63,-2802.7,-0.1591,27183,Mount & Blade II: Bannerlord,261550
Apr-24,17616.33,-1960.87,-0.1002,33546,Mount & Blade II: Bannerlord,261550
Mar-24,19577.21,2257.91,0.1304,35220,Mount & Blade II: Bannerlord,261550
Feb-24,17319.3,-4117.82,-0.1921,30217,Mount & Blade II: Bannerlord,261550
Jan-24,21437.12,1616.36,0.0815,37595,Mount & Blade II: Bannerlord,261550
Dec-23,19820.76,3689.44,0.2287,35706,Mount & Blade II: Bannerlord,261550
Nov-23,16131.31,2156,0.1543,29483,Mount & Blade II: Bannerlord,261550
Oct-23,13975.31,119.61,0.0086,24753,Mount & Blade II: Bannerlord,261550
Sep-23,13855.7,-761.94,-0.0521,24355,Mount & Blade II: Bannerlord,261550
Aug-23,14617.64,-4323.14,-0.2282,25021,Mount & Blade II: Bannerlord,261550
Jul-23,18940.78,4910.42,0.35,32460,Mount & Blade II: Bannerlord,261550
Jun-23,14030.37,-1112.12,-0.0733999999999999,24101,Mount & Blade II: Bannerlord,261550
May-23,15142.49,-1540.91,-0.0924,25288,Mount & Blade II: Bannerlord,261550
Apr-23,16683.39,-352.46,-0.0207,29956,Mount & Blade II: Bannerlord,261550
Mar-23,17035.85,-34.49,-0.002,30491,Mount & Blade II: Bannerlord,261550
Feb-23,17070.34,-4416.36,-0.2055,29633,Mount & Blade II: Bannerlord,261550
Jan-23,21486.71,-1342.1,-0.0588,36560,Mount & Blade II: Bannerlord,261550
Dec-22,22828.8,-8368.86,-0.2683,37978,Mount & Blade II: Bannerlord,261550
Nov-22,31197.66,11170.64,0.5578,58248,Mount & Blade II: Bannerlord,261550
Oct-22,20027.02,5059.03,0.3379999999999999,58611,Mount & Blade II: Bannerlord,261550
Sep-22,14967.99,644.98,0.045,25684,Mount & Blade II: Bannerlord,261550
Aug-22,14323.01,734.59,0.0541,24974,Mount & Blade II: Bannerlord,261550
Jul-22,13588.42,-60.21,-0.0044,21735,Mount & Blade II: Bannerlord,261550
Jun-22,13648.64,1186.77,0.0951999999999999,23939,Mount & Blade II: Bannerlord,261550
May-22,12461.87,-1864.99,-0.1301999999999999,22530,Mount & Blade II: Bannerlord,261550
Apr-22,14326.86,981.07,0.0735,24123,Mount & Blade II: Bannerlord,261550
Mar-22,13345.79,-3211.67,-0.1939999999999999,23207,Mount & Blade II: Bannerlord,261550
Feb-22,16557.46,-4579.48,-0.2167,29839,Mount & Blade II: Bannerlord,261550
Jan-22,21136.94,5373.68,0.3409,34616,Mount & Blade II: Bannerlord,261550
Dec-21,15763.26,2689.61,0.2057,28061,Mount & Blade II: Bannerlord,261550
Nov-21,13073.66,1360.18,0.1161,21420,Mount & Blade II: Bannerlord,261550
Oct-21,11713.47,-267.87,-0.0224,20154,Mount & Blade II: Bannerlord,261550
Sep-21,11981.34,-1747.76,-0.1273,20493,Mount & Blade II: Bannerlord,261550
Aug-21,13729.1,252.81,0.0187999999999999,22141,Mount & Blade II: Bannerlord,261550
Jul-21,13476.29,2212.42,0.1964,23145,Mount & Blade II: Bannerlord,261550
Jun-21,11263.87,-1979.65,-0.1495,20797,Mount & Blade II: Bannerlord,261550
May-21,13243.51,-730.51,-0.0523,22579,Mount & Blade II: Bannerlord,261550
Apr-21,13974.02,575.52,0.043,23396,Mount & Blade II: Bannerlord,261550
Mar-21,13398.5,1066.87,0.0865,23902,Mount & Blade II: Bannerlord,261550
Feb-21,12331.63,-1045.74,-0.0782,19507,Mount & Blade II: Bannerlord,261550
Jan-21,13377.37,3543.27,0.3603,20790,Mount & Blade II: Bannerlord,261550
Dec-20,9834.1,32.3,0.0033,17782,Mount & Blade II: Bannerlord,261550
Nov-20,9801.8,-1076.29,-0.0989,15870,Mount & Blade II: Bannerlord,261550
Oct-20,10878.09,-200.23,-0.0181,19883,Mount & Blade II: Bannerlord,261550
Sep-20,11078.31,-623.54,-0.0533,18990,Mount & Blade II: Bannerlord,261550
Aug-20,11701.85,-277.55,-0.0232,19173,Mount & Blade II: Bannerlord,261550
Jul-20,11979.4,-2941.7,-0.1972,20337,Mount & Blade II: Bannerlord,261550
Jun-20,14921.1,-16608.75,-0.5268,26040,Mount & Blade II: Bannerlord,261550
May-20,31529.86,-81963.14,-0.7222,77878,Mount & Blade II: Bannerlord,261550
Apr-20,113492.99,113492.74,450903.594,248034,Mount & Blade II: Bannerlord,261550
Oct-16,0.25,-,0.0,6,Mount & Blade II: Bannerlord,261550
Sep-25,3321.52,387.01,0.1319,6056,Darkest Dungeon®,262060
Aug-25,2934.51,-227.59,-0.072,5497,Darkest Dungeon®,262060
Jul-25,3162.09,-59.06,-0.0183,5288,Darkest Dungeon®,262060
Jun-25,3221.15,-115.93,-0.0347,6251,Darkest Dungeon®,262060
May-25,3337.08,-610.95,-0.1547,6366,Darkest Dungeon®,262060
Apr-25,3948.03,254.5,0.0689,7603,Darkest Dungeon®,262060
Mar-25,3693.53,-732.92,-0.1656,6980,Darkest Dungeon®,262060
Feb-25,4426.45,707.18,0.1901,7893,Darkest Dungeon®,262060
Jan-25,3719.28,-2181.17,-0.3697,6568,Darkest Dungeon®,262060
Dec-24,5900.45,3033.4,1.058,15615,Darkest Dungeon®,262060
Nov-24,2867.04,-462.55,-0.1389,14311,Darkest Dungeon®,262060
Oct-24,3329.59,813.98,0.3236,7488,Darkest Dungeon®,262060
Sep-24,2515.61,-683.32,-0.2135999999999999,4254,Darkest Dungeon®,262060
Aug-24,3198.93,49.99,0.0159,5858,Darkest Dungeon®,262060
Jul-24,3148.94,86.35,0.0282,5115,Darkest Dungeon®,262060
Jun-24,3062.59,-742.99,-0.1951999999999999,5733,Darkest Dungeon®,262060
May-24,3805.58,-2950.16,-0.4367,7970,Darkest Dungeon®,262060
Apr-24,6755.74,3977.25,1.4313999999999998,19737,Darkest Dungeon®,262060
Mar-24,2778.49,138.78,0.0526,5612,Darkest Dungeon®,262060
Feb-24,2639.7,6.06,0.0023,4785,Darkest Dungeon®,262060
Jan-24,2633.64,123.13,0.049,4510,Darkest Dungeon®,262060
Dec-23,2510.51,-118.9,-0.0452,4696,Darkest Dungeon®,262060
Nov-23,2629.41,450.74,0.2069,4935,Darkest Dungeon®,262060
Oct-23,2178.67,254.25,0.1321,4774,Darkest Dungeon®,262060
Sep-23,1924.42,-415.51,-0.1776,3409,Darkest Dungeon®,262060
Aug-23,2339.93,-303.08,-0.1147,4523,Darkest Dungeon®,262060
Jul-23,2643.01,-283.16,-0.0968,4706,Darkest Dungeon®,262060
Jun-23,2926.17,-1552.39,-0.3465999999999999,5569,Darkest Dungeon®,262060
May-23,4478.55,-438.92,-0.0892999999999999,8262,Darkest Dungeon®,262060
Apr-23,4917.47,1129.43,0.2982,9917,Darkest Dungeon®,262060
Mar-23,3788.04,212.27,0.0594,7440,Darkest Dungeon®,262060
Feb-23,3575.77,-31.49,-0.0087,6007,Darkest Dungeon®,262060
Jan-23,3607.26,404.16,0.1261999999999999,5871,Darkest Dungeon®,262060
Dec-22,3203.1,-152.71,-0.0455,5544,Darkest Dungeon®,262060
Nov-22,3355.81,290.87,0.0949,6896,Darkest Dungeon®,262060
Oct-22,3064.94,-163.81,-0.0507,7190,Darkest Dungeon®,262060
Sep-22,3228.74,421.46,0.1501,7108,Darkest Dungeon®,262060
Aug-22,2807.29,-360.87,-0.1139,5042,Darkest Dungeon®,262060
Jul-22,3168.15,534.62,0.203,5269,Darkest Dungeon®,262060
Jun-22,2633.53,44.68,0.0173,4928,Darkest Dungeon®,262060
May-22,2588.85,-763.82,-0.2278,4632,Darkest Dungeon®,262060
Apr-22,3352.67,1526.6,0.836,10467,Darkest Dungeon®,262060
Mar-22,1826.07,-724.18,-0.284,2927,Darkest Dungeon®,262060
Feb-22,2550.25,-946.45,-0.2707,4664,Darkest Dungeon®,262060
Jan-22,3496.7,116.24,0.0344,6382,Darkest Dungeon®,262060
Dec-21,3380.46,-1516.76,-0.3097,5856,Darkest Dungeon®,262060
Nov-21,4897.23,821.3,0.2014999999999999,11482,Darkest Dungeon®,262060
Oct-21,4075.92,-1366.58,-0.2511,12236,Darkest Dungeon®,262060
Sep-21,5442.5,1425.22,0.3547999999999999,12816,Darkest Dungeon®,262060
Aug-21,4017.28,227.82,0.0601,7419,Darkest Dungeon®,262060
Jul-21,3789.45,865.28,0.2959,6455,Darkest Dungeon®,262060
Jun-21,2924.17,-689.83,-0.1909,5561,Darkest Dungeon®,262060
May-21,3614.0,226.83,0.067,8358,Darkest Dungeon®,262060
Apr-21,3387.17,-2010.41,-0.3725,7558,Darkest Dungeon®,262060
Mar-21,5397.58,2008.07,0.5924,12931,Darkest Dungeon®,262060
Feb-21,3389.51,-556.57,-0.141,5821,Darkest Dungeon®,262060
Jan-21,3946.09,746.59,0.2332999999999999,6314,Darkest Dungeon®,262060
Dec-20,3199.49,-235.2,-0.0684999999999999,5870,Darkest Dungeon®,262060
Nov-20,3434.69,1033.93,0.4307,6416,Darkest Dungeon®,262060
Oct-20,2400.76,-650.47,-0.2132,5892,Darkest Dungeon®,262060
Sep-20,3051.23,123.12,0.042,6027,Darkest Dungeon®,262060
Aug-20,2928.11,-638.38,-0.179,4214,Darkest Dungeon®,262060
Jul-20,3566.48,-1742.61,-0.3282,6342,Darkest Dungeon®,262060
Jun-20,5309.09,1051.14,0.2469,17363,Darkest Dungeon®,262060
May-20,4257.96,475.59,0.1257,18667,Darkest Dungeon®,262060
Apr-20,3782.37,-103.73,-0.0266999999999999,6841,Darkest Dungeon®,262060
Mar-20,3886.09,855.53,0.2823,7643,Darkest Dungeon®,262060
Feb-20,3030.56,-188.69,-0.0586,4658,Darkest Dungeon®,262060
Jan-20,3219.25,267.8,0.0907,5386,Darkest Dungeon®,262060
Dec-19,2951.45,276.65,0.1033999999999999,5142,Darkest Dungeon®,262060
Nov-19,2674.81,542.6,0.2545,5108,Darkest Dungeon®,262060
Oct-19,2132.21,433.91,0.2555,3834,Darkest Dungeon®,262060
Sep-19,1698.3,-468.57,-0.2162,2856,Darkest Dungeon®,262060
Aug-19,2166.87,-1114.72,-0.3397,3724,Darkest Dungeon®,262060
Jul-19,3281.59,-218.98,-0.0626,6477,Darkest Dungeon®,262060
Jun-19,3500.57,1317.53,0.6035,7641,Darkest Dungeon®,262060
May-19,2183.04,47.02,0.022,3522,Darkest Dungeon®,262060
Apr-19,2136.01,-1211.09,-0.3618,3434,Darkest Dungeon®,262060
Mar-19,3347.1,-273.94,-0.0757,6855,Darkest Dungeon®,262060
Feb-19,3621.04,636.85,0.2134,9330,Darkest Dungeon®,262060
Jan-19,2984.19,540.46,0.2212,5212,Darkest Dungeon®,262060
Dec-18,2443.73,-674.29,-0.2163,4883,Darkest Dungeon®,262060
Nov-18,3118.03,130.14,0.0436,6125,Darkest Dungeon®,262060
Oct-18,2987.89,868.38,0.4097,7370,Darkest Dungeon®,262060
Sep-18,2119.52,-1143.76,-0.3505,3638,Darkest Dungeon®,262060
Aug-18,3263.28,-3456.6,-0.5144,6142,Darkest Dungeon®,262060
Jul-18,6719.88,1324.25,0.2453999999999999,14184,Darkest Dungeon®,262060
Jun-18,5395.64,3179.96,1.4352,17719,Darkest Dungeon®,262060
May-18,2215.67,-633.75,-0.2224,3754,Darkest Dungeon®,262060
Apr-18,2849.43,1078.7,0.6092,7982,Darkest Dungeon®,262060
Mar-18,1770.73,-398.23,-0.1835999999999999,2946,Darkest Dungeon®,262060
Feb-18,2168.95,-636.98,-0.2269999999999999,3873,Darkest Dungeon®,262060
Jan-18,2805.93,162.78,0.0616,5448,Darkest Dungeon®,262060
Dec-17,2643.15,-491.05,-0.1567,5291,Darkest Dungeon®,262060
Nov-17,3134.2,-224.26,-0.0668,5646,Darkest Dungeon®,262060
Oct-17,3358.46,1584.64,0.8933,8476,Darkest Dungeon®,262060
Sep-17,1773.82,-718.85,-0.2884,3188,Darkest Dungeon®,262060
Aug-17,2492.67,-4536.15,-0.6454000000000001,4991,Darkest Dungeon®,262060
Jul-17,7028.83,1891.87,0.3682999999999999,17795,Darkest Dungeon®,262060
Jun-17,5136.96,3733.9,2.6613,19285,Darkest Dungeon®,262060
May-17,1403.06,-207.12,-0.1286,2415,Darkest Dungeon®,262060
Apr-17,1610.18,73.41,0.0478,3292,Darkest Dungeon®,262060
Mar-17,1536.76,-1283.05,-0.455,3067,Darkest Dungeon®,262060
Feb-17,2819.81,303.31,0.1205,8414,Darkest Dungeon®,262060
Jan-17,2516.5,742.09,0.4182,5872,Darkest Dungeon®,262060
Dec-16,1774.41,158.86,0.0983,4737,Darkest Dungeon®,262060
Nov-16,1615.55,463.68,0.4025,3492,Darkest Dungeon®,262060
Oct-16,1151.87,270.68,0.3072,2762,Darkest Dungeon®,262060
Sep-16,881.19,-102.37,-0.1041,1561,Darkest Dungeon®,262060
Aug-16,983.56,-672.57,-0.4061,1674,Darkest Dungeon®,262060
Jul-16,1656.13,164.86,0.1105,4331,Darkest Dungeon®,262060
Jun-16,1491.27,95.28,0.0683,4163,Darkest Dungeon®,262060
May-16,1395.99,246.11,0.214,4945,Darkest Dungeon®,262060
Apr-16,1149.88,-933,-0.4478999999999999,2611,Darkest Dungeon®,262060
Mar-16,2082.88,-2499.97,-0.5455,4109,Darkest Dungeon®,262060
Feb-16,4582.85,-191.43,-0.0401,10927,Darkest Dungeon®,262060
Jan-16,4774.28,3447.68,2.5989,14661,Darkest Dungeon®,262060
Dec-15,1326.6,699.24,1.1146,3543,Darkest Dungeon®,262060
Nov-15,627.36,-686.6,-0.5225,1906,Darkest Dungeon®,262060
Oct-15,1313.96,822.68,1.6746,4637,Darkest Dungeon®,262060
Sep-15,491.28,-319.6,-0.3940999999999999,1439,Darkest Dungeon®,262060
Aug-15,810.88,-55.25,-0.0638,2350,Darkest Dungeon®,262060
Jul-15,866.13,-421.1,-0.3271,2220,Darkest Dungeon®,262060
Jun-15,1287.23,780.23,1.5389,3060,Darkest Dungeon®,262060
May-15,507.0,19.78,0.0406,3257,Darkest Dungeon®,262060
Apr-15,487.22,-960.08,-0.6634,1011,Darkest Dungeon®,262060
Mar-15,1447.3,-3354.8,-0.6986,4360,Darkest Dungeon®,262060
Feb-15,4802.1,4782.74,247.0224,13240,Darkest Dungeon®,262060
Jan-15,19.36,19.03,58.1911,597,Darkest Dungeon®,262060
Dec-14,0.33,-,0.0,3,Darkest Dungeon®,262060
Sep-25,3213.44,-3074.59,-0.489,6833,Subnautica,264710
Aug-25,6288.03,2461.59,0.6433,16933,Subnautica,264710
Jul-25,3826.45,394.81,0.1151,6211,Subnautica,264710
Jun-25,3431.63,477.54,0.1617,5927,Subnautica,264710
May-25,2954.09,-25.95,-0.0087,5322,Subnautica,264710
Apr-25,2980.04,-745.43,-0.2001,5195,Subnautica,264710
Mar-25,3725.47,-990.57,-0.21,6912,Subnautica,264710
Feb-25,4716.05,-898.33,-0.16,10505,Subnautica,264710
Jan-25,5614.38,110,0.02,13371,Subnautica,264710
Dec-24,5504.37,155.09,0.0289999999999999,11906,Subnautica,264710
Nov-24,5349.28,1708.58,0.4693,11871,Subnautica,264710
Oct-24,3640.7,717.79,0.2455999999999999,8333,Subnautica,264710
Sep-24,2922.91,-607.83,-0.1722,6282,Subnautica,264710
Aug-24,3530.74,-1595.7,-0.3112999999999999,6093,Subnautica,264710
Jul-24,5126.44,1760.47,0.523,8220,Subnautica,264710
Jun-24,3365.97,331.84,0.1094,7177,Subnautica,264710
May-24,3034.13,-664.69,-0.1797,5523,Subnautica,264710
Apr-24,3698.82,109.88,0.0306,9497,Subnautica,264710
Mar-24,3588.95,-423.74,-0.1056,7598,Subnautica,264710
Feb-24,4012.69,605.6,0.1777,8992,Subnautica,264710
Jan-24,3407.08,-27.21,-0.0079,6477,Subnautica,264710
Dec-23,3434.29,149.05,0.0454,6658,Subnautica,264710
Nov-23,3285.24,769.12,0.3057,8368,Subnautica,264710
Oct-23,2516.12,-223.57,-0.0816,5322,Subnautica,264710
Sep-23,2739.69,-825.1,-0.2314999999999999,5918,Subnautica,264710
Aug-23,3564.8,-2654.05,-0.4268,6365,Subnautica,264710
Jul-23,6218.85,3468.56,1.2612,10713,Subnautica,264710
Jun-23,2750.28,-1188.84,-0.3018,6242,Subnautica,264710
May-23,3939.12,635.27,0.1923,9926,Subnautica,264710
Apr-23,3303.86,-1176.88,-0.2627,6101,Subnautica,264710
Mar-23,4480.74,392.49,0.096,9923,Subnautica,264710
Feb-23,4088.25,-2088.07,-0.3381,8869,Subnautica,264710
Jan-23,6176.32,1659.92,0.3675,13223,Subnautica,264710
Dec-22,4516.4,1945,0.7564,9539,Subnautica,264710
Nov-22,2571.4,568.52,0.2839,5814,Subnautica,264710
Oct-22,2002.88,-475.01,-0.1917,3744,Subnautica,264710
Sep-22,2477.89,-479.22,-0.1621,5363,Subnautica,264710
Aug-22,2957.11,-137.6,-0.0445,6059,Subnautica,264710
Jul-22,3094.71,456.74,0.1730999999999999,5323,Subnautica,264710
Jun-22,2637.97,-742.46,-0.2196,4621,Subnautica,264710
May-22,3380.43,1009.61,0.4257999999999999,8912,Subnautica,264710
Apr-22,2370.82,298.23,0.1439,3957,Subnautica,264710
Mar-22,2072.59,-692.96,-0.2506,3552,Subnautica,264710
Feb-22,2765.55,-685.97,-0.1987,5162,Subnautica,264710
Jan-22,3451.52,618.35,0.2183,6132,Subnautica,264710
Dec-21,2833.17,474.69,0.2012999999999999,5347,Subnautica,264710
Nov-21,2358.48,-508.84,-0.1775,4972,Subnautica,264710
Oct-21,2867.33,1052.46,0.5799,7021,Subnautica,264710
Sep-21,1814.86,-473.26,-0.2067999999999999,3164,Subnautica,264710
Aug-21,2288.13,-1098.93,-0.3245,3607,Subnautica,264710
Jul-21,3387.06,86.49,0.0262,6612,Subnautica,264710
Jun-21,3300.57,-960.62,-0.2254,6376,Subnautica,264710
May-21,4261.19,1308.12,0.4429999999999999,9091,Subnautica,264710
Apr-21,2953.07,381.77,0.1485,5014,Subnautica,264710
Mar-21,2571.31,-467.78,-0.1539,4388,Subnautica,264710
Feb-21,3039.09,-1040.61,-0.2551,4937,Subnautica,264710
Jan-21,4079.69,1063.35,0.3525,6876,Subnautica,264710
Dec-20,3016.35,254.68,0.0922,6384,Subnautica,264710
Nov-20,2761.67,537.57,0.2417,4950,Subnautica,264710
Oct-20,2224.1,-185.22,-0.0769,4427,Subnautica,264710
Sep-20,2409.32,-540.32,-0.1832,4012,Subnautica,264710
Aug-20,2949.65,-227.94,-0.0717,4636,Subnautica,264710
Jul-20,3177.59,555.8,0.212,5472,Subnautica,264710
Jun-20,2621.78,-653.83,-0.1996,4605,Subnautica,264710
May-20,3275.61,-1478.65,-0.311,5566,Subnautica,264710
Apr-20,4754.26,1262.7,0.3616,8482,Subnautica,264710
Mar-20,3491.55,318.41,0.1003,7918,Subnautica,264710
Feb-20,3173.15,118.96,0.039,5648,Subnautica,264710
Jan-20,3054.18,269.48,0.0968,5433,Subnautica,264710
Dec-19,2784.7,948.46,0.5165,5211,Subnautica,264710
Nov-19,1836.24,176.44,0.1063,3639,Subnautica,264710
Oct-19,1659.8,-122.54,-0.0688,3044,Subnautica,264710
Sep-19,1782.35,-421.66,-0.1913,3248,Subnautica,264710
Aug-19,2204.01,-364.84,-0.142,3551,Subnautica,264710
Jul-19,2568.85,389.47,0.1787,4231,Subnautica,264710
Jun-19,2179.38,400.89,0.2254,3854,Subnautica,264710
May-19,1778.5,-458.45,-0.2048999999999999,3334,Subnautica,264710
Apr-19,2236.95,-920.28,-0.2915,5181,Subnautica,264710
Mar-19,3157.23,-3741.15,-0.5423,7248,Subnautica,264710
Feb-19,6898.38,1699.6,0.3268999999999999,19035,Subnautica,264710
Jan-19,5198.78,1420.49,0.376,9338,Subnautica,264710
Dec-18,3778.3,1303.48,0.5267000000000001,8980,Subnautica,264710
Nov-18,2474.82,122.24,0.052,5664,Subnautica,264710
Oct-18,2352.58,-121.03,-0.0489,4461,Subnautica,264710
Sep-18,2473.61,-237.12,-0.0875,4646,Subnautica,264710
Aug-18,2710.72,-1130.32,-0.2943,4445,Subnautica,264710
Jul-18,3841.05,-698.23,-0.1538,6579,Subnautica,264710
Jun-18,4539.27,1588.54,0.5384,10093,Subnautica,264710
May-18,2950.74,-1121.52,-0.2754,5296,Subnautica,264710
Apr-18,4072.26,-3318.84,-0.449,8572,Subnautica,264710
Mar-18,7391.09,-9931.34,-0.5733,16615,Subnautica,264710
Feb-18,17322.44,6749.26,0.6383,44646,Subnautica,264710
Jan-18,10573.18,7746.76,2.7408,50876,Subnautica,264710
Dec-17,2826.41,1056.33,0.5968,5526,Subnautica,264710
Nov-17,1770.08,-95.98,-0.0513999999999999,3600,Subnautica,264710
Oct-17,1866.06,-335.52,-0.1524,4019,Subnautica,264710
Sep-17,2201.58,-64.08,-0.0283,4514,Subnautica,264710
Aug-17,2265.65,-1017.13,-0.3098,4648,Subnautica,264710
Jul-17,3282.78,516.07,0.1865,7016,Subnautica,264710
Jun-17,2766.71,125.74,0.0475999999999999,7105,Subnautica,264710
May-17,2640.97,172.29,0.0698,5090,Subnautica,264710
Apr-17,2468.68,60.3,0.025,6434,Subnautica,264710
Mar-17,2408.37,-350.05,-0.1268999999999999,6242,Subnautica,264710
Feb-17,2758.42,-1248.64,-0.3116,5279,Subnautica,264710
Jan-17,4007.06,872.76,0.2785,8736,Subnautica,264710
Dec-16,3134.3,1689.84,1.1699,8589,Subnautica,264710
Nov-16,1444.46,9.32,0.0065,3958,Subnautica,264710
Oct-16,1435.14,-514.88,-0.264,3246,Subnautica,264710
Sep-16,1950.02,-195.49,-0.0911,4174,Subnautica,264710
Aug-16,2145.51,-412.63,-0.1613,6543,Subnautica,264710
Jul-16,2558.14,-62.18,-0.0237,6988,Subnautica,264710
Jun-16,2620.32,688.27,0.3561999999999999,7452,Subnautica,264710
May-16,1932.06,245.6,0.1456,4391,Subnautica,264710
Apr-16,1686.46,-691.05,-0.2907,3996,Subnautica,264710
Mar-16,2377.51,823.13,0.5296,6371,Subnautica,264710
Feb-16,1554.38,21.45,0.0139999999999999,4137,Subnautica,264710
Jan-16,1532.92,886.46,1.3713,3339,Subnautica,264710
Dec-15,646.46,292.5,0.8262999999999999,2334,Subnautica,264710
Nov-15,353.96,21.08,0.0633,971,Subnautica,264710
Oct-15,332.89,-134.84,-0.2883,694,Subnautica,264710
Sep-15,467.73,-307.39,-0.3965999999999999,1200,Subnautica,264710
Aug-15,775.12,406.79,1.1044,1727,Subnautica,264710
Jul-15,368.33,-63.22,-0.1465,900,Subnautica,264710
Jun-15,431.55,-55.52,-0.114,842,Subnautica,264710
May-15,487.07,25.67,0.0556,1370,Subnautica,264710
Apr-15,461.4,143.76,0.4526,1249,Subnautica,264710
Mar-15,317.63,243.11,3.2624,1191,Subnautica,264710
Feb-15,74.52,46.47,1.6564,220,Subnautica,264710
Jan-15,28.05,12.62,0.8181999999999999,105,Subnautica,264710
Dec-14,15.43,12.39,4.0749,69,Subnautica,264710
Nov-14,3.04,1.5,0.9772,16,Subnautica,264710
Oct-14,1.54,1.39,9.5645,25,Subnautica,264710
Sep-14,0.15,0.08,1.1483,3,Subnautica,264710
Aug-14,0.07,-0.1,-0.5907,1,Subnautica,264710
Jul-14,0.17,0.15,7.4,3,Subnautica,264710
Jun-14,0.02,-0.03,-0.5995,2,Subnautica,264710
May-14,0.05,-0.31,-0.862,1,Subnautica,264710
Apr-14,0.36,0.32,7.676699999999999,11,Subnautica,264710
Mar-14,0.04,-,0.0,2,Subnautica,264710
Sep-25,6182.99,-359.2,-0.0549,11017,American Truck Simulator,270880
Aug-25,6542.19,-1214.09,-0.1565,11572,American Truck Simulator,270880
Jul-25,7756.28,1750.59,0.2915,13909,American Truck Simulator,270880
Jun-25,6005.69,-257.78,-0.0412,10313,American Truck Simulator,270880
May-25,6263.47,-1374.26,-0.1798999999999999,10800,American Truck Simulator,270880
Apr-25,7637.73,513.88,0.0721,14627,American Truck Simulator,270880
Mar-25,7123.85,205.18,0.0297,13481,American Truck Simulator,270880
Feb-25,6918.68,-637.5,-0.0843999999999999,11603,American Truck Simulator,270880
Jan-25,7556.17,99.39,0.0133,13268,American Truck Simulator,270880
Dec-24,7456.78,697.21,0.1031,13552,American Truck Simulator,270880
Nov-24,6759.58,-165.97,-0.024,12874,American Truck Simulator,270880
Oct-24,6925.54,-294.51,-0.0408,13476,American Truck Simulator,270880
Sep-24,7220.05,616.2,0.0933,14156,American Truck Simulator,270880
Aug-24,6603.85,-1950.7,-0.228,11312,American Truck Simulator,270880
Jul-24,8554.55,2001.08,0.3053,14959,American Truck Simulator,270880
Jun-24,6553.47,-518.08,-0.0733,13465,American Truck Simulator,270880
May-24,7071.55,997.02,0.1641,15329,American Truck Simulator,270880
Apr-24,6074.53,-530.79,-0.0803999999999999,10985,American Truck Simulator,270880
Mar-24,6605.33,174.09,0.0271,11630,American Truck Simulator,270880
Feb-24,6431.24,-1226.86,-0.1602,11236,American Truck Simulator,270880
Jan-24,7658.1,-825.8,-0.0973,13827,American Truck Simulator,270880
Dec-23,8483.9,2256.17,0.3622999999999999,15275,American Truck Simulator,270880
Nov-23,6227.73,586.07,0.1039,12425,American Truck Simulator,270880
Oct-23,5641.66,-97.62,-0.017,10556,American Truck Simulator,270880
Sep-23,5739.28,-2366.75,-0.292,9929,American Truck Simulator,270880
Aug-23,8106.03,1605.77,0.247,16966,American Truck Simulator,270880
Jul-23,6500.26,1180.19,0.2218,10660,American Truck Simulator,270880
Jun-23,5320.07,-213.88,-0.0385999999999999,8692,American Truck Simulator,270880
May-23,5533.95,-356.78,-0.0605999999999999,9645,American Truck Simulator,270880
Apr-23,5890.73,111.89,0.0194,9935,American Truck Simulator,270880
Mar-23,5778.84,-376.97,-0.0612,10567,American Truck Simulator,270880
Feb-23,6155.81,-748.58,-0.1084,10289,American Truck Simulator,270880
Jan-23,6904.39,377.52,0.0578,12149,American Truck Simulator,270880
Dec-22,6526.87,-340.94,-0.0496,10878,American Truck Simulator,270880
Nov-22,6867.81,1674.17,0.3223,14011,American Truck Simulator,270880
Oct-22,5193.64,105.39,0.0207,9494,American Truck Simulator,270880
Sep-22,5088.26,-1493.49,-0.2269,9406,American Truck Simulator,270880
Aug-22,6581.75,1268.5,0.2387,14551,American Truck Simulator,270880
Jul-22,5313.25,306.11,0.0611,8416,American Truck Simulator,270880
Jun-22,5007.14,-191.95,-0.0369,8198,American Truck Simulator,270880
May-22,5199.08,-333.46,-0.0603,8574,American Truck Simulator,270880
Apr-22,5532.54,109.02,0.0200999999999999,10051,American Truck Simulator,270880
Mar-22,5423.52,-225.15,-0.0399,9317,American Truck Simulator,270880
Feb-22,5648.68,-562.95,-0.0906,9748,American Truck Simulator,270880
Jan-22,6211.62,673.01,0.1215,10717,American Truck Simulator,270880
Dec-21,5538.62,-10.01,-0.0018,9613,American Truck Simulator,270880
Nov-21,5548.63,286.26,0.0544,9468,American Truck Simulator,270880
Oct-21,5262.36,-1019.67,-0.1623,10050,American Truck Simulator,270880
Sep-21,6282.03,1102.41,0.2128,13387,American Truck Simulator,270880
Aug-21,5179.63,-1055.02,-0.1692,8763,American Truck Simulator,270880
Jul-21,6234.65,1190.15,0.2359,12562,American Truck Simulator,270880
Jun-21,5044.5,-251.72,-0.0475,8405,American Truck Simulator,270880
May-21,5296.22,239.8,0.0474,10919,American Truck Simulator,270880
Apr-21,5056.42,-257.07,-0.0484,8852,American Truck Simulator,270880
Mar-21,5313.48,-932.24,-0.1493,9991,American Truck Simulator,270880
Feb-21,6245.72,-33.21,-0.0053,11882,American Truck Simulator,270880
Jan-21,6278.93,-426.66,-0.0636,10927,American Truck Simulator,270880
Dec-20,6705.6,898.83,0.1548,11977,American Truck Simulator,270880
Nov-20,5806.76,1017.36,0.2123999999999999,11456,American Truck Simulator,270880
Oct-20,4789.4,985.74,0.2592,8425,American Truck Simulator,270880
Sep-20,3803.66,-560.23,-0.1284,6891,American Truck Simulator,270880
Aug-20,4363.88,-1180.04,-0.2128999999999999,7391,American Truck Simulator,270880
Jul-20,5543.92,1536.2,0.3833,11735,American Truck Simulator,270880
Jun-20,4007.72,-858.57,-0.1764,7049,American Truck Simulator,270880
May-20,4866.29,-1167.02,-0.1934,9310,American Truck Simulator,270880
Apr-20,6033.31,1673.42,0.3838,12920,American Truck Simulator,270880
Mar-20,4359.89,547.61,0.1436,8803,American Truck Simulator,270880
Feb-20,3812.28,-109.59,-0.0279,6913,American Truck Simulator,270880
Jan-20,3921.87,-434.25,-0.0997,7027,American Truck Simulator,270880
Dec-19,4356.12,213.58,0.0516,7573,American Truck Simulator,270880
Nov-19,4142.54,1037.4,0.3340999999999999,9992,American Truck Simulator,270880
Oct-19,3105.14,-89.94,-0.0282,5597,American Truck Simulator,270880
Sep-19,3195.08,-91.8,-0.0279,5807,American Truck Simulator,270880
Aug-19,3286.88,-941.87,-0.2227,5445,American Truck Simulator,270880
Jul-19,4228.75,-465.58,-0.0992,7017,American Truck Simulator,270880
Jun-19,4694.33,1705.89,0.5708,9685,American Truck Simulator,270880
May-19,2988.44,173.07,0.0615,5189,American Truck Simulator,270880
Apr-19,2815.37,-211.88,-0.07,4832,American Truck Simulator,270880
Mar-19,3027.26,-235.64,-0.0722,5252,American Truck Simulator,270880
Feb-19,3262.9,-260.3,-0.0739,6296,American Truck Simulator,270880
Jan-19,3523.2,-228.9,-0.061,6272,American Truck Simulator,270880
Dec-18,3752.1,148.05,0.0411,6727,American Truck Simulator,270880
Nov-18,3604.05,-339.46,-0.0861,7341,American Truck Simulator,270880
Oct-18,3943.51,891.64,0.2922,10185,American Truck Simulator,270880
Sep-18,3051.87,280.68,0.1013,6467,American Truck Simulator,270880
Aug-18,2771.19,-532.35,-0.1611,5110,American Truck Simulator,270880
Jul-18,3303.54,499.83,0.1783,6839,American Truck Simulator,270880
Jun-18,2803.71,328.65,0.1328,6508,American Truck Simulator,270880
May-18,2475.06,186.7,0.0816,5226,American Truck Simulator,270880
Apr-18,2288.36,-139.53,-0.0575,4335,American Truck Simulator,270880
Mar-18,2427.89,-300.47,-0.1101,4362,American Truck Simulator,270880
Feb-18,2728.37,-528.17,-0.1621999999999999,4919,American Truck Simulator,270880
Jan-18,3256.53,378.88,0.1317,6425,American Truck Simulator,270880
Dec-17,2877.65,-274.06,-0.087,5794,American Truck Simulator,270880
Nov-17,3151.71,901.48,0.4006,6433,American Truck Simulator,270880
Oct-17,2250.23,239.96,0.1193999999999999,5023,American Truck Simulator,270880
Sep-17,2010.27,-136.58,-0.0636,3639,American Truck Simulator,270880
Aug-17,2146.85,-501.96,-0.1895,3521,American Truck Simulator,270880
Jul-17,2648.81,173.96,0.0703,4236,American Truck Simulator,270880
Jun-17,2474.86,401.49,0.1936,4647,American Truck Simulator,270880
May-17,2073.37,164.34,0.0861,4383,American Truck Simulator,270880
Apr-17,1909.03,-101.96,-0.0507,3451,American Truck Simulator,270880
Mar-17,2010.99,-244.64,-0.1085,3785,American Truck Simulator,270880
Feb-17,2255.63,-92.28,-0.0393,4556,American Truck Simulator,270880
Jan-17,2347.9,68.58,0.0301,4189,American Truck Simulator,270880
Dec-16,2279.32,179.05,0.0852999999999999,4356,American Truck Simulator,270880
Nov-16,2100.27,285.06,0.157,3918,American Truck Simulator,270880
Oct-16,1815.2,-140.02,-0.0716,3333,American Truck Simulator,270880
Sep-16,1955.23,-168.65,-0.0794,3427,American Truck Simulator,270880
Aug-16,2123.88,-275.56,-0.1148,3492,American Truck Simulator,270880
Jul-16,2399.43,-423.46,-0.15,4328,American Truck Simulator,270880
Jun-16,2822.89,531.99,0.2322,5099,American Truck Simulator,270880
May-16,2290.9,-277.72,-0.1081,4482,American Truck Simulator,270880
Apr-16,2568.62,-987.22,-0.2776,4539,American Truck Simulator,270880
Mar-16,3555.84,-3743.23,-0.5128,7665,American Truck Simulator,270880
Feb-16,7299.07,7295.4,1987.2208,19138,American Truck Simulator,270880
Jan-16,3.67,3.27,8.2463,43,American Truck Simulator,270880
Dec-15,0.4,0.06,0.1764,4,American Truck Simulator,270880
Nov-15,0.34,0.12,0.5579999999999999,3,American Truck Simulator,270880
Oct-15,0.22,0,-0.0066,3,American Truck Simulator,270880
Sep-15,0.22,-0.15,-0.4065999999999999,3,American Truck Simulator,270880
Aug-15,0.37,0.31,5.3499,4,American Truck Simulator,270880
Jul-15,0.06,-0.03,-0.3314999999999999,2,American Truck Simulator,270880
Jun-15,0.09,-,0.0,1,American Truck Simulator,270880
Sep-25,55605.21,-12640.34,-0.1852,98431,Grand Theft Auto V Legacy,271590
Aug-25,68245.55,-1176.48,-0.0169,109253,Grand Theft Auto V Legacy,271590
Jul-25,69422.04,-2838.96,-0.0393,102267,Grand Theft Auto V Legacy,271590
Jun-25,72261.0,5923.42,0.0892999999999999,112862,Grand Theft Auto V Legacy,271590
May-25,66337.58,9063.8,0.1583,115706,Grand Theft Auto V Legacy,271590
Apr-25,57273.78,-20736.88,-0.2658,99414,Grand Theft Auto V Legacy,271590
Mar-25,78010.66,-39770.71,-0.3377,184063,Grand Theft Auto V Legacy,271590
Feb-25,117781.37,-11338.87,-0.0877999999999999,208168,Grand Theft Auto V Legacy,271590
Jan-25,129120.24,5859.16,0.0475,211328,Grand Theft Auto V Legacy,271590
Dec-24,123261.08,22879.9,0.2279,217485,Grand Theft Auto V Legacy,271590
Nov-24,100381.18,8820.28,0.0963,189870,Grand Theft Auto V Legacy,271590
Oct-24,91560.9,-5543.4,-0.0571,162388,Grand Theft Auto V Legacy,271590
Sep-24,97104.3,-19076.96,-0.1642,185555,Grand Theft Auto V Legacy,271590
Aug-24,116181.25,577.71,0.005,184785,Grand Theft Auto V Legacy,271590
Jul-24,115603.54,12799.07,0.1245,185504,Grand Theft Auto V Legacy,271590
Jun-24,102804.47,10056.63,0.1084,171685,Grand Theft Auto V Legacy,271590
May-24,92747.84,-2661.23,-0.0279,152030,Grand Theft Auto V Legacy,271590
Apr-24,95409.06,-9154.61,-0.0876,169535,Grand Theft Auto V Legacy,271590
Mar-24,104563.67,-3634.4,-0.0336,193834,Grand Theft Auto V Legacy,271590
Feb-24,108198.07,-15608.12,-0.1261,185992,Grand Theft Auto V Legacy,271590
Jan-24,123806.19,-21264.23,-0.1466,218773,Grand Theft Auto V Legacy,271590
Dec-23,145070.42,57062.28,0.6484000000000001,295651,Grand Theft Auto V Legacy,271590
Nov-23,88008.14,1270.32,0.0146,167317,Grand Theft Auto V Legacy,271590
Oct-23,86737.81,-4390.29,-0.0482,166618,Grand Theft Auto V Legacy,271590
Sep-23,91128.11,-12678.21,-0.1221,166502,Grand Theft Auto V Legacy,271590
Aug-23,103806.32,-13191.36,-0.1127,170280,Grand Theft Auto V Legacy,271590
Jul-23,116997.68,2404.22,0.021,180937,Grand Theft Auto V Legacy,271590
Jun-23,114593.46,25293.43,0.2832,207718,Grand Theft Auto V Legacy,271590
May-23,89300.03,-1436.74,-0.0158,152862,Grand Theft Auto V Legacy,271590
Apr-23,90736.77,526.11,0.0058,157231,Grand Theft Auto V Legacy,271590
Mar-23,90210.66,-6676.53,-0.0689,167901,Grand Theft Auto V Legacy,271590
Feb-23,96887.19,-13447.19,-0.1219,174026,Grand Theft Auto V Legacy,271590
Jan-23,110334.38,4040.22,0.038,176528,Grand Theft Auto V Legacy,271590
Dec-22,106294.15,17246.75,0.1937,180121,Grand Theft Auto V Legacy,271590
Nov-22,89047.41,-2742.78,-0.0299,164601,Grand Theft Auto V Legacy,271590
Oct-22,91790.19,-4643.68,-0.0482,168100,Grand Theft Auto V Legacy,271590
Sep-22,96433.87,-21654.82,-0.1834,175811,Grand Theft Auto V Legacy,271590
Aug-22,118088.69,19465.23,0.1974,195472,Grand Theft Auto V Legacy,271590
Jul-22,98623.46,14107.4,0.1669,197328,Grand Theft Auto V Legacy,271590
Jun-22,84516.06,4770.72,0.0598,133299,Grand Theft Auto V Legacy,271590
May-22,79745.34,-3485.88,-0.0419,138240,Grand Theft Auto V Legacy,271590
Apr-22,83231.22,235.18,0.0028,153693,Grand Theft Auto V Legacy,271590
Mar-22,82996.04,-9519.56,-0.1028999999999999,147473,Grand Theft Auto V Legacy,271590
Feb-22,92515.6,-3937.22,-0.0408,155111,Grand Theft Auto V Legacy,271590
Jan-22,96452.81,5201.61,0.057,158823,Grand Theft Auto V Legacy,271590
Dec-21,91251.21,18034.14,0.2463,173538,Grand Theft Auto V Legacy,271590
Nov-21,73217.07,189.72,0.0026,136818,Grand Theft Auto V Legacy,271590
Oct-21,73027.34,-8204.86,-0.1009999999999999,136046,Grand Theft Auto V Legacy,271590
Sep-21,81232.2,-37668.37,-0.3167999999999999,151408,Grand Theft Auto V Legacy,271590
Aug-21,118900.57,5905.15,0.0523,214591,Grand Theft Auto V Legacy,271590
Jul-21,112995.42,24080.02,0.2708,218784,Grand Theft Auto V Legacy,271590
Jun-21,88915.4,4158.64,0.0491,155599,Grand Theft Auto V Legacy,271590
May-21,84756.76,-7891.05,-0.0852,146011,Grand Theft Auto V Legacy,271590
Apr-21,92647.8,2854.96,0.0318,178142,Grand Theft Auto V Legacy,271590
Mar-21,89792.84,-854.8,-0.0093999999999999,183227,Grand Theft Auto V Legacy,271590
Feb-21,90647.64,-10602.95,-0.1047,146438,Grand Theft Auto V Legacy,271590
Jan-21,101250.59,-5663.68,-0.053,184941,Grand Theft Auto V Legacy,271590
Dec-20,106914.27,30195.93,0.3936,258539,Grand Theft Auto V Legacy,271590
Nov-20,76718.34,9525.31,0.1418,157355,Grand Theft Auto V Legacy,271590
Oct-20,67193.03,-854,-0.0126,128578,Grand Theft Auto V Legacy,271590
Sep-20,68047.03,-20351.33,-0.2302,126174,Grand Theft Auto V Legacy,271590
Aug-20,88398.36,4743.64,0.0567,154677,Grand Theft Auto V Legacy,271590
Jul-20,83654.72,-16098.13,-0.1614,134093,Grand Theft Auto V Legacy,271590
Jun-20,99752.85,-41617.03,-0.2944,180302,Grand Theft Auto V Legacy,271590
May-20,141369.88,15283.15,0.1211999999999999,260562,Grand Theft Auto V Legacy,271590
Apr-20,126086.73,9700.36,0.0833,243284,Grand Theft Auto V Legacy,271590
Mar-20,116386.37,-26338.11,-0.1845,209493,Grand Theft Auto V Legacy,271590
Feb-20,142724.48,31424.28,0.2823,267360,Grand Theft Auto V Legacy,271590
Jan-20,111300.2,13522.51,0.1383,214796,Grand Theft Auto V Legacy,271590
Dec-19,97777.69,28934.76,0.4203,204137,Grand Theft Auto V Legacy,271590
Nov-19,68842.93,10186.85,0.1737,138540,Grand Theft Auto V Legacy,271590
Oct-19,58656.08,-7475.54,-0.113,117002,Grand Theft Auto V Legacy,271590
Sep-19,66131.62,-31516.38,-0.3228,135072,Grand Theft Auto V Legacy,271590
Aug-19,97648.0,5030.39,0.0542999999999999,176207,Grand Theft Auto V Legacy,271590
Jul-19,92617.62,35899.89,0.633,197555,Grand Theft Auto V Legacy,271590
Jun-19,56717.73,1307.21,0.0236,109164,Grand Theft Auto V Legacy,271590
May-19,55410.52,6908.24,0.1424,108557,Grand Theft Auto V Legacy,271590
Apr-19,48502.28,-11727.38,-0.1946999999999999,91586,Grand Theft Auto V Legacy,271590
Mar-19,60229.66,2105.44,0.0362,126518,Grand Theft Auto V Legacy,271590
Feb-19,58124.22,-1726.98,-0.0289,119439,Grand Theft Auto V Legacy,271590
Jan-19,59851.2,4209.87,0.0757,118210,Grand Theft Auto V Legacy,271590
Dec-18,55641.33,12631.96,0.2937,120693,Grand Theft Auto V Legacy,271590
Nov-18,43009.38,-256.59,-0.0059,81360,Grand Theft Auto V Legacy,271590
Oct-18,43265.97,-5881.7,-0.1197,81337,Grand Theft Auto V Legacy,271590
Sep-18,49147.67,-19164.49,-0.2805,97920,Grand Theft Auto V Legacy,271590
Aug-18,68312.15,-12083.19,-0.1503,123556,Grand Theft Auto V Legacy,271590
Jul-18,80395.34,31467.85,0.6431999999999999,162021,Grand Theft Auto V Legacy,271590
Jun-18,48927.49,7648.77,0.1853,118332,Grand Theft Auto V Legacy,271590
May-18,41278.73,-1500.8,-0.0351,82956,Grand Theft Auto V Legacy,271590
Apr-18,42779.52,-3248.66,-0.0706,89792,Grand Theft Auto V Legacy,271590
Mar-18,46028.18,-7367.5,-0.138,94489,Grand Theft Auto V Legacy,271590
Feb-18,53395.68,-24171.16,-0.3116,94308,Grand Theft Auto V Legacy,271590
Jan-18,77566.84,-500.1,-0.0064,167754,Grand Theft Auto V Legacy,271590
Dec-17,78066.93,36151.78,0.8625,170316,Grand Theft Auto V Legacy,271590
Nov-17,41915.16,2140.69,0.0538,85105,Grand Theft Auto V Legacy,271590
Oct-17,39774.46,-6068.46,-0.1324,84553,Grand Theft Auto V Legacy,271590
Sep-17,45842.92,-8185.73,-0.1515,101433,Grand Theft Auto V Legacy,271590
Aug-17,54028.65,-6811.41,-0.1119999999999999,121830,Grand Theft Auto V Legacy,271590
Jul-17,60840.07,554.67,0.0092,112074,Grand Theft Auto V Legacy,271590
Jun-17,60285.4,17405.76,0.4059,131936,Grand Theft Auto V Legacy,271590
May-17,42879.64,-6228.7,-0.1268,83483,Grand Theft Auto V Legacy,271590
Apr-17,49108.33,491.44,0.0101,96503,Grand Theft Auto V Legacy,271590
Mar-17,48616.89,-4654.1,-0.0874,98798,Grand Theft Auto V Legacy,271590
Feb-17,53270.99,-9907.68,-0.1568,104902,Grand Theft Auto V Legacy,271590
Jan-17,63178.67,1334.95,0.0216,116125,Grand Theft Auto V Legacy,271590
Dec-16,61843.72,18852.42,0.4385,126681,Grand Theft Auto V Legacy,271590
Nov-16,42991.3,906.81,0.0215,86759,Grand Theft Auto V Legacy,271590
Oct-16,42084.49,10440.55,0.3299,86192,Grand Theft Auto V Legacy,271590
Sep-16,31643.93,-7147.94,-0.1843,61921,Grand Theft Auto V Legacy,271590
Aug-16,38791.87,-6374.25,-0.1411,63873,Grand Theft Auto V Legacy,271590
Jul-16,45166.12,5013.29,0.1249,71778,Grand Theft Auto V Legacy,271590
Jun-16,40152.83,14922.64,0.5915,78330,Grand Theft Auto V Legacy,271590
May-16,25230.19,-6441.1,-0.2034,48053,Grand Theft Auto V Legacy,271590
Apr-16,31671.3,-2329.14,-0.0684999999999999,65878,Grand Theft Auto V Legacy,271590
Mar-16,34000.43,-6012.67,-0.1503,64633,Grand Theft Auto V Legacy,271590
Feb-16,40013.1,-6980.23,-0.1485,72735,Grand Theft Auto V Legacy,271590
Jan-16,46993.33,3118.61,0.0711,93726,Grand Theft Auto V Legacy,271590
Dec-15,43874.72,9408.88,0.273,84558,Grand Theft Auto V Legacy,271590
Nov-15,34465.84,3541.09,0.1144999999999999,77141,Grand Theft Auto V Legacy,271590
Oct-15,30924.76,5536.95,0.2181,73902,Grand Theft Auto V Legacy,271590
Sep-15,25387.81,-5530.26,-0.1789,46917,Grand Theft Auto V Legacy,271590
Aug-15,30918.06,-6739.01,-0.179,50693,Grand Theft Auto V Legacy,271590
Jul-15,37657.07,-9296.17,-0.198,60908,Grand Theft Auto V Legacy,271590
Jun-15,46953.24,-46408.38,-0.4971,85195,Grand Theft Auto V Legacy,271590
May-15,93361.62,-99352.39,-0.5155,215966,Grand Theft Auto V Legacy,271590
Apr-15,192714.01,-,0.0,360761,Grand Theft Auto V Legacy,271590
Sep-25,45883.75,32777.34,2.5009,110429,No Man's Sky,275850
Aug-25,13106.42,3814.66,0.4105,93195,No Man's Sky,275850
Jul-25,9291.76,-1988.36,-0.1762999999999999,15287,No Man's Sky,275850
Jun-25,11280.11,4755.3,0.7288,23640,No Man's Sky,275850
May-25,6524.81,-3116.46,-0.3232,12970,No Man's Sky,275850
Apr-25,9641.27,-1326.83,-0.121,20566,No Man's Sky,275850
Mar-25,10968.11,-11606.56,-0.5141,22837,No Man's Sky,275850
Feb-25,22574.66,13322.08,1.4398,43443,No Man's Sky,275850
Jan-25,9252.59,-2246.42,-0.1954,27721,No Man's Sky,275850
Dec-24,11499.01,609.81,0.0559999999999999,20566,No Man's Sky,275850
Nov-24,10889.2,908.6,0.091,21542,No Man's Sky,275850
Oct-24,9980.6,-6864.33,-0.4075,25403,No Man's Sky,275850
Sep-24,16844.93,-698.96,-0.0398,38475,No Man's Sky,275850
Aug-24,17543.89,135.64,0.0078,40951,No Man's Sky,275850
Jul-24,17408.24,9272.47,1.1397,54901,No Man's Sky,275850
Jun-24,8135.78,3011.98,0.5878,20046,No Man's Sky,275850
May-24,5123.8,-3611.4,-0.4134,14956,No Man's Sky,275850
Apr-24,8735.2,1296.8,0.1743,18923,No Man's Sky,275850
Mar-24,7438.4,-568.52,-0.071,18819,No Man's Sky,275850
Feb-24,8006.92,1927.83,0.3171,23461,No Man's Sky,275850
Jan-24,6079.09,-1887.26,-0.2369,11934,No Man's Sky,275850
Dec-23,7966.36,2167.49,0.3738,13308,No Man's Sky,275850
Nov-23,5798.87,-4684.45,-0.4468,11550,No Man's Sky,275850
Oct-23,10483.32,-5860.96,-0.3586,22361,No Man's Sky,275850
Sep-23,16344.28,9918.17,1.5434,34085,No Man's Sky,275850
Aug-23,6426.11,-427.36,-0.0624,20998,No Man's Sky,275850
Jul-23,6853.47,-1877.99,-0.2151,12234,No Man's Sky,275850
Jun-23,8731.46,2140.58,0.3248,16427,No Man's Sky,275850
May-23,6590.87,-5127.09,-0.4375,12944,No Man's Sky,275850
Apr-23,11717.96,4322.27,0.5844,23336,No Man's Sky,275850
Mar-23,7395.69,1905.72,0.3471,14172,No Man's Sky,275850
Feb-23,5489.98,-907.24,-0.1418,14945,No Man's Sky,275850
Jan-23,6397.22,-1124.82,-0.1495,11366,No Man's Sky,275850
Dec-22,7522.03,733.49,0.108,12475,No Man's Sky,275850
Nov-22,6788.54,-2830.16,-0.2942,12319,No Man's Sky,275850
Oct-22,9618.7,1683.28,0.2121,20349,No Man's Sky,275850
Sep-22,7935.42,-7129.36,-0.4732,16623,No Man's Sky,275850
Aug-22,15064.78,-417.13,-0.0269,32413,No Man's Sky,275850
Jul-22,15481.9,2206.55,0.1662,40753,No Man's Sky,275850
Jun-22,13275.35,-423.81,-0.0308999999999999,27054,No Man's Sky,275850
May-22,13699.16,47.64,0.0034999999999999,28487,No Man's Sky,275850
Apr-22,13651.52,7633.21,1.2683,31870,No Man's Sky,275850
Mar-22,6018.31,-975.77,-0.1394999999999999,11008,No Man's Sky,275850
Feb-22,6994.08,973.54,0.1617,14304,No Man's Sky,275850
Jan-22,6020.54,-1047.79,-0.1482,10741,No Man's Sky,275850
Dec-21,7068.33,717.88,0.113,12716,No Man's Sky,275850
Nov-21,6350.45,-2232.14,-0.2601,13102,No Man's Sky,275850
Oct-21,8582.6,-9244.23,-0.5186,17754,No Man's Sky,275850
Sep-21,17826.82,12720.43,2.4911000000000003,38538,No Man's Sky,275850
Aug-21,5106.39,-1502.37,-0.2273,8310,No Man's Sky,275850
Jul-21,6608.76,-2428.11,-0.2687,11719,No Man's Sky,275850
Jun-21,9036.87,2127.42,0.3079,19792,No Man's Sky,275850
May-21,6909.46,-2561.11,-0.2704,13361,No Man's Sky,275850
Apr-21,9470.57,3635.88,0.6231,20871,No Man's Sky,275850
Mar-21,5834.69,-1170.94,-0.1671,9928,No Man's Sky,275850
Feb-21,7005.63,365.67,0.0550999999999999,15126,No Man's Sky,275850
Jan-21,6639.96,-51.1,-0.0076,12707,No Man's Sky,275850
Dec-20,6691.06,-1796.94,-0.2117,11954,No Man's Sky,275850
Nov-20,8488.0,-3943.63,-0.3172,16326,No Man's Sky,275850
Oct-20,12431.63,3905.62,0.4581,30502,No Man's Sky,275850
Sep-20,8526.01,1619.51,0.2345,34739,No Man's Sky,275850
Aug-20,6906.51,-2665.7,-0.2785,14929,No Man's Sky,275850
Jul-20,9572.2,3009.91,0.4587,21844,No Man's Sky,275850
Jun-20,6562.3,-92.48,-0.0139,11736,No Man's Sky,275850
May-20,6654.77,-4608.41,-0.4092,12089,No Man's Sky,275850
Apr-20,11263.19,5343.46,0.9027,25414,No Man's Sky,275850
Mar-20,5919.73,-781.09,-0.1166,13493,No Man's Sky,275850
Feb-20,6700.82,1430.38,0.2714,17980,No Man's Sky,275850
Jan-20,5270.44,-32.8,-0.0062,10613,No Man's Sky,275850
Dec-19,5303.24,2478.69,0.8776,11029,No Man's Sky,275850
Nov-19,2824.54,-1052.57,-0.2714999999999999,9918,No Man's Sky,275850
Oct-19,3877.12,-5142.29,-0.5700999999999999,8568,No Man's Sky,275850
Sep-19,9019.4,-11585.92,-0.5623,27831,No Man's Sky,275850
Aug-19,20605.32,16815.4,4.4369,61535,No Man's Sky,275850
Jul-19,3789.93,1114.88,0.4168,6914,No Man's Sky,275850
Jun-19,2675.05,-311.25,-0.1042,6055,No Man's Sky,275850
May-19,2986.3,378.76,0.1452999999999999,7478,No Man's Sky,275850
Apr-19,2607.54,555.77,0.2709,4971,No Man's Sky,275850
Mar-19,2051.77,-216.82,-0.0956,5892,No Man's Sky,275850
Feb-19,2268.59,-1033.49,-0.313,4573,No Man's Sky,275850
Jan-19,3302.08,-1428.65,-0.302,7621,No Man's Sky,275850
Dec-18,4730.73,897.49,0.2341,9118,No Man's Sky,275850
Nov-18,3833.24,754.36,0.245,8569,No Man's Sky,275850
Oct-18,3078.88,-2832.13,-0.4790999999999999,6291,No Man's Sky,275850
Sep-18,5911.01,-22171.99,-0.7895,15099,No Man's Sky,275850
Aug-18,28083.0,13528.81,0.9295,83156,No Man's Sky,275850
Jul-18,14554.19,13518.78,13.056500000000002,96954,No Man's Sky,275850
Jun-18,1035.41,252.6,0.3227,2047,No Man's Sky,275850
May-18,782.81,151.38,0.2397,1942,No Man's Sky,275850
Apr-18,631.43,73.58,0.1319,1203,No Man's Sky,275850
Mar-18,557.85,-150.31,-0.2123,1047,No Man's Sky,275850
Feb-18,708.16,-222.15,-0.2387999999999999,1406,No Man's Sky,275850
Jan-18,930.32,25.02,0.0276,1938,No Man's Sky,275850
Dec-17,905.3,-27.9,-0.0299,1874,No Man's Sky,275850
Nov-17,933.2,-101.88,-0.0984,1915,No Man's Sky,275850
Oct-17,1035.08,-1111.02,-0.5177,2277,No Man's Sky,275850
Sep-17,2146.1,-2749.36,-0.5616,5733,No Man's Sky,275850
Aug-17,4895.45,4067.98,4.9161,19017,No Man's Sky,275850
Jul-17,827.48,176.29,0.2707,1694,No Man's Sky,275850
Jun-17,651.19,89.06,0.1583999999999999,1781,No Man's Sky,275850
May-17,562.13,-285.15,-0.3365999999999999,1052,No Man's Sky,275850
Apr-17,847.28,-958.61,-0.5307999999999999,1869,No Man's Sky,275850
Mar-17,1805.89,1297.89,2.5549,7023,No Man's Sky,275850
Feb-17,508.0,-361.59,-0.4158,1097,No Man's Sky,275850
Jan-17,869.6,-1275.41,-0.5946,2220,No Man's Sky,275850
Dec-16,2145.01,1244.73,1.3825999999999998,6498,No Man's Sky,275850
Nov-16,900.28,126.15,0.163,8090,No Man's Sky,275850
Oct-16,774.14,-2208.66,-0.7404999999999999,2172,No Man's Sky,275850
Sep-16,2982.79,-33993.62,-0.9193,9254,No Man's Sky,275850
Aug-16,36976.41,-,0.0,212321,No Man's Sky,275850
Sep-25,13197.74,1496.89,0.1278999999999999,28787,Stellaris,281990
Aug-25,11700.84,57.94,0.005,18628,Stellaris,281990
Jul-25,11642.9,-3465.03,-0.2294,18929,Stellaris,281990
Jun-25,15107.94,-6994.48,-0.3165,28780,Stellaris,281990
May-25,22102.42,9270.11,0.7223999999999999,43836,Stellaris,281990
Apr-25,12832.31,147.77,0.0116,21582,Stellaris,281990
Mar-25,12684.54,-1198.21,-0.0863,23003,Stellaris,281990
Feb-25,13882.75,-3781.13,-0.2141,23337,Stellaris,281990
Jan-25,17663.88,2259.7,0.1467,28446,Stellaris,281990
Dec-24,15404.18,938.8,0.0649,29376,Stellaris,281990
Nov-24,14465.38,2602.73,0.2194,24954,Stellaris,281990
Oct-24,11862.65,-1186.29,-0.0909,19391,Stellaris,281990
Sep-24,13048.94,1768.31,0.1568,25159,Stellaris,281990
Aug-24,11280.62,-1137.19,-0.0916,17817,Stellaris,281990
Jul-24,12417.81,-2463.53,-0.1655,19546,Stellaris,281990
Jun-24,14881.34,-3147.74,-0.1746,25015,Stellaris,281990
May-24,18029.08,6263.1,0.5323,35858,Stellaris,281990
Apr-24,11765.99,-769.66,-0.0613999999999999,19393,Stellaris,281990
Mar-24,12535.64,1596.8,0.146,21292,Stellaris,281990
Feb-24,10938.84,-1163.17,-0.0960999999999999,16240,Stellaris,281990
Jan-24,12102.0,-69.97,-0.0056999999999999,18399,Stellaris,281990
Dec-23,12171.98,-559.62,-0.044,19858,Stellaris,281990
Nov-23,12731.59,1212.49,0.1052999999999999,22101,Stellaris,281990
Oct-23,11519.1,513.59,0.0467,18826,Stellaris,281990
Sep-23,11005.51,-527.6,-0.0457,18333,Stellaris,281990
Aug-23,11533.12,-4006.93,-0.2578,17895,Stellaris,281990
Jul-23,15540.05,417.73,0.0276,23829,Stellaris,281990
Jun-23,15122.32,-2823.04,-0.1573,27704,Stellaris,281990
May-23,17945.35,1351.63,0.0815,33895,Stellaris,281990
Apr-23,16593.72,-716.24,-0.0414,29844,Stellaris,281990
Mar-23,17309.97,3771,0.2785,34997,Stellaris,281990
Feb-23,13538.96,-2286.86,-0.1445,20989,Stellaris,281990
Jan-23,15825.83,900,0.0603,22206,Stellaris,281990
Dec-22,14925.82,3097.71,0.2619,22133,Stellaris,281990
Nov-22,11828.11,-1981.18,-0.1435,18753,Stellaris,281990
Oct-22,13809.29,720.9,0.0550999999999999,24515,Stellaris,281990
Sep-22,13088.39,1221.3,0.1028999999999999,26680,Stellaris,281990
Aug-22,11867.09,-2889.41,-0.1957999999999999,18050,Stellaris,281990
Jul-22,14756.5,-3229.02,-0.1795,22875,Stellaris,281990
Jun-22,17985.52,-6938.91,-0.2784,30468,Stellaris,281990
May-22,24924.43,9759.31,0.6435,51971,Stellaris,281990
Apr-22,15165.13,1762.69,0.1315,23987,Stellaris,281990
Mar-22,13402.43,-888.82,-0.0622,21877,Stellaris,281990
Feb-22,14291.25,-2940.82,-0.1707,23459,Stellaris,281990
Jan-22,17232.08,585.45,0.0352,26206,Stellaris,281990
Dec-21,16646.62,1695.71,0.1134,26863,Stellaris,281990
Nov-21,14950.91,1559.8,0.1165,30293,Stellaris,281990
Oct-21,13391.11,-479.76,-0.0346,22156,Stellaris,281990
Sep-21,13870.87,2387.96,0.208,31650,Stellaris,281990
Aug-21,11482.91,-1078.43,-0.0859,17028,Stellaris,281990
Jul-21,12561.34,-304.68,-0.0237,19577,Stellaris,281990
Jun-21,12866.02,-5623.77,-0.3042,19976,Stellaris,281990
May-21,18489.79,-3703.13,-0.1669,32520,Stellaris,281990
Apr-21,22192.92,8742.42,0.65,57250,Stellaris,281990
Mar-21,13450.5,-2566.89,-0.1603,21753,Stellaris,281990
Feb-21,16017.4,2372.91,0.1739,26283,Stellaris,281990
Jan-21,13644.48,1850.17,0.1568999999999999,22020,Stellaris,281990
Dec-20,11794.32,-1853.07,-0.1358,19992,Stellaris,281990
Nov-20,13647.39,2604.91,0.2359,25486,Stellaris,281990
Oct-20,11042.48,1053.28,0.1054,24935,Stellaris,281990
Sep-20,9989.2,-1253.83,-0.1115,19261,Stellaris,281990
Aug-20,11243.03,-1462.55,-0.1151,16487,Stellaris,281990
Jul-20,12705.58,492.71,0.0403,18930,Stellaris,281990
Jun-20,12212.86,-6687.48,-0.3538,19164,Stellaris,281990
May-20,18900.34,822.48,0.0455,41733,Stellaris,281990
Apr-20,18077.86,-4207.93,-0.1888,33078,Stellaris,281990
Mar-20,22285.79,12653.12,1.3136,64120,Stellaris,281990
Feb-20,9632.67,-315.99,-0.0318,14938,Stellaris,281990
Jan-20,9948.66,706.8,0.0765,16769,Stellaris,281990
Dec-19,9241.86,136.47,0.015,15575,Stellaris,281990
Nov-19,9105.38,-313.56,-0.0333,17057,Stellaris,281990
Oct-19,9418.94,1670.65,0.2155999999999999,20584,Stellaris,281990
Sep-19,7748.29,-1238.38,-0.1378,12841,Stellaris,281990
Aug-19,8986.67,-1989.49,-0.1813,14603,Stellaris,281990
Jul-19,10976.16,-4054.77,-0.2698,17730,Stellaris,281990
Jun-19,15030.93,3102.35,0.2601,29345,Stellaris,281990
May-19,11928.58,3593.31,0.4311,31038,Stellaris,281990
Apr-19,8335.27,-511.93,-0.0579,14618,Stellaris,281990
Mar-19,8847.2,-1101.62,-0.1107,14939,Stellaris,281990
Feb-19,9948.83,-3000.77,-0.2317,18011,Stellaris,281990
Jan-19,12949.59,-7461.61,-0.3656,27465,Stellaris,281990
Dec-18,20411.2,12169.09,1.4765,50061,Stellaris,281990
Nov-18,8242.12,587.85,0.0768,14622,Stellaris,281990
Oct-18,7654.27,-1297.58,-0.145,13955,Stellaris,281990
Sep-18,8951.85,1207.58,0.1559,17554,Stellaris,281990
Aug-18,7744.27,-1845.95,-0.1925,13215,Stellaris,281990
Jul-18,9590.22,-1598.01,-0.1427999999999999,16446,Stellaris,281990
Jun-18,11188.22,-47.1,-0.0042,23073,Stellaris,281990
May-18,11235.33,1294.91,0.1303,28252,Stellaris,281990
Apr-18,9940.42,-7180.2,-0.4194,19026,Stellaris,281990
Mar-18,17120.62,1166.35,0.0731,43837,Stellaris,281990
Feb-18,15954.27,4660.52,0.4127,61467,Stellaris,281990
Jan-18,11293.75,1744.96,0.1827,19663,Stellaris,281990
Dec-17,9548.79,1169.24,0.1394999999999999,17326,Stellaris,281990
Nov-17,8379.55,-2279.99,-0.2139,15599,Stellaris,281990
Oct-17,10659.54,596.94,0.0593,24824,Stellaris,281990
Sep-17,10062.6,3661.15,0.5719,34388,Stellaris,281990
Aug-17,6401.45,-1493.28,-0.1891,11233,Stellaris,281990
Jul-17,7894.73,-1881.17,-0.1924,14155,Stellaris,281990
Jun-17,9775.9,-4376.76,-0.3093,20888,Stellaris,281990
May-17,14152.65,-2907.19,-0.1704,29042,Stellaris,281990
Apr-17,17059.85,12017.4,2.3832,43549,Stellaris,281990
Mar-17,5042.45,-981.29,-0.1629,10068,Stellaris,281990
Feb-17,6023.74,-870.48,-0.1263,11105,Stellaris,281990
Jan-17,6894.22,724.39,0.1174,12773,Stellaris,281990
Dec-16,6169.82,30.69,0.005,11261,Stellaris,281990
Nov-16,6139.13,6.51,0.0011,12637,Stellaris,281990
Oct-16,6132.63,1861.43,0.4357999999999999,20301,Stellaris,281990
Sep-16,4271.19,-477.27,-0.1005,9173,Stellaris,281990
Aug-16,4748.46,-1833.09,-0.2785,9201,Stellaris,281990
Jul-16,6581.55,-2522.98,-0.2771,13827,Stellaris,281990
Jun-16,9104.53,-11695.05,-0.5623,21517,Stellaris,281990
May-16,20799.58,20796.98,7991.7529,68517,Stellaris,281990
Apr-16,2.6,2.46,16.9899,37,Stellaris,281990
Mar-16,0.14,-0.49,-0.7726000000000001,2,Stellaris,281990
Aug-15,0.64,-,0.0,11,Stellaris,281990
Sep-25,17580.31,231.96,0.0134,32178,BeamNG.drive,284160
Aug-25,17348.35,324.22,0.019,28954,BeamNG.drive,284160
Jul-25,17024.13,46.04,0.0027,26568,BeamNG.drive,284160
Jun-25,16978.09,1143.22,0.0722,28724,BeamNG.drive,284160
May-25,15834.87,-552.02,-0.0337,26350,BeamNG.drive,284160
Apr-25,16386.89,658.86,0.0419,30595,BeamNG.drive,284160
Mar-25,15728.03,-604.96,-0.037,27703,BeamNG.drive,284160
Feb-25,16332.99,-116.14,-0.0070999999999999,28771,BeamNG.drive,284160
Jan-25,16449.13,24.55,0.0015,28507,BeamNG.drive,284160
Dec-24,16424.59,2090.72,0.1459,29827,BeamNG.drive,284160
Nov-24,14333.87,-254.52,-0.0174,25201,BeamNG.drive,284160
Oct-24,14588.39,69.54,0.0048,25985,BeamNG.drive,284160
Sep-24,14518.85,1459.21,0.1117,29041,BeamNG.drive,284160
Aug-24,13059.63,76.86,0.0059,20761,BeamNG.drive,284160
Jul-24,12982.77,-203.13,-0.0154,20279,BeamNG.drive,284160
Jun-24,13185.9,-51.87,-0.0039,21250,BeamNG.drive,284160
May-24,13237.77,-62.58,-0.0046999999999999,23269,BeamNG.drive,284160
Apr-24,13300.35,385.5,0.0298,26844,BeamNG.drive,284160
Mar-24,12914.85,642.63,0.0524,22839,BeamNG.drive,284160
Feb-24,12272.22,-784.44,-0.0601,21916,BeamNG.drive,284160
Jan-24,13056.66,-225.96,-0.017,22956,BeamNG.drive,284160
Dec-23,13282.62,2701.83,0.2554,25683,BeamNG.drive,284160
Nov-23,10580.78,-627.81,-0.0559999999999999,19064,BeamNG.drive,284160
Oct-23,11208.6,211.41,0.0192,20327,BeamNG.drive,284160
Sep-23,10997.19,435.49,0.0412,23210,BeamNG.drive,284160
Aug-23,10561.7,-590.78,-0.053,16988,BeamNG.drive,284160
Jul-23,11152.49,1526.72,0.1586,20926,BeamNG.drive,284160
Jun-23,9625.76,414.99,0.0451,15284,BeamNG.drive,284160
May-23,9210.77,-736,-0.074,15571,BeamNG.drive,284160
Apr-23,9946.78,564.7,0.0602,17180,BeamNG.drive,284160
Mar-23,9382.07,-6.51,-0.0007,16962,BeamNG.drive,284160
Feb-23,9388.59,-724.38,-0.0716,17459,BeamNG.drive,284160
Jan-23,10112.97,-693.65,-0.0642,17869,BeamNG.drive,284160
Dec-22,10806.62,2920.43,0.3703,20683,BeamNG.drive,284160
Nov-22,7886.19,206.92,0.0269,14196,BeamNG.drive,284160
Oct-22,7679.27,-36.87,-0.0048,14028,BeamNG.drive,284160
Sep-22,7716.14,560.52,0.0783,15975,BeamNG.drive,284160
Aug-22,7155.62,-45.93,-0.0064,11709,BeamNG.drive,284160
Jul-22,7201.55,-424.08,-0.0556,11110,BeamNG.drive,284160
Jun-22,7625.63,1380.32,0.221,15811,BeamNG.drive,284160
May-22,6245.32,133.95,0.0219,10760,BeamNG.drive,284160
Apr-22,6111.36,88.04,0.0146,10371,BeamNG.drive,284160
Mar-22,6023.33,-567.37,-0.0861,11148,BeamNG.drive,284160
Feb-22,6590.7,-603.79,-0.0839,11521,BeamNG.drive,284160
Jan-22,7194.49,-121.48,-0.0166,12186,BeamNG.drive,284160
Dec-21,7315.97,1307.34,0.2176,14251,BeamNG.drive,284160
Nov-21,6008.64,-701.11,-0.1045,10884,BeamNG.drive,284160
Oct-21,6709.75,414.08,0.0658,13275,BeamNG.drive,284160
Sep-21,6295.67,125.9,0.0204,11155,BeamNG.drive,284160
Aug-21,6169.77,-634.18,-0.0932,10394,BeamNG.drive,284160
Jul-21,6803.95,1109.16,0.1948,13469,BeamNG.drive,284160
Jun-21,5694.79,312.77,0.0581,13319,BeamNG.drive,284160
May-21,5382.02,-633.03,-0.1052,8553,BeamNG.drive,284160
Apr-21,6015.05,700.44,0.1318,10756,BeamNG.drive,284160
Mar-21,5314.62,39.08,0.0074,10026,BeamNG.drive,284160
Feb-21,5275.54,-94.91,-0.0177,8669,BeamNG.drive,284160
Jan-21,5370.45,448.88,0.0911999999999999,8485,BeamNG.drive,284160
Dec-20,4921.57,848.92,0.2084,9110,BeamNG.drive,284160
Nov-20,4072.65,-17.7,-0.0043,7053,BeamNG.drive,284160
Oct-20,4090.35,468.75,0.1294,6918,BeamNG.drive,284160
Sep-20,3621.6,-173,-0.0455999999999999,5884,BeamNG.drive,284160
Aug-20,3794.6,402.7,0.1186999999999999,5740,BeamNG.drive,284160
Jul-20,3391.9,271.07,0.0868999999999999,5038,BeamNG.drive,284160
Jun-20,3120.83,-168.06,-0.0511,4672,BeamNG.drive,284160
May-20,3288.89,-672.55,-0.1698,5228,BeamNG.drive,284160
Apr-20,3961.44,834.91,0.267,7880,BeamNG.drive,284160
Mar-20,3126.53,243.71,0.0844999999999999,5320,BeamNG.drive,284160
Feb-20,2882.81,-41,-0.0139999999999999,5069,BeamNG.drive,284160
Jan-20,2923.81,-117.86,-0.0387,5372,BeamNG.drive,284160
Dec-19,3041.67,676.65,0.2861,5780,BeamNG.drive,284160
Nov-19,2365.02,139.38,0.0626,4265,BeamNG.drive,284160
Oct-19,2225.64,-99.5,-0.0428,4002,BeamNG.drive,284160
Sep-19,2325.14,-107.73,-0.0443,4388,BeamNG.drive,284160
Aug-19,2432.88,561.12,0.2998,5124,BeamNG.drive,284160
Jul-19,1871.76,-64.21,-0.0332,2895,BeamNG.drive,284160
Jun-19,1935.97,-64.83,-0.0324,3136,BeamNG.drive,284160
May-19,2000.8,255.38,0.1463,4082,BeamNG.drive,284160
Apr-19,1745.41,-76.95,-0.0421999999999999,3198,BeamNG.drive,284160
Mar-19,1822.36,3.63,0.002,3296,BeamNG.drive,284160
Feb-19,1818.73,-89.48,-0.0469,3240,BeamNG.drive,284160
Jan-19,1908.21,-27.36,-0.0141,3414,BeamNG.drive,284160
Dec-18,1935.57,290.62,0.1767,4010,BeamNG.drive,284160
Nov-18,1644.95,28.99,0.0179,3125,BeamNG.drive,284160
Oct-18,1615.96,-104.24,-0.0605999999999999,2964,BeamNG.drive,284160
Sep-18,1720.2,-55.97,-0.0315,3098,BeamNG.drive,284160
Aug-18,1776.17,-95.11,-0.0508,2956,BeamNG.drive,284160
Jul-18,1871.28,268.27,0.1674,3549,BeamNG.drive,284160
Jun-18,1603.01,112.15,0.0751999999999999,2717,BeamNG.drive,284160
May-18,1490.85,-237.74,-0.1375,2598,BeamNG.drive,284160
Apr-18,1728.59,201.49,0.1319,3397,BeamNG.drive,284160
Mar-18,1527.1,-48.64,-0.0308999999999999,2766,BeamNG.drive,284160
Feb-18,1575.75,20.73,0.0133,2942,BeamNG.drive,284160
Jan-18,1555.02,-318.67,-0.1701,2851,BeamNG.drive,284160
Dec-17,1873.69,174.64,0.1027999999999999,3424,BeamNG.drive,284160
Nov-17,1699.06,211.9,0.1425,4332,BeamNG.drive,284160
Oct-17,1487.16,138.19,0.1024,2968,BeamNG.drive,284160
Sep-17,1348.97,-169.24,-0.1115,2481,BeamNG.drive,284160
Aug-17,1518.21,242.37,0.19,2745,BeamNG.drive,284160
Jul-17,1275.83,49.09,0.04,2108,BeamNG.drive,284160
Jun-17,1226.74,21.6,0.0179,2317,BeamNG.drive,284160
May-17,1205.13,-42.64,-0.0342,2273,BeamNG.drive,284160
Apr-17,1247.77,321.09,0.3465,2738,BeamNG.drive,284160
Mar-17,926.68,-48.57,-0.0498,1793,BeamNG.drive,284160
Feb-17,975.25,-69.35,-0.0664,1948,BeamNG.drive,284160
Jan-17,1044.59,116.14,0.1251,1970,BeamNG.drive,284160
Dec-16,928.46,95.99,0.1153,2080,BeamNG.drive,284160
Nov-16,832.46,-97.02,-0.1043999999999999,1658,BeamNG.drive,284160
Oct-16,929.48,117.52,0.1447,1880,BeamNG.drive,284160
Sep-16,811.96,-123.67,-0.1322,1612,BeamNG.drive,284160
Aug-16,935.63,107.11,0.1293,1707,BeamNG.drive,284160
Jul-16,828.52,78.01,0.1039,1889,BeamNG.drive,284160
Jun-16,750.51,38.2,0.0536,1555,BeamNG.drive,284160
May-16,712.31,-3.25,-0.0045,1683,BeamNG.drive,284160
Apr-16,715.56,-18.97,-0.0258,1604,BeamNG.drive,284160
Mar-16,734.53,37.8,0.0542999999999999,1545,BeamNG.drive,284160
Feb-16,696.73,60.48,0.0951,1603,BeamNG.drive,284160
Jan-16,636.25,98.12,0.1823,1461,BeamNG.drive,284160
Dec-15,538.13,77.43,0.1681,1537,BeamNG.drive,284160
Nov-15,460.7,60.51,0.1512,1065,BeamNG.drive,284160
Oct-15,400.19,-10.75,-0.0260999999999999,1033,BeamNG.drive,284160
Sep-15,410.94,30.08,0.079,945,BeamNG.drive,284160
Aug-15,380.85,63.36,0.1996,683,BeamNG.drive,284160
Jul-15,317.49,-87.88,-0.2168,528,BeamNG.drive,284160
Jun-15,405.37,187.11,0.8573000000000001,784,BeamNG.drive,284160
May-15,218.25,43.66,0.2501,917,BeamNG.drive,284160
Apr-15,174.6,2.46,0.0143,379,BeamNG.drive,284160
Mar-15,172.13,-74.7,-0.3026,359,BeamNG.drive,284160
Feb-15,246.83,108.91,0.7896,559,BeamNG.drive,284160
Jan-15,137.93,37.45,0.3727,305,BeamNG.drive,284160
Dec-14,100.48,0.12,0.0012,190,BeamNG.drive,284160
Nov-14,100.36,7.42,0.0799,201,BeamNG.drive,284160
Oct-14,92.94,6.01,0.0692,192,BeamNG.drive,284160
Sep-14,86.92,-1.35,-0.0153,206,BeamNG.drive,284160
Aug-14,88.27,-,0.0,272,BeamNG.drive,284160
Sep-25,5436.67,-458.27,-0.0776999999999999,9930,Tabletop Simulator,286160
Aug-25,5894.94,-11.64,-0.002,10406,Tabletop Simulator,286160
Jul-25,5906.58,373.87,0.0676,10155,Tabletop Simulator,286160
Jun-25,5532.71,73.02,0.0134,9898,Tabletop Simulator,286160
May-25,5459.69,334.64,0.0653,9958,Tabletop Simulator,286160
Apr-25,5125.06,-331.57,-0.0608,9695,Tabletop Simulator,286160
Mar-25,5456.63,-116.62,-0.0209,10867,Tabletop Simulator,286160
Feb-25,5573.25,-99.44,-0.0175,10475,Tabletop Simulator,286160
Jan-25,5672.69,994.83,0.2127,10492,Tabletop Simulator,286160
Dec-24,4677.86,-158.49,-0.0327999999999999,8776,Tabletop Simulator,286160
Nov-24,4836.35,5.87,0.0012,8947,Tabletop Simulator,286160
Oct-24,4830.48,26.2,0.0055,9119,Tabletop Simulator,286160
Sep-24,4804.28,-26.94,-0.0056,8824,Tabletop Simulator,286160
Aug-24,4831.22,-176.47,-0.0352,8801,Tabletop Simulator,286160
Jul-24,5007.69,275.52,0.0582,9087,Tabletop Simulator,286160
Jun-24,4732.17,134.01,0.0291,8668,Tabletop Simulator,286160
May-24,4598.16,-170.61,-0.0358,8687,Tabletop Simulator,286160
Apr-24,4768.78,-364.53,-0.071,9266,Tabletop Simulator,286160
Mar-24,5133.3,296.13,0.0612,9983,Tabletop Simulator,286160
Feb-24,4837.18,-213.38,-0.0421999999999999,9215,Tabletop Simulator,286160
Jan-24,5050.56,832.63,0.1974,9491,Tabletop Simulator,286160
Dec-23,4217.92,-12.68,-0.003,7878,Tabletop Simulator,286160
Nov-23,4230.6,64.86,0.0156,8037,Tabletop Simulator,286160
Oct-23,4165.74,113.46,0.0279999999999999,8028,Tabletop Simulator,286160
Sep-23,4052.28,58.28,0.0146,7846,Tabletop Simulator,286160
Aug-23,3993.99,-976.69,-0.1964999999999999,7261,Tabletop Simulator,286160
Jul-23,4970.68,820.86,0.1978,8941,Tabletop Simulator,286160
Jun-23,4149.82,50.61,0.0123,7843,Tabletop Simulator,286160
May-23,4099.21,-395.93,-0.0881,8185,Tabletop Simulator,286160
Apr-23,4495.14,-60.59,-0.0133,8855,Tabletop Simulator,286160
Mar-23,4555.73,-138.73,-0.0296,9210,Tabletop Simulator,286160
Feb-23,4694.45,-460.59,-0.0892999999999999,9388,Tabletop Simulator,286160
Jan-23,5155.04,991.29,0.2380999999999999,9464,Tabletop Simulator,286160
Dec-22,4163.75,157.32,0.0393,7906,Tabletop Simulator,286160
Nov-22,4006.44,238.13,0.0632,7744,Tabletop Simulator,286160
Oct-22,3768.31,-209.49,-0.0527,7816,Tabletop Simulator,286160
Sep-22,3977.8,-244.59,-0.0579,7774,Tabletop Simulator,286160
Aug-22,4222.4,-526.77,-0.1109,8108,Tabletop Simulator,286160
Jul-22,4749.17,518.33,0.1225,8486,Tabletop Simulator,286160
Jun-22,4230.84,-49.62,-0.0116,8255,Tabletop Simulator,286160
May-22,4280.46,-282.89,-0.062,8574,Tabletop Simulator,286160
Apr-22,4563.35,369.5,0.0881,8987,Tabletop Simulator,286160
Mar-22,4193.85,-746.2,-0.1510999999999999,8587,Tabletop Simulator,286160
Feb-22,4940.06,-885.72,-0.152,10530,Tabletop Simulator,286160
Jan-22,5825.78,1537.36,0.3585,12206,Tabletop Simulator,286160
Dec-21,4288.42,249,0.0616,9049,Tabletop Simulator,286160
Nov-21,4039.42,4.89,0.0012,8603,Tabletop Simulator,286160
Oct-21,4034.53,-275.19,-0.0639,7819,Tabletop Simulator,286160
Sep-21,4309.71,-381.04,-0.0812,8890,Tabletop Simulator,286160
Aug-21,4690.76,-386.85,-0.0762,9235,Tabletop Simulator,286160
Jul-21,5077.61,31.6,0.0063,9580,Tabletop Simulator,286160
Jun-21,5046.01,-767.53,-0.132,10218,Tabletop Simulator,286160
May-21,5813.54,-686.7,-0.1056,13991,Tabletop Simulator,286160
Apr-21,6500.24,-534.48,-0.076,16536,Tabletop Simulator,286160
Mar-21,7034.72,-710.65,-0.0917999999999999,18872,Tabletop Simulator,286160
Feb-21,7745.37,-792.89,-0.0929,20653,Tabletop Simulator,286160
Jan-21,8538.25,1668.78,0.2429,21781,Tabletop Simulator,286160
Dec-20,6869.47,397.98,0.0615,17721,Tabletop Simulator,286160
Nov-20,6471.49,1055.03,0.1948,17222,Tabletop Simulator,286160
Oct-20,5416.46,272.91,0.0530999999999999,14692,Tabletop Simulator,286160
Sep-20,5143.55,-1113.4,-0.1779,12503,Tabletop Simulator,286160
Aug-20,6256.95,-520.96,-0.0769,14829,Tabletop Simulator,286160
Jul-20,6777.9,297.2,0.0458999999999999,15529,Tabletop Simulator,286160
Jun-20,6480.7,-2814.99,-0.3028,16169,Tabletop Simulator,286160
May-20,9295.69,-3698.02,-0.2846,27108,Tabletop Simulator,286160
Apr-20,12993.71,7752.87,1.4793,36793,Tabletop Simulator,286160
Mar-20,5240.85,2800.21,1.1473,26141,Tabletop Simulator,286160
Feb-20,2440.64,-73.22,-0.0291,5069,Tabletop Simulator,286160
Jan-20,2513.86,446.27,0.2158,5073,Tabletop Simulator,286160
Dec-19,2067.58,359.45,0.2104,4237,Tabletop Simulator,286160
Nov-19,1708.14,117.27,0.0737,4089,Tabletop Simulator,286160
Oct-19,1590.87,-45.28,-0.0277,3481,Tabletop Simulator,286160
Sep-19,1636.15,-290.89,-0.151,3467,Tabletop Simulator,286160
Aug-19,1927.04,-191.64,-0.0905,3642,Tabletop Simulator,286160
Jul-19,2118.68,256.46,0.1377,4203,Tabletop Simulator,286160
Jun-19,1862.23,102.85,0.0584999999999999,4288,Tabletop Simulator,286160
May-19,1759.38,-24.83,-0.0139,3584,Tabletop Simulator,286160
Apr-19,1784.21,-187.05,-0.0949,3881,Tabletop Simulator,286160
Mar-19,1971.27,-183.41,-0.0851,4478,Tabletop Simulator,286160
Feb-19,2154.67,-210.35,-0.0889,4824,Tabletop Simulator,286160
Jan-19,2365.02,450.32,0.2352,4894,Tabletop Simulator,286160
Dec-18,1914.7,209.56,0.1229,4740,Tabletop Simulator,286160
Nov-18,1705.14,207.99,0.1389,4281,Tabletop Simulator,286160
Oct-18,1497.15,-140.78,-0.0859,3279,Tabletop Simulator,286160
Sep-18,1637.93,-294.67,-0.1525,3287,Tabletop Simulator,286160
Aug-18,1932.6,-127.36,-0.0617999999999999,4775,Tabletop Simulator,286160
Jul-18,2059.96,366.86,0.2167,4045,Tabletop Simulator,286160
Jun-18,1693.11,320.76,0.2337,4183,Tabletop Simulator,286160
May-18,1372.34,-78.46,-0.0541,2855,Tabletop Simulator,286160
Apr-18,1450.81,-19.76,-0.0134,3065,Tabletop Simulator,286160
Mar-18,1470.56,-185.57,-0.1121,3093,Tabletop Simulator,286160
Feb-18,1656.13,-377.09,-0.1855,3624,Tabletop Simulator,286160
Jan-18,2033.22,366.17,0.2196999999999999,4429,Tabletop Simulator,286160
Dec-17,1667.05,360.89,0.2763,4061,Tabletop Simulator,286160
Nov-17,1306.17,230.43,0.2142,3771,Tabletop Simulator,286160
Oct-17,1075.73,-155.51,-0.1263,2263,Tabletop Simulator,286160
Sep-17,1231.25,-79.93,-0.061,2720,Tabletop Simulator,286160
Aug-17,1311.18,-411.27,-0.2387999999999999,2475,Tabletop Simulator,286160
Jul-17,1722.45,162.82,0.1043999999999999,3744,Tabletop Simulator,286160
Jun-17,1559.62,21.71,0.0141,4009,Tabletop Simulator,286160
May-17,1537.91,222.28,0.1689999999999999,3981,Tabletop Simulator,286160
Apr-17,1315.63,96.94,0.0795,4864,Tabletop Simulator,286160
Mar-17,1218.69,-121.78,-0.0909,2578,Tabletop Simulator,286160
Feb-17,1340.48,-352.94,-0.2084,3084,Tabletop Simulator,286160
Jan-17,1693.42,486.01,0.4025,3839,Tabletop Simulator,286160
Dec-16,1207.41,235.74,0.2426,3252,Tabletop Simulator,286160
Nov-16,971.67,44.67,0.0482,2482,Tabletop Simulator,286160
Oct-16,927.0,94.42,0.1134,2386,Tabletop Simulator,286160
Sep-16,832.58,-159.42,-0.1607,1917,Tabletop Simulator,286160
Aug-16,992.0,-298.46,-0.2312999999999999,2278,Tabletop Simulator,286160
Jul-16,1290.46,237.67,0.2257999999999999,3463,Tabletop Simulator,286160
Jun-16,1052.78,166.07,0.1873,3343,Tabletop Simulator,286160
May-16,886.71,-252.23,-0.2214999999999999,2155,Tabletop Simulator,286160
Apr-16,1138.94,229.88,0.2529,3029,Tabletop Simulator,286160
Mar-16,909.06,-373.1,-0.291,2022,Tabletop Simulator,286160
Feb-16,1282.17,-32.73,-0.0249,3012,Tabletop Simulator,286160
Jan-16,1314.89,764.63,1.3896000000000002,3439,Tabletop Simulator,286160
Dec-15,550.26,223.75,0.6853,1937,Tabletop Simulator,286160
Nov-15,326.52,-29.02,-0.0816,895,Tabletop Simulator,286160
Oct-15,355.53,41.92,0.1336999999999999,949,Tabletop Simulator,286160
Sep-15,313.62,-23.58,-0.0699,836,Tabletop Simulator,286160
Aug-15,337.2,-22.18,-0.0617,728,Tabletop Simulator,286160
Jul-15,359.38,-98.2,-0.2146,687,Tabletop Simulator,286160
Jun-15,457.57,121.23,0.3605,990,Tabletop Simulator,286160
May-15,336.34,15.91,0.0496999999999999,697,Tabletop Simulator,286160
Apr-15,320.43,-180.82,-0.3607,833,Tabletop Simulator,286160
Mar-15,501.24,231.41,0.8576,1398,Tabletop Simulator,286160
Feb-15,269.83,-96.9,-0.2642,745,Tabletop Simulator,286160
Jan-15,366.73,53.98,0.1726,1220,Tabletop Simulator,286160
Dec-14,312.75,216.4,2.2461,1644,Tabletop Simulator,286160
Nov-14,96.35,35.52,0.584,382,Tabletop Simulator,286160
Oct-14,60.83,-15.37,-0.2017,167,Tabletop Simulator,286160
Sep-14,76.19,-18.72,-0.1972,304,Tabletop Simulator,286160
Aug-14,94.91,10.2,0.1204,291,Tabletop Simulator,286160
Jul-14,84.71,-11.1,-0.1159,273,Tabletop Simulator,286160
Jun-14,95.81,-8.02,-0.0771999999999999,354,Tabletop Simulator,286160
May-14,103.83,-51.54,-0.3317,262,Tabletop Simulator,286160
Apr-14,155.37,-,0.0,570,Tabletop Simulator,286160
Sep-25,3576.1,1426.96,0.664,6213,METAL GEAR SOLID V: THE PHANTOM PAIN,287700
Aug-25,2149.14,-31.57,-0.0144999999999999,4902,METAL GEAR SOLID V: THE PHANTOM PAIN,287700
Jul-25,2180.72,113.92,0.0550999999999999,3293,METAL GEAR SOLID V: THE PHANTOM PAIN,287700
Jun-25,2066.8,561.58,0.3731,3716,METAL GEAR SOLID V: THE PHANTOM PAIN,287700
May-25,1505.22,-201.8,-0.1182,2281,METAL GEAR SOLID V: THE PHANTOM PAIN,287700
Apr-25,1707.02,-131.54,-0.0715,2698,METAL GEAR SOLID V: THE PHANTOM PAIN,287700
Mar-25,1838.56,13.7,0.0075,3057,METAL GEAR SOLID V: THE PHANTOM PAIN,287700
Feb-25,1824.86,53.01,0.0299,2791,METAL GEAR SOLID V: THE PHANTOM PAIN,287700
Jan-25,1771.85,102.5,0.0613999999999999,2692,METAL GEAR SOLID V: THE PHANTOM PAIN,287700
Dec-24,1669.34,-63.32,-0.0365,2490,METAL GEAR SOLID V: THE PHANTOM PAIN,287700
Nov-24,1732.66,-808.52,-0.3182,2789,METAL GEAR SOLID V: THE PHANTOM PAIN,287700
Oct-24,2541.19,465.53,0.2243,4729,METAL GEAR SOLID V: THE PHANTOM PAIN,287700
Sep-24,2075.66,350.77,0.2034,4788,METAL GEAR SOLID V: THE PHANTOM PAIN,287700
Aug-24,1724.89,91.04,0.0557,2604,METAL GEAR SOLID V: THE PHANTOM PAIN,287700
Jul-24,1633.85,141.79,0.095,2390,METAL GEAR SOLID V: THE PHANTOM PAIN,287700
Jun-24,1492.06,-56.65,-0.0366,2254,METAL GEAR SOLID V: THE PHANTOM PAIN,287700
May-24,1548.71,46.28,0.0308,2689,METAL GEAR SOLID V: THE PHANTOM PAIN,287700
Apr-24,1502.43,-178.76,-0.1063,2449,METAL GEAR SOLID V: THE PHANTOM PAIN,287700
Mar-24,1681.19,-129.82,-0.0717,2593,METAL GEAR SOLID V: THE PHANTOM PAIN,287700
Feb-24,1811.01,237.23,0.1507,2986,METAL GEAR SOLID V: THE PHANTOM PAIN,287700
Jan-24,1573.78,170.21,0.1213,2633,METAL GEAR SOLID V: THE PHANTOM PAIN,287700
Dec-23,1403.57,16,0.0115,2120,METAL GEAR SOLID V: THE PHANTOM PAIN,287700
Nov-23,1387.57,183.08,0.152,2162,METAL GEAR SOLID V: THE PHANTOM PAIN,287700
Oct-23,1204.48,-26.78,-0.0218,1996,METAL GEAR SOLID V: THE PHANTOM PAIN,287700
Sep-23,1231.27,-254.88,-0.1714999999999999,1959,METAL GEAR SOLID V: THE PHANTOM PAIN,287700
Aug-23,1486.14,-296.26,-0.1662,2279,METAL GEAR SOLID V: THE PHANTOM PAIN,287700
Jul-23,1782.41,-171.36,-0.0877,2584,METAL GEAR SOLID V: THE PHANTOM PAIN,287700
Jun-23,1953.77,-42.85,-0.0215,2986,METAL GEAR SOLID V: THE PHANTOM PAIN,287700
May-23,1996.61,299.51,0.1765,3433,METAL GEAR SOLID V: THE PHANTOM PAIN,287700
Apr-23,1697.1,18.76,0.0112,2923,METAL GEAR SOLID V: THE PHANTOM PAIN,287700
Mar-23,1678.35,-33.96,-0.0197999999999999,2814,METAL GEAR SOLID V: THE PHANTOM PAIN,287700
Feb-23,1712.31,-386.17,-0.184,2672,METAL GEAR SOLID V: THE PHANTOM PAIN,287700
Jan-23,2098.48,323.64,0.1823999999999999,3056,METAL GEAR SOLID V: THE PHANTOM PAIN,287700
Dec-22,1774.84,291.91,0.1968,2654,METAL GEAR SOLID V: THE PHANTOM PAIN,287700
Nov-22,1482.93,-189.98,-0.1135999999999999,2530,METAL GEAR SOLID V: THE PHANTOM PAIN,287700
Oct-22,1672.91,-218.25,-0.1153999999999999,2798,METAL GEAR SOLID V: THE PHANTOM PAIN,287700
Sep-22,1891.16,-56.87,-0.0292,3352,METAL GEAR SOLID V: THE PHANTOM PAIN,287700
Aug-22,1948.03,-619.14,-0.2412,2941,METAL GEAR SOLID V: THE PHANTOM PAIN,287700
Jul-22,2567.18,230.2,0.0984999999999999,3868,METAL GEAR SOLID V: THE PHANTOM PAIN,287700
Jun-22,2336.98,669.39,0.4014,4362,METAL GEAR SOLID V: THE PHANTOM PAIN,287700
May-22,1667.59,93.04,0.0591,2521,METAL GEAR SOLID V: THE PHANTOM PAIN,287700
Apr-22,1574.55,-3.3,-0.0021,2421,METAL GEAR SOLID V: THE PHANTOM PAIN,287700
Mar-22,1577.85,-291.29,-0.1558,2505,METAL GEAR SOLID V: THE PHANTOM PAIN,287700
Feb-22,1869.15,-233.42,-0.111,3066,METAL GEAR SOLID V: THE PHANTOM PAIN,287700
Jan-22,2102.56,129.89,0.0658,3272,METAL GEAR SOLID V: THE PHANTOM PAIN,287700
Dec-21,1972.68,265.77,0.1557,2990,METAL GEAR SOLID V: THE PHANTOM PAIN,287700
Nov-21,1706.91,-752.69,-0.306,3077,METAL GEAR SOLID V: THE PHANTOM PAIN,287700
Oct-21,2459.59,663.29,0.3693,5135,METAL GEAR SOLID V: THE PHANTOM PAIN,287700
Sep-21,1796.3,-16.05,-0.0089,4191,METAL GEAR SOLID V: THE PHANTOM PAIN,287700
Aug-21,1812.35,-256.16,-0.1238,2597,METAL GEAR SOLID V: THE PHANTOM PAIN,287700
Jul-21,2068.51,409.83,0.2471,3198,METAL GEAR SOLID V: THE PHANTOM PAIN,287700
Jun-21,1658.68,-664.78,-0.2861,2900,METAL GEAR SOLID V: THE PHANTOM PAIN,287700
May-21,2323.46,723.21,0.4518999999999999,4070,METAL GEAR SOLID V: THE PHANTOM PAIN,287700
Apr-21,1600.25,-95.89,-0.0565,2668,METAL GEAR SOLID V: THE PHANTOM PAIN,287700
Mar-21,1696.14,-281.85,-0.1425,2583,METAL GEAR SOLID V: THE PHANTOM PAIN,287700
Feb-21,1977.99,-229.36,-0.1039,3040,METAL GEAR SOLID V: THE PHANTOM PAIN,287700
Jan-21,2207.35,217.4,0.1092,3461,METAL GEAR SOLID V: THE PHANTOM PAIN,287700
Dec-20,1989.95,292.13,0.1721,3183,METAL GEAR SOLID V: THE PHANTOM PAIN,287700
Nov-20,1697.82,-251.43,-0.129,3324,METAL GEAR SOLID V: THE PHANTOM PAIN,287700
Oct-20,1949.25,-69.33,-0.0343,3351,METAL GEAR SOLID V: THE PHANTOM PAIN,287700
Sep-20,2018.58,-273.51,-0.1193,3814,METAL GEAR SOLID V: THE PHANTOM PAIN,287700
Aug-20,2292.09,-1107.18,-0.3257,3536,METAL GEAR SOLID V: THE PHANTOM PAIN,287700
Jul-20,3399.27,1218.74,0.5589,5404,METAL GEAR SOLID V: THE PHANTOM PAIN,287700
Jun-20,2180.53,-1279.22,-0.3697,4774,METAL GEAR SOLID V: THE PHANTOM PAIN,287700
May-20,3459.75,1979.98,1.338,6504,METAL GEAR SOLID V: THE PHANTOM PAIN,287700
Apr-20,1479.78,170.93,0.1306,2150,METAL GEAR SOLID V: THE PHANTOM PAIN,287700
Mar-20,1308.85,-16.05,-0.0121,2035,METAL GEAR SOLID V: THE PHANTOM PAIN,287700
Feb-20,1324.9,-219.57,-0.1422,2082,METAL GEAR SOLID V: THE PHANTOM PAIN,287700
Jan-20,1544.47,-239.32,-0.1341999999999999,2607,METAL GEAR SOLID V: THE PHANTOM PAIN,287700
Dec-19,1783.79,309.56,0.21,3134,METAL GEAR SOLID V: THE PHANTOM PAIN,287700
Nov-19,1474.23,180.24,0.1393,2972,METAL GEAR SOLID V: THE PHANTOM PAIN,287700
Oct-19,1294.0,-186.29,-0.1258,2242,METAL GEAR SOLID V: THE PHANTOM PAIN,287700
Sep-19,1480.29,-276.57,-0.1574,2493,METAL GEAR SOLID V: THE PHANTOM PAIN,287700
Aug-19,1756.86,-552.94,-0.2394,2808,METAL GEAR SOLID V: THE PHANTOM PAIN,287700
Jul-19,2309.8,792.6,0.5224,4048,METAL GEAR SOLID V: THE PHANTOM PAIN,287700
Jun-19,1517.2,253.77,0.2009,3332,METAL GEAR SOLID V: THE PHANTOM PAIN,287700
May-19,1263.42,76.1,0.0641,2233,METAL GEAR SOLID V: THE PHANTOM PAIN,287700
Apr-19,1187.32,-277.59,-0.1895,2019,METAL GEAR SOLID V: THE PHANTOM PAIN,287700
Mar-19,1464.91,-167.4,-0.1026,2489,METAL GEAR SOLID V: THE PHANTOM PAIN,287700
Feb-19,1632.32,-315.62,-0.162,2602,METAL GEAR SOLID V: THE PHANTOM PAIN,287700
Jan-19,1947.93,-81.02,-0.0399,3159,METAL GEAR SOLID V: THE PHANTOM PAIN,287700
Dec-18,2028.96,293.83,0.1693,3197,METAL GEAR SOLID V: THE PHANTOM PAIN,287700
Nov-18,1735.13,89.89,0.0546,3004,METAL GEAR SOLID V: THE PHANTOM PAIN,287700
Oct-18,1645.24,-250.21,-0.132,2897,METAL GEAR SOLID V: THE PHANTOM PAIN,287700
Sep-18,1895.45,-86.9,-0.0438,3320,METAL GEAR SOLID V: THE PHANTOM PAIN,287700
Aug-18,1982.34,-539.77,-0.214,3347,METAL GEAR SOLID V: THE PHANTOM PAIN,287700
Jul-18,2522.12,710.31,0.392,3966,METAL GEAR SOLID V: THE PHANTOM PAIN,287700
Jun-18,1811.8,226.16,0.1426,3799,METAL GEAR SOLID V: THE PHANTOM PAIN,287700
May-18,1585.64,-60.98,-0.037,2508,METAL GEAR SOLID V: THE PHANTOM PAIN,287700
Apr-18,1646.63,-319.02,-0.1623,2879,METAL GEAR SOLID V: THE PHANTOM PAIN,287700
Mar-18,1965.65,-158.22,-0.0745,3687,METAL GEAR SOLID V: THE PHANTOM PAIN,287700
Feb-18,2123.87,-165.05,-0.0721,3694,METAL GEAR SOLID V: THE PHANTOM PAIN,287700
Jan-18,2288.92,189.24,0.0901,3554,METAL GEAR SOLID V: THE PHANTOM PAIN,287700
Dec-17,2099.69,346.16,0.1974,3436,METAL GEAR SOLID V: THE PHANTOM PAIN,287700
Nov-17,1753.53,-73.6,-0.0403,3292,METAL GEAR SOLID V: THE PHANTOM PAIN,287700
Oct-17,1827.13,-95.67,-0.0498,3206,METAL GEAR SOLID V: THE PHANTOM PAIN,287700
Sep-17,1922.8,-288.53,-0.1305,3189,METAL GEAR SOLID V: THE PHANTOM PAIN,287700
Aug-17,2211.33,-475.47,-0.177,3526,METAL GEAR SOLID V: THE PHANTOM PAIN,287700
Jul-17,2686.81,603.57,0.2897,4383,METAL GEAR SOLID V: THE PHANTOM PAIN,287700
Jun-17,2083.23,43.43,0.0213,3816,METAL GEAR SOLID V: THE PHANTOM PAIN,287700
May-17,2039.8,180.32,0.0969999999999999,3283,METAL GEAR SOLID V: THE PHANTOM PAIN,287700
Apr-17,1859.48,-290.96,-0.1353,3070,METAL GEAR SOLID V: THE PHANTOM PAIN,287700
Mar-17,2150.44,-463.66,-0.1773999999999999,3934,METAL GEAR SOLID V: THE PHANTOM PAIN,287700
Feb-17,2614.1,-835.82,-0.2423,4572,METAL GEAR SOLID V: THE PHANTOM PAIN,287700
Jan-17,3449.92,469.34,0.1575,6279,METAL GEAR SOLID V: THE PHANTOM PAIN,287700
Dec-16,2980.58,826.34,0.3836,5426,METAL GEAR SOLID V: THE PHANTOM PAIN,287700
Nov-16,2154.24,-118.39,-0.0521,4787,METAL GEAR SOLID V: THE PHANTOM PAIN,287700
Oct-16,2272.63,-414.47,-0.1542,4165,METAL GEAR SOLID V: THE PHANTOM PAIN,287700
Sep-16,2687.1,-454.22,-0.1446,4750,METAL GEAR SOLID V: THE PHANTOM PAIN,287700
Aug-16,3141.32,-656.25,-0.1728,5242,METAL GEAR SOLID V: THE PHANTOM PAIN,287700
Jul-16,3797.57,-2.43,-0.0006,7109,METAL GEAR SOLID V: THE PHANTOM PAIN,287700
Jun-16,3800.01,1063.63,0.3887,7069,METAL GEAR SOLID V: THE PHANTOM PAIN,287700
May-16,2736.38,240.7,0.0964,8513,METAL GEAR SOLID V: THE PHANTOM PAIN,287700
Apr-16,2495.68,-748.9,-0.2307999999999999,4676,METAL GEAR SOLID V: THE PHANTOM PAIN,287700
Mar-16,3244.58,-1389.95,-0.2999,5738,METAL GEAR SOLID V: THE PHANTOM PAIN,287700
Feb-16,4634.53,-2311.93,-0.3328,8430,METAL GEAR SOLID V: THE PHANTOM PAIN,287700
Jan-16,6946.46,2221.9,0.4703,15691,METAL GEAR SOLID V: THE PHANTOM PAIN,287700
Dec-15,4724.56,-940.8,-0.1661,8629,METAL GEAR SOLID V: THE PHANTOM PAIN,287700
Nov-15,5665.37,-9431.21,-0.6247,14141,METAL GEAR SOLID V: THE PHANTOM PAIN,287700
Oct-15,15096.58,-28054.36,-0.6501,35068,METAL GEAR SOLID V: THE PHANTOM PAIN,287700
Sep-15,43150.94,-,0.0,90952,METAL GEAR SOLID V: THE PHANTOM PAIN,287700
Sep-25,29694.4,-2262.31,-0.0708,51377,Sid Meier’s Civilization® VI,289070
Aug-25,31956.71,1289.87,0.0421,52803,Sid Meier’s Civilization® VI,289070
Jul-25,30666.84,2132.26,0.0747,49480,Sid Meier’s Civilization® VI,289070
Jun-25,28534.58,661.24,0.0237,49784,Sid Meier’s Civilization® VI,289070
May-25,27873.35,-302.86,-0.0107,47490,Sid Meier’s Civilization® VI,289070
Apr-25,28176.21,-4794.75,-0.1454,51552,Sid Meier’s Civilization® VI,289070
Mar-25,32970.95,-9281.6,-0.2196999999999999,55947,Sid Meier’s Civilization® VI,289070
Feb-25,42252.55,-7346.17,-0.1481,70533,Sid Meier’s Civilization® VI,289070
Jan-25,49598.72,2497.29,0.053,79575,Sid Meier’s Civilization® VI,289070
Dec-24,47101.43,5785.03,0.14,79326,Sid Meier’s Civilization® VI,289070
Nov-24,41316.4,-600.56,-0.0143,68417,Sid Meier’s Civilization® VI,289070
Oct-24,41916.95,-5467.09,-0.1153999999999999,74430,Sid Meier’s Civilization® VI,289070
Sep-24,47384.04,-824.77,-0.0171,82828,Sid Meier’s Civilization® VI,289070
Aug-24,48208.81,-3163.37,-0.0616,83911,Sid Meier’s Civilization® VI,289070
Jul-24,51372.18,-1530.45,-0.0289,84647,Sid Meier’s Civilization® VI,289070
Jun-24,52902.63,13216.45,0.3329999999999999,100567,Sid Meier’s Civilization® VI,289070
May-24,39686.18,-1113.11,-0.0273,70425,Sid Meier’s Civilization® VI,289070
Apr-24,40799.29,-4553.97,-0.1003999999999999,67730,Sid Meier’s Civilization® VI,289070
Mar-24,45353.26,3886.82,0.0936999999999999,78559,Sid Meier’s Civilization® VI,289070
Feb-24,41466.44,-4823.07,-0.1042,68901,Sid Meier’s Civilization® VI,289070
Jan-24,46289.5,1399.31,0.0312,76337,Sid Meier’s Civilization® VI,289070
Dec-23,44890.2,3812.69,0.0928,75495,Sid Meier’s Civilization® VI,289070
Nov-23,41077.51,-1653.31,-0.0387,73523,Sid Meier’s Civilization® VI,289070
Oct-23,42730.81,2034.4,0.05,79091,Sid Meier’s Civilization® VI,289070
Sep-23,40696.42,1494.98,0.0381,71302,Sid Meier’s Civilization® VI,289070
Aug-23,39201.44,-6038.87,-0.1335,64578,Sid Meier’s Civilization® VI,289070
Jul-23,45240.31,8752.32,0.2398999999999999,71580,Sid Meier’s Civilization® VI,289070
Jun-23,36487.99,-1923.53,-0.0501,61278,Sid Meier’s Civilization® VI,289070
May-23,38411.52,-7581.93,-0.1648,65868,Sid Meier’s Civilization® VI,289070
Apr-23,45993.45,176.18,0.0038,78594,Sid Meier’s Civilization® VI,289070
Mar-23,45817.27,-34.27,-0.0007,78979,Sid Meier’s Civilization® VI,289070
Feb-23,45851.54,-6247.61,-0.1199,81217,Sid Meier’s Civilization® VI,289070
Jan-23,52099.15,5389.96,0.1153999999999999,79650,Sid Meier’s Civilization® VI,289070
Dec-22,46709.19,1010.65,0.0220999999999999,77730,Sid Meier’s Civilization® VI,289070
Nov-22,45698.54,11650.53,0.3422,89986,Sid Meier’s Civilization® VI,289070
Oct-22,34048.01,-3194.98,-0.0858,62217,Sid Meier’s Civilization® VI,289070
Sep-22,37242.99,855.35,0.0235,64605,Sid Meier’s Civilization® VI,289070
Aug-22,36387.63,1178.87,0.0335,59662,Sid Meier’s Civilization® VI,289070
Jul-22,35208.76,1818.45,0.0545,52787,Sid Meier’s Civilization® VI,289070
Jun-22,33390.31,-4563.16,-0.1202,55679,Sid Meier’s Civilization® VI,289070
May-22,37953.48,603.03,0.0161,61740,Sid Meier’s Civilization® VI,289070
Apr-22,37350.45,-938.37,-0.0245,66605,Sid Meier’s Civilization® VI,289070
Mar-22,38288.82,-1055.84,-0.0268,64639,Sid Meier’s Civilization® VI,289070
Feb-22,39344.66,-2364.15,-0.0567,61321,Sid Meier’s Civilization® VI,289070
Jan-22,41708.81,7682.62,0.2257999999999999,64436,Sid Meier’s Civilization® VI,289070
Dec-21,34026.19,2208.66,0.0694,52505,Sid Meier’s Civilization® VI,289070
Nov-21,31817.53,1462.04,0.0482,54447,Sid Meier’s Civilization® VI,289070
Oct-21,30355.5,-8278.61,-0.2143,50982,Sid Meier’s Civilization® VI,289070
Sep-21,38634.11,7203.65,0.2292,71565,Sid Meier’s Civilization® VI,289070
Aug-21,31430.46,-3794.54,-0.1076999999999999,49218,Sid Meier’s Civilization® VI,289070
Jul-21,35225.0,5580.48,0.1882,65677,Sid Meier’s Civilization® VI,289070
Jun-21,29644.52,-1304.14,-0.0421,45842,Sid Meier’s Civilization® VI,289070
May-21,30948.66,-4043.99,-0.1156,49509,Sid Meier’s Civilization® VI,289070
Apr-21,34992.65,559.52,0.0162,59532,Sid Meier’s Civilization® VI,289070
Mar-21,34433.13,-7281.99,-0.1746,64220,Sid Meier’s Civilization® VI,289070
Feb-21,41715.13,4983.63,0.1357,68161,Sid Meier’s Civilization® VI,289070
Jan-21,36731.49,3914.54,0.1193,65951,Sid Meier’s Civilization® VI,289070
Dec-20,32816.95,-1129.47,-0.0333,55126,Sid Meier’s Civilization® VI,289070
Nov-20,33946.42,1452.5,0.0447,53338,Sid Meier’s Civilization® VI,289070
Oct-20,32493.92,1354.84,0.0435,54203,Sid Meier’s Civilization® VI,289070
Sep-20,31139.08,-2571.89,-0.0762999999999999,54546,Sid Meier’s Civilization® VI,289070
Aug-20,33710.97,-3933.71,-0.1045,53037,Sid Meier’s Civilization® VI,289070
Jul-20,37644.69,-2154.36,-0.0541,64392,Sid Meier’s Civilization® VI,289070
Jun-20,39799.04,-1993.32,-0.0476999999999999,60936,Sid Meier’s Civilization® VI,289070
May-20,41792.36,-1765.87,-0.0405,76439,Sid Meier’s Civilization® VI,289070
Apr-20,43558.23,7723.3,0.2155,70298,Sid Meier’s Civilization® VI,289070
Mar-20,35834.93,5763.98,0.1917,66455,Sid Meier’s Civilization® VI,289070
Feb-20,30070.95,-2674.58,-0.0817,49558,Sid Meier’s Civilization® VI,289070
Jan-20,32745.53,3065.72,0.1033,55195,Sid Meier’s Civilization® VI,289070
Dec-19,29679.81,6039.46,0.2555,51209,Sid Meier’s Civilization® VI,289070
Nov-19,23640.35,-1313.73,-0.0526,42632,Sid Meier’s Civilization® VI,289070
Oct-19,24954.09,3111.15,0.1424,44349,Sid Meier’s Civilization® VI,289070
Sep-19,21842.94,-902.99,-0.0397,36440,Sid Meier’s Civilization® VI,289070
Aug-19,22745.93,-3271.54,-0.1257,35714,Sid Meier’s Civilization® VI,289070
Jul-19,26017.47,4154.07,0.19,42115,Sid Meier’s Civilization® VI,289070
Jun-19,21863.4,-1882.91,-0.0793,38968,Sid Meier’s Civilization® VI,289070
May-19,23746.31,-528.74,-0.0218,40585,Sid Meier’s Civilization® VI,289070
Apr-19,24275.05,-10844.22,-0.3087999999999999,43605,Sid Meier’s Civilization® VI,289070
Mar-19,35119.27,-6576.34,-0.1577,64714,Sid Meier’s Civilization® VI,289070
Feb-19,41695.61,14974.43,0.5604,93889,Sid Meier’s Civilization® VI,289070
Jan-19,26721.18,-35.43,-0.0013,47654,Sid Meier’s Civilization® VI,289070
Dec-18,26756.61,6289.73,0.3073,47729,Sid Meier’s Civilization® VI,289070
Nov-18,20466.88,2404.33,0.1331,44167,Sid Meier’s Civilization® VI,289070
Oct-18,18062.55,1244.77,0.074,31109,Sid Meier’s Civilization® VI,289070
Sep-18,16817.78,213.42,0.0129,36267,Sid Meier’s Civilization® VI,289070
Aug-18,16604.36,-1048.8,-0.0594,27635,Sid Meier’s Civilization® VI,289070
Jul-18,17653.15,1157.91,0.0702,28117,Sid Meier’s Civilization® VI,289070
Jun-18,16495.24,-682.83,-0.0397,28232,Sid Meier’s Civilization® VI,289070
May-18,17178.07,-1280.49,-0.0694,30006,Sid Meier’s Civilization® VI,289070
Apr-18,18458.56,-4938.3,-0.2110999999999999,31934,Sid Meier’s Civilization® VI,289070
Mar-18,23396.86,-9986.38,-0.2991,42674,Sid Meier’s Civilization® VI,289070
Feb-18,33383.23,8888.35,0.3629,79739,Sid Meier’s Civilization® VI,289070
Jan-18,24494.88,4338.61,0.2152,42773,Sid Meier’s Civilization® VI,289070
Dec-17,20156.27,3851.41,0.2362,35057,Sid Meier’s Civilization® VI,289070
Nov-17,16304.86,1121.16,0.0738,28877,Sid Meier’s Civilization® VI,289070
Oct-17,15183.7,1124.4,0.08,30229,Sid Meier’s Civilization® VI,289070
Sep-17,14059.3,-1604.66,-0.1024,25116,Sid Meier’s Civilization® VI,289070
Aug-17,15663.95,-726.34,-0.0443,27107,Sid Meier’s Civilization® VI,289070
Jul-17,16390.29,1914.55,0.1323,29988,Sid Meier’s Civilization® VI,289070
Jun-17,14475.75,-985.71,-0.0638,26115,Sid Meier’s Civilization® VI,289070
May-17,15461.46,-996.54,-0.0605999999999999,27893,Sid Meier’s Civilization® VI,289070
Apr-17,16457.99,-1035.04,-0.0592,29569,Sid Meier’s Civilization® VI,289070
Mar-17,17493.03,-1061.33,-0.0572,31826,Sid Meier’s Civilization® VI,289070
Feb-17,18554.36,-4243.96,-0.1862,34856,Sid Meier’s Civilization® VI,289070
Jan-17,22798.32,-1650.43,-0.0675,44417,Sid Meier’s Civilization® VI,289070
Dec-16,24448.75,-15833.81,-0.3931,41959,Sid Meier’s Civilization® VI,289070
Nov-16,40282.56,-45651.68,-0.5312,84765,Sid Meier’s Civilization® VI,289070
Oct-16,85934.24,-,0.0,162314,Sid Meier’s Civilization® VI,289070
Sep-25,9177.18,-1553.48,-0.1448,15436,Brawlhalla,291550
Aug-25,10730.66,-197.4,-0.0181,17066,Brawlhalla,291550
Jul-25,10928.06,-332.16,-0.0295,16714,Brawlhalla,291550
Jun-25,11260.22,-348.39,-0.03,19084,Brawlhalla,291550
May-25,11608.61,2064.41,0.2163,22062,Brawlhalla,291550
Apr-25,9544.21,-563.65,-0.0558,16132,Brawlhalla,291550
Mar-25,10107.86,-375.58,-0.0358,16923,Brawlhalla,291550
Feb-25,10483.44,725.22,0.0742999999999999,17854,Brawlhalla,291550
Jan-25,9758.22,97.17,0.0101,15882,Brawlhalla,291550
Dec-24,9661.05,-690.42,-0.0667,15396,Brawlhalla,291550
Nov-24,10351.47,-92.13,-0.0088,19165,Brawlhalla,291550
Oct-24,10443.6,-60.63,-0.0058,18800,Brawlhalla,291550
Sep-24,10504.24,-258.82,-0.024,18092,Brawlhalla,291550
Aug-24,10763.06,-190.12,-0.0174,19932,Brawlhalla,291550
Jul-24,10953.18,-728.2,-0.0623,16737,Brawlhalla,291550
Jun-24,11681.37,134.64,0.0116999999999999,20310,Brawlhalla,291550
May-24,11546.73,-515.09,-0.0426999999999999,19920,Brawlhalla,291550
Apr-24,12061.82,-662.6,-0.0521,19957,Brawlhalla,291550
Mar-24,12724.42,401.85,0.0326,21209,Brawlhalla,291550
Feb-24,12322.57,-802.44,-0.0611,22273,Brawlhalla,291550
Jan-24,13125.02,-460.45,-0.0339,20408,Brawlhalla,291550
Dec-23,13585.47,295.57,0.0222,28616,Brawlhalla,291550
Nov-23,13289.9,-775,-0.0550999999999999,24188,Brawlhalla,291550
Oct-23,14064.9,942.82,0.0718,25037,Brawlhalla,291550
Sep-23,13122.08,-446.85,-0.0329,25297,Brawlhalla,291550
Aug-23,13568.93,-21.69,-0.0016,21347,Brawlhalla,291550
Jul-23,13590.62,356.53,0.0269,20668,Brawlhalla,291550
Jun-23,13234.09,1086.33,0.0894,20763,Brawlhalla,291550
May-23,12147.76,783.48,0.0689,24804,Brawlhalla,291550
Apr-23,11364.28,1068.02,0.1036999999999999,18992,Brawlhalla,291550
Mar-23,10296.26,-542.73,-0.0501,18035,Brawlhalla,291550
Feb-23,10838.99,-116.83,-0.0107,20527,Brawlhalla,291550
Jan-23,10955.83,-448.86,-0.0394,21395,Brawlhalla,291550
Dec-22,11404.69,1001.94,0.0963,21211,Brawlhalla,291550
Nov-22,10402.75,304.2,0.0301,21108,Brawlhalla,291550
Oct-22,10098.54,85.53,0.0085,18713,Brawlhalla,291550
Sep-22,10013.01,-985.78,-0.0896,17052,Brawlhalla,291550
Aug-22,10998.79,-1399.67,-0.1128999999999999,17312,Brawlhalla,291550
Jul-22,12398.46,-1058.54,-0.0787,20838,Brawlhalla,291550
Jun-22,13457.01,711.09,0.0558,23230,Brawlhalla,291550
May-22,12745.92,-1850.13,-0.1268,22510,Brawlhalla,291550
Apr-22,14596.05,-1258.42,-0.0794,25329,Brawlhalla,291550
Mar-22,15854.47,-624.2,-0.0379,28165,Brawlhalla,291550
Feb-22,16478.68,-233.85,-0.0139999999999999,29170,Brawlhalla,291550
Jan-22,16712.52,1443.75,0.0946,30682,Brawlhalla,291550
Dec-21,15268.77,-512.89,-0.0325,26631,Brawlhalla,291550
Nov-21,15781.66,-1383.16,-0.0806,26200,Brawlhalla,291550
Oct-21,17164.82,835.46,0.0512,33866,Brawlhalla,291550
Sep-21,16329.35,-398.91,-0.0237999999999999,26521,Brawlhalla,291550
Aug-21,16728.26,1551.56,0.1022,28759,Brawlhalla,291550
Jul-21,15176.69,-802.77,-0.0501999999999999,26729,Brawlhalla,291550
Jun-21,15979.47,-1431.2,-0.0822,27237,Brawlhalla,291550
May-21,17410.66,-1690.7,-0.0885,28175,Brawlhalla,291550
Apr-21,19101.36,669.96,0.0363,33311,Brawlhalla,291550
Mar-21,18431.4,1485.45,0.0877,30790,Brawlhalla,291550
Feb-21,16945.96,913.3,0.057,34169,Brawlhalla,291550
Jan-21,16032.66,-391.86,-0.0239,28076,Brawlhalla,291550
Dec-20,16424.52,-1722.25,-0.0949,27963,Brawlhalla,291550
Nov-20,18146.77,1220.04,0.0721,30784,Brawlhalla,291550
Oct-20,16926.73,-27.92,-0.0016,28295,Brawlhalla,291550
Sep-20,16954.65,-58.87,-0.0034999999999999,33740,Brawlhalla,291550
Aug-20,17013.52,737.43,0.0453,26415,Brawlhalla,291550
Jul-20,16276.09,876.69,0.0569,29804,Brawlhalla,291550
Jun-20,15399.4,-999.66,-0.061,26402,Brawlhalla,291550
May-20,16399.06,-816.21,-0.0474,31828,Brawlhalla,291550
Apr-20,17215.27,2144.2,0.1423,26948,Brawlhalla,291550
Mar-20,15071.08,4567,0.4347999999999999,31055,Brawlhalla,291550
Feb-20,10504.08,56.02,0.0054,19057,Brawlhalla,291550
Jan-20,10448.06,66.94,0.0064,18649,Brawlhalla,291550
Dec-19,10381.12,2249.77,0.2767,17583,Brawlhalla,291550
Nov-19,8131.35,503.39,0.066,15567,Brawlhalla,291550
Oct-19,7627.96,-171.83,-0.022,15336,Brawlhalla,291550
Sep-19,7799.79,-100.55,-0.0127,15823,Brawlhalla,291550
Aug-19,7900.35,-369.41,-0.0447,13786,Brawlhalla,291550
Jul-19,8269.76,-545.64,-0.0619,13342,Brawlhalla,291550
Jun-19,8815.4,1438,0.1949,15942,Brawlhalla,291550
May-19,7377.4,43.53,0.0059,14173,Brawlhalla,291550
Apr-19,7333.87,210.44,0.0295,14299,Brawlhalla,291550
Mar-19,7123.42,69.42,0.0098,13737,Brawlhalla,291550
Feb-19,7054.0,-578.47,-0.0758,14013,Brawlhalla,291550
Jan-19,7632.47,-713.14,-0.0855,14116,Brawlhalla,291550
Dec-18,8345.61,202.51,0.0249,16452,Brawlhalla,291550
Nov-18,8143.1,938.71,0.1303,16364,Brawlhalla,291550
Oct-18,7204.39,-140.68,-0.0192,14693,Brawlhalla,291550
Sep-18,7345.07,190.35,0.0266,13854,Brawlhalla,291550
Aug-18,7154.72,-151.61,-0.0208,12196,Brawlhalla,291550
Jul-18,7306.33,192.94,0.0271,13066,Brawlhalla,291550
Jun-18,7113.39,777.57,0.1226999999999999,11801,Brawlhalla,291550
May-18,6335.82,170.84,0.0277,11735,Brawlhalla,291550
Apr-18,6164.98,-224.07,-0.0351,12133,Brawlhalla,291550
Mar-18,6389.06,159.6,0.0256,12796,Brawlhalla,291550
Feb-18,6229.45,96.2,0.0157,11688,Brawlhalla,291550
Jan-18,6133.25,-4.1,-0.0007,11694,Brawlhalla,291550
Dec-17,6137.35,605.39,0.1094,11196,Brawlhalla,291550
Nov-17,5531.97,-230.36,-0.04,11557,Brawlhalla,291550
Oct-17,5762.33,422.2,0.0791,12675,Brawlhalla,291550
Sep-17,5340.12,266.14,0.0525,10596,Brawlhalla,291550
Aug-17,5073.99,-528.43,-0.0943,9342,Brawlhalla,291550
Jul-17,5602.41,192.82,0.0356,8777,Brawlhalla,291550
Jun-17,5409.59,117.99,0.0223,9351,Brawlhalla,291550
May-17,5291.61,-510.69,-0.088,11249,Brawlhalla,291550
Apr-17,5802.29,185.38,0.033,12215,Brawlhalla,291550
Mar-17,5616.91,-327.4,-0.0550999999999999,11253,Brawlhalla,291550
Feb-17,5944.31,341.03,0.0608999999999999,12126,Brawlhalla,291550
Jan-17,5603.28,190.78,0.0352,11357,Brawlhalla,291550
Dec-16,5412.49,514.38,0.105,10642,Brawlhalla,291550
Nov-16,4898.11,-32.41,-0.0066,10045,Brawlhalla,291550
Oct-16,4930.52,254.88,0.0545,10217,Brawlhalla,291550
Sep-16,4675.64,-176.56,-0.0364,9399,Brawlhalla,291550
Aug-16,4852.2,-469.15,-0.0882,9244,Brawlhalla,291550
Jul-16,5321.35,22.94,0.0043,8692,Brawlhalla,291550
Jun-16,5298.42,1217.2,0.2982,10077,Brawlhalla,291550
May-16,4081.22,-497.16,-0.1085999999999999,8552,Brawlhalla,291550
Apr-16,4578.38,349.7,0.0827,12781,Brawlhalla,291550
Mar-16,4228.68,-5.7,-0.0013,8588,Brawlhalla,291550
Feb-16,4234.38,-135.84,-0.0311,8657,Brawlhalla,291550
Jan-16,4370.22,717.48,0.1964,10073,Brawlhalla,291550
Dec-15,3652.74,681.15,0.2292,7296,Brawlhalla,291550
Nov-15,2971.59,2611.72,7.2573,7389,Brawlhalla,291550
Oct-15,359.87,-22.53,-0.0588999999999999,793,Brawlhalla,291550
Sep-15,382.41,20.78,0.0575,1391,Brawlhalla,291550
Aug-15,361.63,48.21,0.1538,754,Brawlhalla,291550
Jul-15,313.42,127.48,0.6856,1038,Brawlhalla,291550
Jun-15,185.93,6.99,0.039,436,Brawlhalla,291550
May-15,178.95,95.93,1.1554,549,Brawlhalla,291550
Apr-15,83.02,-4.45,-0.0509,191,Brawlhalla,291550
Mar-15,87.48,-2.91,-0.0322,238,Brawlhalla,291550
Feb-15,90.39,33.13,0.5786,253,Brawlhalla,291550
Jan-15,57.26,-1.19,-0.0203,211,Brawlhalla,291550
Dec-14,58.45,35.23,1.5171,301,Brawlhalla,291550
Nov-14,23.22,22.73,46.3295,119,Brawlhalla,291550
Oct-14,0.49,-0.17,-0.2573999999999999,6,Brawlhalla,291550
Sep-14,0.66,-0.08,-0.105,15,Brawlhalla,291550
Aug-14,0.74,-0.13,-0.1538,13,Brawlhalla,291550
Jul-14,0.87,0.07,0.0866,13,Brawlhalla,291550
Jun-14,0.8,-1.71,-0.6808,5,Brawlhalla,291550
May-14,2.51,2.24,8.187000000000001,20,Brawlhalla,291550
Apr-14,0.27,-,0.0,13,Brawlhalla,291550
Sep-25,11043.12,-2849.2,-0.2051,24222,巫师 3：狂猎,292030
Aug-25,13892.32,-77.77,-0.0056,27358,巫师 3：狂猎,292030
Jul-25,13970.09,-2685.43,-0.1612,27556,巫师 3：狂猎,292030
Jun-25,16655.52,2032.25,0.139,34752,巫师 3：狂猎,292030
May-25,14623.26,3583.72,0.3246,42217,巫师 3：狂猎,292030
Apr-25,11039.54,-2564,-0.1885,24073,巫师 3：狂猎,292030
Mar-25,13603.54,-2939.56,-0.1777,28620,巫师 3：狂猎,292030
Feb-25,16543.11,-5144.93,-0.2372,36273,巫师 3：狂猎,292030
Jan-25,21688.04,299.85,0.0139999999999999,44369,巫师 3：狂猎,292030
Dec-24,21388.19,8689.26,0.6843,46370,巫师 3：狂猎,292030
Nov-24,12698.93,1251.34,0.1093,25931,巫师 3：狂猎,292030
Oct-24,11447.59,-906.68,-0.0733999999999999,24456,巫师 3：狂猎,292030
Sep-24,12354.27,-2296.55,-0.1568,26658,巫师 3：狂猎,292030
Aug-24,14650.83,-4958.6,-0.2529,31038,巫师 3：狂猎,292030
Jul-24,19609.43,7262.25,0.5882000000000001,42090,巫师 3：狂猎,292030
Jun-24,12347.18,1049.75,0.0929,40016,巫师 3：狂猎,292030
May-24,11297.43,-1536.74,-0.1197,24621,巫师 3：狂猎,292030
Apr-24,12834.17,621.41,0.0509,29561,巫师 3：狂猎,292030
Mar-24,12212.75,-618.8,-0.0482,25678,巫师 3：狂猎,292030
Feb-24,12831.56,-1014.25,-0.0733,27375,巫师 3：狂猎,292030
Jan-24,13845.81,-50.76,-0.0037,28512,巫师 3：狂猎,292030
Dec-23,13896.57,3123.61,0.2899,28034,巫师 3：狂猎,292030
Nov-23,10772.96,-925.67,-0.0791,27122,巫师 3：狂猎,292030
Oct-23,11698.63,1275.61,0.1224,26915,巫师 3：狂猎,292030
Sep-23,10423.02,-3946.18,-0.2746,21563,巫师 3：狂猎,292030
Aug-23,14369.2,-1631.06,-0.1018999999999999,31085,巫师 3：狂猎,292030
Jul-23,16000.26,4125.17,0.3474,29324,巫师 3：狂猎,292030
Jun-23,11875.09,1442.22,0.1382,25541,巫师 3：狂猎,292030
May-23,10432.88,-1876.34,-0.1524,20933,巫师 3：狂猎,292030
Apr-23,12309.22,-666.94,-0.0513999999999999,24961,巫师 3：狂猎,292030
Mar-23,12976.16,-6774.15,-0.3429999999999999,27769,巫师 3：狂猎,292030
Feb-23,19750.31,-17386.26,-0.4682,46046,巫师 3：狂猎,292030
Jan-23,37136.57,-173.51,-0.0046999999999999,79210,巫师 3：狂猎,292030
Dec-22,37310.08,22757.05,1.5637,89259,巫师 3：狂猎,292030
Nov-22,14553.03,2745.55,0.2325,34827,巫师 3：狂猎,292030
Oct-22,11807.48,-748.78,-0.0596,27275,巫师 3：狂猎,292030
Sep-22,12556.26,-1015.18,-0.0748,28770,巫师 3：狂猎,292030
Aug-22,13571.44,90,0.0067,26510,巫师 3：狂猎,292030
Jul-22,13481.44,1303.78,0.1071,24297,巫师 3：狂猎,292030
Jun-22,12177.66,-1783.51,-0.1277,23048,巫师 3：狂猎,292030
May-22,13961.17,-1113.86,-0.0739,31716,巫师 3：狂猎,292030
Apr-22,15075.03,-2757.08,-0.1546,31534,巫师 3：狂猎,292030
Mar-22,17832.11,-3560.67,-0.1664,40775,巫师 3：狂猎,292030
Feb-22,21392.78,-15337.82,-0.4175999999999999,46617,巫师 3：狂猎,292030
Jan-22,36730.6,11603.01,0.4618,78592,巫师 3：狂猎,292030
Dec-21,25127.6,9667.55,0.6253,62211,巫师 3：狂猎,292030
Nov-21,15460.05,1926.97,0.1424,31845,巫师 3：狂猎,292030
Oct-21,13533.08,-6146.43,-0.3123,32571,巫师 3：狂猎,292030
Sep-21,19679.51,1430.43,0.0784,44434,巫师 3：狂猎,292030
Aug-21,18249.08,-1620.06,-0.0815,44132,巫师 3：狂猎,292030
Jul-21,19869.14,2427.58,0.1392,38753,巫师 3：狂猎,292030
Jun-21,17441.56,630.38,0.0375,34733,巫师 3：狂猎,292030
May-21,16811.18,-2007.62,-0.1067,41446,巫师 3：狂猎,292030
Apr-21,18818.8,3405.54,0.2208999999999999,43867,巫师 3：狂猎,292030
Mar-21,15413.25,-2386.29,-0.1341,37844,巫师 3：狂猎,292030
Feb-21,17799.54,-2902.9,-0.1402,38603,巫师 3：狂猎,292030
Jan-21,20702.44,-439.25,-0.0208,42783,巫师 3：狂猎,292030
Dec-20,21141.69,4030.56,0.2355999999999999,41042,巫师 3：狂猎,292030
Nov-20,17111.12,3194.22,0.2294999999999999,37517,巫师 3：狂猎,292030
Oct-20,13916.9,-4393.7,-0.24,27402,巫师 3：狂猎,292030
Sep-20,18310.61,1982.99,0.1215,38742,巫师 3：狂猎,292030
Aug-20,16327.61,-2500.77,-0.1328,36555,巫师 3：狂猎,292030
Jul-20,18828.38,-172.45,-0.0091,34735,巫师 3：狂猎,292030
Jun-20,19000.83,-2433.65,-0.1134999999999999,35118,巫师 3：狂猎,292030
May-20,21434.48,-5810.85,-0.2133,41736,巫师 3：狂猎,292030
Apr-20,27245.33,5788.21,0.2698,61236,巫师 3：狂猎,292030
Mar-20,21457.11,-6289.73,-0.2267,49787,巫师 3：狂猎,292030
Feb-20,27746.84,-20470.48,-0.4245,62188,巫师 3：狂猎,292030
Jan-20,48217.32,20857.28,0.7623000000000001,103329,巫师 3：狂猎,292030
Dec-19,27360.04,14199.4,1.0789,94601,巫师 3：狂猎,292030
Nov-19,13160.64,3260.46,0.3293,26594,巫师 3：狂猎,292030
Oct-19,9900.18,-3355.44,-0.2531,20367,巫师 3：狂猎,292030
Sep-19,13255.62,230.22,0.0177,30585,巫师 3：狂猎,292030
Aug-19,13025.41,-5422.24,-0.2939,25634,巫师 3：狂猎,292030
Jul-19,18447.65,3253.44,0.2141,35770,巫师 3：狂猎,292030
Jun-19,15194.21,5069.2,0.5007,33044,巫师 3：狂猎,292030
May-19,10125.0,-2383.73,-0.1906,21319,巫师 3：狂猎,292030
Apr-19,12508.73,1631.73,0.15,33783,巫师 3：狂猎,292030
Mar-19,10877.01,-3649.67,-0.2512,23575,巫师 3：狂猎,292030
Feb-19,14526.67,1463.48,0.1119999999999999,33762,巫师 3：狂猎,292030
Jan-19,13063.19,1033.47,0.0859,25651,巫师 3：狂猎,292030
Dec-18,12029.72,-1375.59,-0.1026,23943,巫师 3：狂猎,292030
Nov-18,13405.32,3304.64,0.3272,27237,巫师 3：狂猎,292030
Oct-18,10100.67,-2131.7,-0.1743,19557,巫师 3：狂猎,292030
Sep-18,12232.38,1994.54,0.1948,25800,巫师 3：狂猎,292030
Aug-18,10237.83,-4880.77,-0.3228,19278,巫师 3：狂猎,292030
Jul-18,15118.61,1412.18,0.103,28266,巫师 3：狂猎,292030
Jun-18,13706.43,3573.23,0.3525999999999999,29642,巫师 3：狂猎,292030
May-18,10133.2,-1563.92,-0.1336999999999999,19144,巫师 3：狂猎,292030
Apr-18,11697.12,171.92,0.0149,26152,巫师 3：狂猎,292030
Mar-18,11525.2,-4216.15,-0.2678,24060,巫师 3：狂猎,292030
Feb-18,15741.35,226.75,0.0146,31972,巫师 3：狂猎,292030
Jan-18,15514.6,2582.83,0.1997,29721,巫师 3：狂猎,292030
Dec-17,12931.77,-582.95,-0.0431,24798,巫师 3：狂猎,292030
Nov-17,13514.72,1363.72,0.1122,28177,巫师 3：狂猎,292030
Oct-17,12151.0,1355.03,0.1255,33188,巫师 3：狂猎,292030
Sep-17,10795.97,708.83,0.0703,23085,巫师 3：狂猎,292030
Aug-17,10087.14,-4786.93,-0.3218,18445,巫师 3：狂猎,292030
Jul-17,14874.07,-1152.16,-0.0719,29255,巫师 3：狂猎,292030
Jun-17,16026.23,6239.75,0.6376,34131,巫师 3：狂猎,292030
May-17,9786.48,-1386.81,-0.1241,17637,巫师 3：狂猎,292030
Apr-17,11173.29,860.74,0.0834999999999999,22658,巫师 3：狂猎,292030
Mar-17,10312.55,-2706.48,-0.2079,19812,巫师 3：狂猎,292030
Feb-17,13019.03,-3029.6,-0.1888,25989,巫师 3：狂猎,292030
Jan-17,16048.63,4151.47,0.3489,31967,巫师 3：狂猎,292030
Dec-16,11897.16,2784.15,0.3055,24570,巫师 3：狂猎,292030
Nov-16,9113.02,333.46,0.038,21281,巫师 3：狂猎,292030
Oct-16,8779.56,-712.56,-0.0751,17821,巫师 3：狂猎,292030
Sep-16,9492.12,-61.88,-0.0065,18718,巫师 3：狂猎,292030
Aug-16,9554.01,-4876.45,-0.3379,18860,巫师 3：狂猎,292030
Jul-16,14430.46,-7693.33,-0.3477,31244,巫师 3：狂猎,292030
Jun-16,22123.79,12672.55,1.3408000000000002,53576,巫师 3：狂猎,292030
May-16,9451.24,4345.82,0.8512000000000001,49246,巫师 3：狂猎,292030
Apr-16,5105.42,-691.59,-0.1193,10318,巫师 3：狂猎,292030
Mar-16,5797.01,-1942.29,-0.251,11539,巫师 3：狂猎,292030
Feb-16,7739.3,-3314.15,-0.2998,14799,巫师 3：狂猎,292030
Jan-16,11053.46,2086.86,0.2327,23429,巫师 3：狂猎,292030
Dec-15,8966.6,2731.83,0.4382,18536,巫师 3：狂猎,292030
Nov-15,6234.78,-1865.02,-0.2303,15187,巫师 3：狂猎,292030
Oct-15,8099.79,1840.75,0.2941,20651,巫师 3：狂猎,292030
Sep-15,6259.05,-838.79,-0.1182,13733,巫师 3：狂猎,292030
Aug-15,7097.83,-3007.96,-0.2976,13948,巫师 3：狂猎,292030
Jul-15,10105.8,-12707.32,-0.557,22148,巫师 3：狂猎,292030
Jun-15,22813.12,-29103.42,-0.5606,55408,巫师 3：狂猎,292030
May-15,51916.54,-,0.0,92268,巫师 3：狂猎,292030
Sep-25,28485.08,-16129.38,-0.3615,45541,RimWorld,294100
Aug-25,44614.45,-6519.53,-0.1275,75236,RimWorld,294100
Jul-25,51133.98,26106.07,1.0431,95851,RimWorld,294100
Jun-25,25027.92,1727.94,0.0742,37773,RimWorld,294100
May-25,23299.97,-875.64,-0.0362,34564,RimWorld,294100
Apr-25,24175.62,778,0.0333,37232,RimWorld,294100
Mar-25,23397.62,-284,-0.012,37719,RimWorld,294100
Feb-25,23681.62,48.4,0.002,35308,RimWorld,294100
Jan-25,23633.22,2350.54,0.1104,34240,RimWorld,294100
Dec-24,21282.67,861.48,0.0421999999999999,28974,RimWorld,294100
Nov-24,20421.19,-348.32,-0.0168,28831,RimWorld,294100
Oct-24,20769.51,715.77,0.0356999999999999,32219,RimWorld,294100
Sep-24,20053.75,-1910.27,-0.087,29619,RimWorld,294100
Aug-24,21964.01,418.77,0.0194,31007,RimWorld,294100
Jul-24,21545.25,342.6,0.0162,31362,RimWorld,294100
Jun-24,21202.64,-6119.8,-0.2239999999999999,33001,RimWorld,294100
May-24,27322.44,-5662.85,-0.1717,46527,RimWorld,294100
Apr-24,32985.29,12685.4,0.6249,62257,RimWorld,294100
Mar-24,20299.88,2191.29,0.121,31539,RimWorld,294100
Feb-24,18108.59,-1048.35,-0.0547,26012,RimWorld,294100
Jan-24,19156.94,-192.4,-0.0098999999999999,27401,RimWorld,294100
Dec-23,19349.34,116.73,0.0060999999999999,27298,RimWorld,294100
Nov-23,19232.6,435.62,0.0232,28208,RimWorld,294100
Oct-23,18796.98,2572.62,0.1586,27351,RimWorld,294100
Sep-23,16224.36,-2626.41,-0.1393,24980,RimWorld,294100
Aug-23,18850.76,-1905.71,-0.0917999999999999,28384,RimWorld,294100
Jul-23,20756.48,3338.92,0.1917,28545,RimWorld,294100
Jun-23,17417.55,-1720.69,-0.0899,24379,RimWorld,294100
May-23,19138.24,335.71,0.0179,28614,RimWorld,294100
Apr-23,18802.53,961.86,0.0538999999999999,30015,RimWorld,294100
Mar-23,17840.67,-2205.18,-0.11,25891,RimWorld,294100
Feb-23,20045.85,-3105.42,-0.1341,30310,RimWorld,294100
Jan-23,23151.27,521.47,0.023,31951,RimWorld,294100
Dec-22,22629.8,-9075.2,-0.2862,32547,RimWorld,294100
Nov-22,31704.99,6373.81,0.2516,54009,RimWorld,294100
Oct-22,25331.18,7726.65,0.4389,60742,RimWorld,294100
Sep-22,17604.53,-2616.5,-0.1294,26309,RimWorld,294100
Aug-22,20221.03,719.19,0.0369,30045,RimWorld,294100
Jul-22,19501.84,1609.24,0.0899,28853,RimWorld,294100
Jun-22,17892.6,-414.76,-0.0227,25466,RimWorld,294100
May-22,18307.36,460.97,0.0258,25979,RimWorld,294100
Apr-22,17846.39,587.29,0.034,25261,RimWorld,294100
Mar-22,17259.1,-721.08,-0.0401,24915,RimWorld,294100
Feb-22,17980.18,-456.05,-0.0247,24798,RimWorld,294100
Jan-22,18436.22,2276.58,0.1409,25439,RimWorld,294100
Dec-21,16159.64,284.35,0.0179,22119,RimWorld,294100
Nov-21,15875.3,-890.06,-0.0530999999999999,22404,RimWorld,294100
Oct-21,16765.36,-3583.37,-0.1761,24198,RimWorld,294100
Sep-21,20348.73,-9109.17,-0.3092,31984,RimWorld,294100
Aug-21,29457.9,4218.47,0.1671,45856,RimWorld,294100
Jul-21,25239.43,9208.12,0.5744,50850,RimWorld,294100
Jun-21,16031.31,1175.48,0.0791,22271,RimWorld,294100
May-21,14855.82,368.36,0.0254,20751,RimWorld,294100
Apr-21,14487.47,-408.34,-0.0274,20736,RimWorld,294100
Mar-21,14895.8,-3527.53,-0.1914999999999999,21941,RimWorld,294100
Feb-21,18423.33,-238.01,-0.0128,26260,RimWorld,294100
Jan-21,18661.34,4384.21,0.3071,26982,RimWorld,294100
Dec-20,14277.14,-492.11,-0.0333,22168,RimWorld,294100
Nov-20,14769.24,918.22,0.0663,20737,RimWorld,294100
Oct-20,13851.02,-1475.41,-0.0963,19572,RimWorld,294100
Sep-20,15326.43,-1202.84,-0.0728,22093,RimWorld,294100
Aug-20,16529.27,1285.9,0.0843999999999999,23344,RimWorld,294100
Jul-20,15243.38,946.01,0.0662,20531,RimWorld,294100
Jun-20,14297.36,-516.8,-0.0349,19981,RimWorld,294100
May-20,14814.16,-2757.61,-0.1568999999999999,21491,RimWorld,294100
Apr-20,17571.78,-8540.01,-0.3271,25649,RimWorld,294100
Mar-20,26111.78,10674.82,0.6915,41637,RimWorld,294100
Feb-20,15436.96,3326.24,0.2747,38204,RimWorld,294100
Jan-20,12110.73,2141.26,0.2148,18083,RimWorld,294100
Dec-19,9969.46,-60.18,-0.006,15356,RimWorld,294100
Nov-19,10029.64,-15.51,-0.0015,15292,RimWorld,294100
Oct-19,10045.15,-418.25,-0.04,15923,RimWorld,294100
Sep-19,10463.4,-953.13,-0.0834999999999999,16282,RimWorld,294100
Aug-19,11416.53,1374.67,0.1369,16719,RimWorld,294100
Jul-19,10041.86,-333.18,-0.0321,15208,RimWorld,294100
Jun-19,10375.04,-459.21,-0.0424,15280,RimWorld,294100
May-19,10834.25,200.99,0.0189,16594,RimWorld,294100
Apr-19,10633.26,40.04,0.0038,16900,RimWorld,294100
Mar-19,10593.21,-1078.79,-0.0924,15920,RimWorld,294100
Feb-19,11672.0,-235.63,-0.0197999999999999,18211,RimWorld,294100
Jan-19,11907.63,1810.21,0.1793,18208,RimWorld,294100
Dec-18,10097.42,-3200.14,-0.2407,15760,RimWorld,294100
Nov-18,13297.56,290,0.0223,23774,RimWorld,294100
Oct-18,13007.56,3379.82,0.3510999999999999,28380,RimWorld,294100
Sep-18,9627.73,2178.57,0.2925,15159,RimWorld,294100
Aug-18,7449.17,-353.69,-0.0453,11169,RimWorld,294100
Jul-18,7802.86,1284.6,0.1971,12450,RimWorld,294100
Jun-18,6518.26,220.28,0.035,9500,RimWorld,294100
May-18,6297.99,-210.89,-0.0324,9555,RimWorld,294100
Apr-18,6508.88,284.89,0.0458,10001,RimWorld,294100
Mar-18,6223.99,-155.58,-0.0243999999999999,9644,RimWorld,294100
Feb-18,6379.57,-1294.82,-0.1687,10030,RimWorld,294100
Jan-18,7674.39,-726.06,-0.0864,12072,RimWorld,294100
Dec-17,8400.45,1368.76,0.1946999999999999,14244,RimWorld,294100
Nov-17,7031.69,1278.68,0.2223,14223,RimWorld,294100
Oct-17,5753.01,15.3,0.0027,9188,RimWorld,294100
Sep-17,5737.71,-387.24,-0.0632,9066,RimWorld,294100
Aug-17,6124.95,-593.73,-0.0883999999999999,9167,RimWorld,294100
Jul-17,6718.67,-614.27,-0.0838,10193,RimWorld,294100
Jun-17,7332.94,1630.57,0.2859,12135,RimWorld,294100
May-17,5702.37,359.16,0.0672,11795,RimWorld,294100
Apr-17,5343.21,-250.59,-0.0448,8261,RimWorld,294100
Mar-17,5593.8,-791.51,-0.124,9027,RimWorld,294100
Feb-17,6385.31,-1920.64,-0.2312,10340,RimWorld,294100
Jan-17,8305.95,3165.01,0.6156,13447,RimWorld,294100
Dec-16,5140.94,1191.87,0.3018,11727,RimWorld,294100
Nov-16,3949.07,-573.06,-0.1267,6218,RimWorld,294100
Oct-16,4522.13,-1601.03,-0.2615,8604,RimWorld,294100
Sep-16,6123.16,-1684.69,-0.2158,10259,RimWorld,294100
Aug-16,7807.85,3107.26,0.6609999999999999,13484,RimWorld,294100
Jul-16,4700.59,4698.66,2430.339,14984,RimWorld,294100
Jun-16,1.93,0.66,0.5197999999999999,6,RimWorld,294100
May-16,1.27,-,0.0,3,RimWorld,294100
Sep-25,3423.63,87.34,0.0262,7461,FOR HONOR™,304390
Aug-25,3336.29,312.02,0.1032,6135,FOR HONOR™,304390
Jul-25,3024.27,744.89,0.3268,7371,FOR HONOR™,304390
Jun-25,2279.38,-209.49,-0.0842,3885,FOR HONOR™,304390
May-25,2488.87,-453.05,-0.154,4241,FOR HONOR™,304390
Apr-25,2941.92,-457.26,-0.1344999999999999,4955,FOR HONOR™,304390
Mar-25,3399.18,684.51,0.2522,6041,FOR HONOR™,304390
Feb-25,2714.67,10.49,0.0039,4428,FOR HONOR™,304390
Jan-25,2704.19,12.29,0.0046,5887,FOR HONOR™,304390
Dec-24,2691.9,131.5,0.0513999999999999,8735,FOR HONOR™,304390
Nov-24,2560.4,-445.75,-0.1483,4282,FOR HONOR™,304390
Oct-24,3006.15,-227.95,-0.0705,6127,FOR HONOR™,304390
Sep-24,3234.1,-486.99,-0.1309,6099,FOR HONOR™,304390
Aug-24,3721.09,491.19,0.1521,6015,FOR HONOR™,304390
Jul-24,3229.9,416.55,0.1481,7896,FOR HONOR™,304390
Jun-24,2813.35,-693.93,-0.1979,4467,FOR HONOR™,304390
May-24,3507.28,359.6,0.1142,6457,FOR HONOR™,304390
Apr-24,3147.68,-355.85,-0.1016,5735,FOR HONOR™,304390
Mar-24,3503.53,-405.04,-0.1036,5924,FOR HONOR™,304390
Feb-24,3908.57,413.27,0.1182,7082,FOR HONOR™,304390
Jan-24,3495.3,243.87,0.075,5593,FOR HONOR™,304390
Dec-23,3251.44,361.07,0.1249,5187,FOR HONOR™,304390
Nov-23,2890.36,-62.08,-0.021,4720,FOR HONOR™,304390
Oct-23,2952.44,-500.75,-0.145,5161,FOR HONOR™,304390
Sep-23,3453.19,-920.98,-0.2105,5966,FOR HONOR™,304390
Aug-23,4374.17,-55.74,-0.0126,9317,FOR HONOR™,304390
Jul-23,4429.91,1594.28,0.5622,10616,FOR HONOR™,304390
Jun-23,2835.64,-361.75,-0.1131,4183,FOR HONOR™,304390
May-23,3197.39,-150.9,-0.0451,5211,FOR HONOR™,304390
Apr-23,3348.29,-442.02,-0.1166,6339,FOR HONOR™,304390
Mar-23,3790.31,205.87,0.0574,6375,FOR HONOR™,304390
Feb-23,3584.44,274.63,0.083,6726,FOR HONOR™,304390
Jan-23,3309.81,441.94,0.1541,5792,FOR HONOR™,304390
Dec-22,2867.87,234.9,0.0892,4579,FOR HONOR™,304390
Nov-22,2632.97,-127.69,-0.0463,4591,FOR HONOR™,304390
Oct-22,2760.66,-307.24,-0.1001,4777,FOR HONOR™,304390
Sep-22,3067.9,-1257.28,-0.2907,5060,FOR HONOR™,304390
Aug-22,4325.18,579.92,0.1548,9307,FOR HONOR™,304390
Jul-22,3745.26,513.85,0.159,10145,FOR HONOR™,304390
Jun-22,3231.41,470.99,0.1705999999999999,5271,FOR HONOR™,304390
May-22,2760.42,-204.83,-0.0691,4819,FOR HONOR™,304390
Apr-22,2965.24,-40.09,-0.0133,5150,FOR HONOR™,304390
Mar-22,3005.34,-775.38,-0.2051,5869,FOR HONOR™,304390
Feb-22,3780.72,100.88,0.0274,7624,FOR HONOR™,304390
Jan-22,3679.84,603.23,0.1961,8576,FOR HONOR™,304390
Dec-21,3076.6,-447.3,-0.1268999999999999,5055,FOR HONOR™,304390
Nov-21,3523.9,568.21,0.1921999999999999,6518,FOR HONOR™,304390
Oct-21,2955.69,-542.43,-0.1551,5401,FOR HONOR™,304390
Sep-21,3498.12,168.92,0.0507,6376,FOR HONOR™,304390
Aug-21,3329.2,-326.88,-0.0894,5200,FOR HONOR™,304390
Jul-21,3656.08,677.62,0.2275,7421,FOR HONOR™,304390
Jun-21,2978.46,204.16,0.0736,5071,FOR HONOR™,304390
May-21,2774.3,-720.54,-0.2062,4972,FOR HONOR™,304390
Apr-21,3494.84,-414.06,-0.1059,5846,FOR HONOR™,304390
Mar-21,3908.9,544.42,0.1618,6664,FOR HONOR™,304390
Feb-21,3364.48,80.92,0.0246,5230,FOR HONOR™,304390
Jan-21,3283.56,66.7,0.0207,5163,FOR HONOR™,304390
Dec-20,3216.85,384.36,0.1357,5877,FOR HONOR™,304390
Nov-20,2832.49,-34.36,-0.012,4401,FOR HONOR™,304390
Oct-20,2866.85,-676.27,-0.1909,4767,FOR HONOR™,304390
Sep-20,3543.12,-1505.19,-0.2982,6504,FOR HONOR™,304390
Aug-20,5048.3,320.97,0.0679,13358,FOR HONOR™,304390
Jul-20,4727.34,722.95,0.1805,10060,FOR HONOR™,304390
Jun-20,4004.39,541.5,0.1564,9750,FOR HONOR™,304390
May-20,3462.89,-103.94,-0.0291,5259,FOR HONOR™,304390
Apr-20,3566.83,-420.15,-0.1054,5415,FOR HONOR™,304390
Mar-20,3986.98,274.93,0.0741,7217,FOR HONOR™,304390
Feb-20,3712.04,840.4,0.2927,6720,FOR HONOR™,304390
Jan-20,2871.65,-4.23,-0.0015,5197,FOR HONOR™,304390
Dec-19,2875.87,-440.33,-0.1328,5803,FOR HONOR™,304390
Nov-19,3316.21,330.31,0.1106,7355,FOR HONOR™,304390
Oct-19,2985.9,-674.89,-0.1844,5548,FOR HONOR™,304390
Sep-19,3660.78,-1267.18,-0.2571,6884,FOR HONOR™,304390
Aug-19,4927.97,1394.25,0.3946,9552,FOR HONOR™,304390
Jul-19,3533.72,-433.97,-0.1094,5616,FOR HONOR™,304390
Jun-19,3967.7,-969.29,-0.1963,6898,FOR HONOR™,304390
May-19,4936.98,150.58,0.0315,12506,FOR HONOR™,304390
Apr-19,4786.4,-245.06,-0.0487,8582,FOR HONOR™,304390
Mar-19,5031.46,-1293.97,-0.2046,8897,FOR HONOR™,304390
Feb-19,6325.43,720.25,0.1285,12198,FOR HONOR™,304390
Jan-19,5605.19,-183.96,-0.0318,15529,FOR HONOR™,304390
Dec-18,5789.15,-969.42,-0.1434,10979,FOR HONOR™,304390
Nov-18,6758.57,-2662.26,-0.2826,14773,FOR HONOR™,304390
Oct-18,9420.82,-3590.64,-0.276,19619,FOR HONOR™,304390
Sep-18,13011.47,-7651.34,-0.3703,37553,FOR HONOR™,304390
Aug-18,20662.81,15523.77,3.0208,216499,FOR HONOR™,304390
Jul-18,5139.04,257.36,0.0527,8204,FOR HONOR™,304390
Jun-18,4881.68,-734.44,-0.1308,9902,FOR HONOR™,304390
May-18,5616.11,2659.21,0.8993000000000001,18583,FOR HONOR™,304390
Apr-18,2956.9,-229.47,-0.072,4974,FOR HONOR™,304390
Mar-18,3186.37,-88.72,-0.0271,7199,FOR HONOR™,304390
Feb-18,3275.1,1152.76,0.5432,8202,FOR HONOR™,304390
Jan-18,2122.33,234.27,0.1241,3711,FOR HONOR™,304390
Dec-17,1888.06,-121.13,-0.0603,3736,FOR HONOR™,304390
Nov-17,2009.18,825.63,0.6976,4880,FOR HONOR™,304390
Oct-17,1183.55,-455.24,-0.2778,2485,FOR HONOR™,304390
Sep-17,1638.79,-1279.06,-0.4384,3225,FOR HONOR™,304390
Aug-17,2917.85,1664.01,1.3271000000000002,11359,FOR HONOR™,304390
Jul-17,1253.84,-450.78,-0.2644,1941,FOR HONOR™,304390
Jun-17,1704.62,-1355.43,-0.4429,3481,FOR HONOR™,304390
May-17,3060.05,-406.61,-0.1173,7518,FOR HONOR™,304390
Apr-17,3466.66,-5251.34,-0.6024,6939,FOR HONOR™,304390
Mar-17,8718.0,-19372.31,-0.6896,20449,FOR HONOR™,304390
Feb-17,28090.31,-,0.0,45923,FOR HONOR™,304390
Sep-25,10062.14,-603.18,-0.0566,16890,Unturned,304930
Aug-25,10665.33,-1263.41,-0.1059,15086,Unturned,304930
Jul-25,11928.73,-78.44,-0.0065,18685,Unturned,304930
Jun-25,12007.17,-1755.35,-0.1275,20845,Unturned,304930
May-25,13762.52,-939.1,-0.0639,25764,Unturned,304930
Apr-25,14701.62,1327.84,0.0993,26583,Unturned,304930
Mar-25,13373.78,-718.61,-0.051,34966,Unturned,304930
Feb-25,14092.4,366.98,0.0266999999999999,21637,Unturned,304930
Jan-25,13725.42,-1881.65,-0.1206,21828,Unturned,304930
Dec-24,15607.07,838,0.0567,21919,Unturned,304930
Nov-24,14769.06,56.9,0.0039,22660,Unturned,304930
Oct-24,14712.16,-2098.83,-0.1248,20863,Unturned,304930
Sep-24,16811.0,-7348.55,-0.3042,25278,Unturned,304930
Aug-24,24159.55,-982.74,-0.0391,32121,Unturned,304930
Jul-24,25142.29,-10131.87,-0.2872,33373,Unturned,304930
Jun-24,35274.17,-17499.96,-0.3315999999999999,65056,Unturned,304930
May-24,52774.12,3362.82,0.0681,68749,Unturned,304930
Apr-24,49411.3,-1263.32,-0.0249,59825,Unturned,304930
Mar-24,50674.63,-1026.54,-0.0199,60566,Unturned,304930
Feb-24,51701.17,-684.37,-0.0131,62022,Unturned,304930
Jan-24,52385.54,4196.48,0.0871,63843,Unturned,304930
Dec-23,48189.05,-3208.27,-0.0624,64089,Unturned,304930
Nov-23,51397.32,1920.18,0.0388,58931,Unturned,304930
Oct-23,49477.14,-4758.81,-0.0877,61493,Unturned,304930
Sep-23,54235.95,-4201.15,-0.0719,63176,Unturned,304930
Aug-23,58437.1,-3375.42,-0.0546,67996,Unturned,304930
Jul-23,61812.52,6275.2,0.113,71195,Unturned,304930
Jun-23,55537.32,-2416.51,-0.0417,69271,Unturned,304930
May-23,57953.83,3040.43,0.0554,66720,Unturned,304930
Apr-23,54913.4,1611.54,0.0302,67282,Unturned,304930
Mar-23,53301.87,-7885.8,-0.1289,67724,Unturned,304930
Feb-23,61187.67,-5709.86,-0.0853999999999999,102075,Unturned,304930
Jan-23,66897.53,12615.36,0.2324,112648,Unturned,304930
Dec-22,54282.17,1138.33,0.0214,72690,Unturned,304930
Nov-22,53143.84,579.86,0.011,64494,Unturned,304930
Oct-22,52563.98,26823.86,1.0421,92850,Unturned,304930
Sep-22,25740.12,-4762.32,-0.1561,61694,Unturned,304930
Aug-22,30502.44,-1266.96,-0.0399,67415,Unturned,304930
Jul-22,31769.4,-1087.51,-0.0331,60660,Unturned,304930
Jun-22,32856.91,545.93,0.0169,56376,Unturned,304930
May-22,32310.98,-1788.09,-0.0524,51601,Unturned,304930
Apr-22,34099.07,2879.65,0.0922,50004,Unturned,304930
Mar-22,31219.42,-1198.5,-0.037,46292,Unturned,304930
Feb-22,32417.92,-4442.95,-0.1205,46477,Unturned,304930
Jan-22,36860.88,3678.4,0.1109,55031,Unturned,304930
Dec-21,33182.48,4570.94,0.1598,70692,Unturned,304930
Nov-21,28611.55,4080.19,0.1663,60269,Unturned,304930
Oct-21,24531.35,-343.04,-0.0138,33361,Unturned,304930
Sep-21,24874.39,-259.9,-0.0103,33682,Unturned,304930
Aug-21,25134.29,72.18,0.0029,34139,Unturned,304930
Jul-21,25062.11,1198.13,0.0501999999999999,36802,Unturned,304930
Jun-21,23863.98,379.11,0.0161,32713,Unturned,304930
May-21,23484.87,1533.44,0.0699,33759,Unturned,304930
Apr-21,21951.43,-97.65,-0.0044,30984,Unturned,304930
Mar-21,22049.08,-1506.85,-0.064,29638,Unturned,304930
Feb-21,23555.92,1513.64,0.0687,50209,Unturned,304930
Jan-21,22042.28,2856.68,0.1489,30006,Unturned,304930
Dec-20,19185.61,-817.29,-0.0409,32524,Unturned,304930
Nov-20,20002.9,-2258.73,-0.1015,33403,Unturned,304930
Oct-20,22261.63,4440.67,0.2492,36561,Unturned,304930
Sep-20,17820.96,-1901.39,-0.0964,29380,Unturned,304930
Aug-20,19722.35,2097.84,0.119,25994,Unturned,304930
Jul-20,17624.51,-4440.54,-0.2012,27512,Unturned,304930
Jun-20,22065.05,230.13,0.0105,33699,Unturned,304930
May-20,21834.93,-6897.02,-0.24,35923,Unturned,304930
Apr-20,28731.95,4933.22,0.2073,39947,Unturned,304930
Mar-20,23798.73,4045.67,0.2048,42396,Unturned,304930
Feb-20,19753.06,2088.05,0.1182,33921,Unturned,304930
Jan-20,17665.01,569.28,0.0333,34544,Unturned,304930
Dec-19,17095.73,-219.43,-0.0127,38088,Unturned,304930
Nov-19,17315.16,1641.61,0.1047,31714,Unturned,304930
Oct-19,15673.54,3616.46,0.2999,47500,Unturned,304930
Sep-19,12057.08,-1504.65,-0.1109,18809,Unturned,304930
Aug-19,13561.73,-1515.81,-0.1005,18376,Unturned,304930
Jul-19,15077.53,2984.85,0.2468,23751,Unturned,304930
Jun-19,12092.68,1244.58,0.1147,17004,Unturned,304930
May-19,10848.11,-387.92,-0.0345,17703,Unturned,304930
Apr-19,11236.02,-8.74,-0.0008,18742,Unturned,304930
Mar-19,11244.77,-5107.78,-0.3124,18997,Unturned,304930
Feb-19,16352.54,-6262.11,-0.2769,30621,Unturned,304930
Jan-19,22614.65,4451.94,0.2451,33900,Unturned,304930
Dec-18,18162.71,4012.41,0.2836,36913,Unturned,304930
Nov-18,14150.3,2568.02,0.2217,24199,Unturned,304930
Oct-18,11582.28,-225.07,-0.0191,21804,Unturned,304930
Sep-18,11807.35,-2773.74,-0.1902,20381,Unturned,304930
Aug-18,14581.09,-84.96,-0.0058,19884,Unturned,304930
Jul-18,14666.05,747.28,0.0537,20387,Unturned,304930
Jun-18,13918.77,3310.58,0.3121,20832,Unturned,304930
May-18,10608.19,29.53,0.0028,18483,Unturned,304930
Apr-18,10578.66,-1451,-0.1206,19593,Unturned,304930
Mar-18,12029.66,-1523.51,-0.1124,23439,Unturned,304930
Feb-18,13553.17,-2803.65,-0.1714,25783,Unturned,304930
Jan-18,16356.82,-488.14,-0.0289999999999999,30976,Unturned,304930
Dec-17,16844.96,2001.16,0.1348,32615,Unturned,304930
Nov-17,14843.81,-150.21,-0.01,32111,Unturned,304930
Oct-17,14994.02,-14.73,-0.001,31647,Unturned,304930
Sep-17,15008.75,-5873.72,-0.2813,29124,Unturned,304930
Aug-17,20882.47,-2681.87,-0.1138,29593,Unturned,304930
Jul-17,23564.34,4984.76,0.2683,38020,Unturned,304930
Jun-17,18579.59,1695.38,0.1003999999999999,29466,Unturned,304930
May-17,16884.21,-1400.48,-0.0766,30764,Unturned,304930
Apr-17,18284.68,166.93,0.0092,32278,Unturned,304930
Mar-17,18117.75,-4033.48,-0.1821,36179,Unturned,304930
Feb-17,22151.24,1019.93,0.0483,42677,Unturned,304930
Jan-17,21131.31,864.59,0.0426999999999999,37434,Unturned,304930
Dec-16,20266.72,-284.87,-0.0139,37381,Unturned,304930
Nov-16,20551.59,-2298.46,-0.1006,42720,Unturned,304930
Oct-16,22850.05,-1103.24,-0.0461,48001,Unturned,304930
Sep-16,23953.29,-10254.59,-0.2998,50338,Unturned,304930
Aug-16,34207.88,5468.59,0.1903,55141,Unturned,304930
Jul-16,28739.29,4588.32,0.19,39683,Unturned,304930
Jun-16,24150.97,7961.24,0.4917,38486,Unturned,304930
May-16,16189.73,-760.76,-0.0449,32941,Unturned,304930
Apr-16,16950.49,-2526.41,-0.1297,34174,Unturned,304930
Mar-16,19476.9,-1517.01,-0.0723,39345,Unturned,304930
Feb-16,20993.91,2145.39,0.1138,40166,Unturned,304930
Jan-16,18848.51,1587.38,0.092,42322,Unturned,304930
Dec-15,17261.13,2364.32,0.1586999999999999,33157,Unturned,304930
Nov-15,14896.81,-3599.84,-0.1946,29720,Unturned,304930
Oct-15,18496.65,1665.35,0.0989,36178,Unturned,304930
Sep-15,16831.3,-3141.6,-0.1573,35834,Unturned,304930
Aug-15,19972.91,2653.38,0.1532,31354,Unturned,304930
Jul-15,17319.53,5156.39,0.4239,27275,Unturned,304930
Jun-15,12163.14,1913.34,0.1867,19518,Unturned,304930
May-15,10249.8,-38.56,-0.0037,19261,Unturned,304930
Apr-15,10288.36,1897.25,0.2261,19519,Unturned,304930
Mar-15,8391.11,-1018.64,-0.1083,18889,Unturned,304930
Feb-15,9409.75,964.57,0.1142,17570,Unturned,304930
Jan-15,8445.18,5.78,0.0007,18529,Unturned,304930
Dec-14,8439.39,736.14,0.0956,16702,Unturned,304930
Nov-14,7703.26,-1207.74,-0.1355,16744,Unturned,304930
Oct-14,8911.0,-4031.77,-0.3115,20208,Unturned,304930
Sep-14,12942.77,-16417.64,-0.5592,28228,Unturned,304930
Aug-14,29360.41,-1433.81,-0.0466,53547,Unturned,304930
Jul-14,30794.22,30789.89,7110.243299999999,62450,Unturned,304930
Jun-14,4.33,-,0.0,20,Unturned,304930
Sep-25,8458.15,-1684.43,-0.1661,14035,The Elder Scrolls® Online,306130
Aug-25,10142.58,-94.33,-0.0092,17890,The Elder Scrolls® Online,306130
Jul-25,10236.91,-2920.8,-0.222,17083,The Elder Scrolls® Online,306130
Jun-25,13157.71,-45.45,-0.0034,26467,The Elder Scrolls® Online,306130
May-25,13203.16,740.04,0.0594,22800,The Elder Scrolls® Online,306130
Apr-25,12463.12,1540.22,0.141,20750,The Elder Scrolls® Online,306130
Mar-25,10922.9,-313.57,-0.0279,19385,The Elder Scrolls® Online,306130
Feb-25,11236.47,138.33,0.0125,20198,The Elder Scrolls® Online,306130
Jan-25,11098.14,796.76,0.0773,19833,The Elder Scrolls® Online,306130
Dec-24,10301.38,341.14,0.0343,16249,The Elder Scrolls® Online,306130
Nov-24,9960.24,-448.78,-0.0431,16563,The Elder Scrolls® Online,306130
Oct-24,10409.02,-241.47,-0.0227,17910,The Elder Scrolls® Online,306130
Sep-24,10650.49,-248.02,-0.0227999999999999,17131,The Elder Scrolls® Online,306130
Aug-24,10898.51,-676.43,-0.0584,18084,The Elder Scrolls® Online,306130
Jul-24,11574.94,-2843.18,-0.1972,19349,The Elder Scrolls® Online,306130
Jun-24,14418.12,622.31,0.0451,27405,The Elder Scrolls® Online,306130
May-24,13795.81,-3082.84,-0.1826,23327,The Elder Scrolls® Online,306130
Apr-24,16878.65,3246.18,0.2380999999999999,29898,The Elder Scrolls® Online,306130
Mar-24,13632.47,993.1,0.0786,22943,The Elder Scrolls® Online,306130
Feb-24,12639.38,-1484.3,-0.1051,20415,The Elder Scrolls® Online,306130
Jan-24,14123.67,1860.59,0.1517,24736,The Elder Scrolls® Online,306130
Dec-23,12263.08,110.44,0.0091,19168,The Elder Scrolls® Online,306130
Nov-23,12152.64,394.54,0.0336,19637,The Elder Scrolls® Online,306130
Oct-23,11758.1,721.06,0.0653,22250,The Elder Scrolls® Online,306130
Sep-23,11037.04,-3265.77,-0.2282999999999999,17600,The Elder Scrolls® Online,306130
Aug-23,14302.81,-1174.49,-0.0759,22563,The Elder Scrolls® Online,306130
Jul-23,15477.29,149.76,0.0098,24231,The Elder Scrolls® Online,306130
Jun-23,15327.54,606.32,0.0412,31129,The Elder Scrolls® Online,306130
May-23,14721.21,-3461.71,-0.1903999999999999,22772,The Elder Scrolls® Online,306130
Apr-23,18182.92,3239.17,0.2168,29876,The Elder Scrolls® Online,306130
Mar-23,14943.75,-1387.92,-0.085,23269,The Elder Scrolls® Online,306130
Feb-23,16331.67,-22.1,-0.0014,27763,The Elder Scrolls® Online,306130
Jan-23,16353.77,2316.05,0.165,29480,The Elder Scrolls® Online,306130
Dec-22,14037.72,737.59,0.0555,20644,The Elder Scrolls® Online,306130
Nov-22,13300.14,-287.53,-0.0212,21737,The Elder Scrolls® Online,306130
Oct-22,13587.67,506.5,0.0387,22010,The Elder Scrolls® Online,306130
Sep-22,13081.17,-726.74,-0.0526,22490,The Elder Scrolls® Online,306130
Aug-22,13807.91,-2354.08,-0.1457,24309,The Elder Scrolls® Online,306130
Jul-22,16161.99,-104.6,-0.0064,27980,The Elder Scrolls® Online,306130
Jun-22,16266.59,2517.22,0.1830999999999999,26754,The Elder Scrolls® Online,306130
May-22,13749.38,-1613.35,-0.105,24474,The Elder Scrolls® Online,306130
Apr-22,15362.73,2708.77,0.2141,26810,The Elder Scrolls® Online,306130
Mar-22,12653.96,-5231.68,-0.2925,20947,The Elder Scrolls® Online,306130
Feb-22,17885.64,-1793.69,-0.0911,32209,The Elder Scrolls® Online,306130
Jan-22,19679.33,2675.49,0.1573,34533,The Elder Scrolls® Online,306130
Dec-21,17003.84,1223.29,0.0775,26464,The Elder Scrolls® Online,306130
Nov-21,15780.55,-1352.47,-0.0789,29494,The Elder Scrolls® Online,306130
Oct-21,17133.01,354.52,0.0210999999999999,28273,The Elder Scrolls® Online,306130
Sep-21,16778.49,-2539.25,-0.1314,29507,The Elder Scrolls® Online,306130
Aug-21,19317.74,558.13,0.0298,35630,The Elder Scrolls® Online,306130
Jul-21,18759.61,-2523.19,-0.1186,31391,The Elder Scrolls® Online,306130
Jun-21,21282.8,2303.76,0.1214,39789,The Elder Scrolls® Online,306130
May-21,18979.04,-4398.57,-0.1882,31115,The Elder Scrolls® Online,306130
Apr-21,23377.61,3187.48,0.1578999999999999,43272,The Elder Scrolls® Online,306130
Mar-21,20190.13,277.85,0.0139999999999999,36373,The Elder Scrolls® Online,306130
Feb-21,19912.28,762.06,0.0398,31886,The Elder Scrolls® Online,306130
Jan-21,19150.22,1345.58,0.0756,33069,The Elder Scrolls® Online,306130
Dec-20,17804.64,848.52,0.05,29617,The Elder Scrolls® Online,306130
Nov-20,16956.13,-2146.56,-0.1124,33807,The Elder Scrolls® Online,306130
Oct-20,19102.69,239.09,0.0127,32601,The Elder Scrolls® Online,306130
Sep-20,18863.6,-4505.8,-0.1928,31588,The Elder Scrolls® Online,306130
Aug-20,23369.4,1362.8,0.0619,38240,The Elder Scrolls® Online,306130
Jul-20,22006.6,-996.88,-0.0433,34962,The Elder Scrolls® Online,306130
Jun-20,23003.48,-391.94,-0.0168,39494,The Elder Scrolls® Online,306130
May-20,23395.42,-5072.23,-0.1782,42677,The Elder Scrolls® Online,306130
Apr-20,28467.65,13711.74,0.9292,49061,The Elder Scrolls® Online,306130
Mar-20,14755.91,-982.79,-0.0624,25432,The Elder Scrolls® Online,306130
Feb-20,15738.7,321.76,0.0209,30989,The Elder Scrolls® Online,306130
Jan-20,15416.94,2944.73,0.2361,28238,The Elder Scrolls® Online,306130
Dec-19,12472.22,940.43,0.0816,23749,The Elder Scrolls® Online,306130
Nov-19,11531.79,370.82,0.0332,21527,The Elder Scrolls® Online,306130
Oct-19,11160.97,-833.93,-0.0695,19394,The Elder Scrolls® Online,306130
Sep-19,11994.9,-1329.08,-0.0998,23437,The Elder Scrolls® Online,306130
Aug-19,13323.98,-1282.21,-0.0877999999999999,23212,The Elder Scrolls® Online,306130
Jul-19,14606.19,-2962.89,-0.1686,24568,The Elder Scrolls® Online,306130
Jun-19,17569.08,-236.88,-0.0133,29029,The Elder Scrolls® Online,306130
May-19,17805.96,1667.85,0.1033,32498,The Elder Scrolls® Online,306130
Apr-19,16138.11,2521.62,0.1852,28980,The Elder Scrolls® Online,306130
Mar-19,13616.49,186.91,0.0139,31851,The Elder Scrolls® Online,306130
Feb-19,13429.59,1021.19,0.0823,24158,The Elder Scrolls® Online,306130
Jan-19,12408.4,387.87,0.0323,21996,The Elder Scrolls® Online,306130
Dec-18,12020.54,1123.45,0.1031,19823,The Elder Scrolls® Online,306130
Nov-18,10897.08,-2017.42,-0.1562,18228,The Elder Scrolls® Online,306130
Oct-18,12914.51,491.87,0.0395999999999999,21298,The Elder Scrolls® Online,306130
Sep-18,12422.64,-2155.13,-0.1478,22288,The Elder Scrolls® Online,306130
Aug-18,14577.76,999.52,0.0736,29547,The Elder Scrolls® Online,306130
Jul-18,13578.24,-1869.15,-0.121,23384,The Elder Scrolls® Online,306130
Jun-18,15447.39,4874.09,0.461,28296,The Elder Scrolls® Online,306130
May-18,10573.3,-835.01,-0.0732,21380,The Elder Scrolls® Online,306130
Apr-18,11408.31,1427.97,0.1431,19117,The Elder Scrolls® Online,306130
Mar-18,9980.34,1014.65,0.1132,24641,The Elder Scrolls® Online,306130
Feb-18,8965.69,-1305.7,-0.1271,15284,The Elder Scrolls® Online,306130
Jan-18,10271.4,-1376.86,-0.1182,17705,The Elder Scrolls® Online,306130
Dec-17,11648.26,3819.09,0.4878,25928,The Elder Scrolls® Online,306130
Nov-17,7829.17,48.69,0.0063,14783,The Elder Scrolls® Online,306130
Oct-17,7780.48,-390.82,-0.0478,13825,The Elder Scrolls® Online,306130
Sep-17,8171.3,73.81,0.0091,15470,The Elder Scrolls® Online,306130
Aug-17,8097.48,-281.26,-0.0336,18457,The Elder Scrolls® Online,306130
Jul-17,8378.74,-1535.89,-0.1549,14351,The Elder Scrolls® Online,306130
Jun-17,9914.64,680.63,0.0737,16788,The Elder Scrolls® Online,306130
May-17,9234.0,-2032.25,-0.1804,16676,The Elder Scrolls® Online,306130
Apr-17,11266.26,3836.67,0.5164,29979,The Elder Scrolls® Online,306130
Mar-17,7429.58,-2149.5,-0.2244,13220,The Elder Scrolls® Online,306130
Feb-17,9579.08,1895.06,0.2466,17655,The Elder Scrolls® Online,306130
Jan-17,7684.02,-1980.37,-0.2048999999999999,13704,The Elder Scrolls® Online,306130
Dec-16,9664.39,626.94,0.0694,20167,The Elder Scrolls® Online,306130
Nov-16,9037.45,5807.39,1.7978999999999998,29305,The Elder Scrolls® Online,306130
Oct-16,3230.06,918.11,0.3971,6653,The Elder Scrolls® Online,306130
Sep-16,2311.95,-681.46,-0.2276999999999999,3950,The Elder Scrolls® Online,306130
Aug-16,2993.41,-292.98,-0.0891,6114,The Elder Scrolls® Online,306130
Jul-16,3286.39,467.68,0.1659,7008,The Elder Scrolls® Online,306130
Jun-16,2818.71,1166.03,0.7055,5544,The Elder Scrolls® Online,306130
May-16,1652.68,-228.72,-0.1216,3240,The Elder Scrolls® Online,306130
Apr-16,1881.4,-543.52,-0.2241,3461,The Elder Scrolls® Online,306130
Mar-16,2424.92,-99.02,-0.0392,4852,The Elder Scrolls® Online,306130
Feb-16,2523.94,-1346.39,-0.3479,4524,The Elder Scrolls® Online,306130
Jan-16,3870.33,599.33,0.1832,8572,The Elder Scrolls® Online,306130
Dec-15,3271.0,1686.11,1.0639,7279,The Elder Scrolls® Online,306130
Nov-15,1584.89,-71.64,-0.0432,4487,The Elder Scrolls® Online,306130
Oct-15,1656.53,-691.75,-0.2946,2828,The Elder Scrolls® Online,306130
Sep-15,2348.28,-29.02,-0.0121999999999999,4700,The Elder Scrolls® Online,306130
Aug-15,2377.3,-329.58,-0.1217999999999999,5030,The Elder Scrolls® Online,306130
Jul-15,2706.88,557.71,0.2595,5971,The Elder Scrolls® Online,306130
Jun-15,2149.18,237.62,0.1243,3347,The Elder Scrolls® Online,306130
May-15,1911.55,-545.45,-0.222,3208,The Elder Scrolls® Online,306130
Apr-15,2457.01,334.58,0.1576,4333,The Elder Scrolls® Online,306130
Mar-15,2122.42,1214.6,1.3379,5067,The Elder Scrolls® Online,306130
Feb-15,907.82,-97.95,-0.0974,1559,The Elder Scrolls® Online,306130
Jan-15,1005.77,162.24,0.1923,2095,The Elder Scrolls® Online,306130
Dec-14,843.54,333.12,0.6526000000000001,1924,The Elder Scrolls® Online,306130
Nov-14,510.42,-120.61,-0.1911,1187,The Elder Scrolls® Online,306130
Oct-14,631.03,-80.85,-0.1135999999999999,1270,The Elder Scrolls® Online,306130
Sep-14,711.88,-535.8,-0.4294,1439,The Elder Scrolls® Online,306130
Aug-14,1247.68,-744.94,-0.3738,2290,The Elder Scrolls® Online,306130
Jul-14,1992.62,-,0.0,3107,The Elder Scrolls® Online,306130
Sep-25,3373.76,-923.73,-0.2148999999999999,6684,Call of Duty®: Black Ops III,311210
Aug-25,4297.49,319.09,0.0802,7424,Call of Duty®: Black Ops III,311210
Jul-25,3978.4,303.75,0.0827,7182,Call of Duty®: Black Ops III,311210
Jun-25,3674.65,652.31,0.2158,7037,Call of Duty®: Black Ops III,311210
May-25,3022.35,-1.47,-0.0005,6196,Call of Duty®: Black Ops III,311210
Apr-25,3023.82,-371.37,-0.1094,6401,Call of Duty®: Black Ops III,311210
Mar-25,3395.2,136.52,0.0419,6807,Call of Duty®: Black Ops III,311210
Feb-25,3258.68,233.81,0.0773,6894,Call of Duty®: Black Ops III,311210
Jan-25,3024.87,93.12,0.0318,6522,Call of Duty®: Black Ops III,311210
Dec-24,2931.74,-107.39,-0.0353,6658,Call of Duty®: Black Ops III,311210
Nov-24,3039.13,-1002.1,-0.248,5631,Call of Duty®: Black Ops III,311210
Oct-24,4041.23,-1761.71,-0.3036,7851,Call of Duty®: Black Ops III,311210
Sep-24,5802.94,-527.02,-0.0833,11319,Call of Duty®: Black Ops III,311210
Aug-24,6329.97,466.89,0.0796,13704,Call of Duty®: Black Ops III,311210
Jul-24,5863.08,-917.27,-0.1353,11315,Call of Duty®: Black Ops III,311210
Jun-24,6780.35,1344.74,0.2473999999999999,13027,Call of Duty®: Black Ops III,311210
May-24,5435.61,545.97,0.1117,11260,Call of Duty®: Black Ops III,311210
Apr-24,4889.64,110.36,0.0231,12533,Call of Duty®: Black Ops III,311210
Mar-24,4779.28,609.26,0.1461,9707,Call of Duty®: Black Ops III,311210
Feb-24,4170.02,276.54,0.071,8763,Call of Duty®: Black Ops III,311210
Jan-24,3893.48,463.82,0.1352,7714,Call of Duty®: Black Ops III,311210
Dec-23,3429.65,-380.45,-0.0999,7387,Call of Duty®: Black Ops III,311210
Nov-23,3810.1,-605.19,-0.1371,8072,Call of Duty®: Black Ops III,311210
Oct-23,4415.29,-921.59,-0.1727,9018,Call of Duty®: Black Ops III,311210
Sep-23,5336.88,-693.34,-0.115,11218,Call of Duty®: Black Ops III,311210
Aug-23,6030.22,-1069.35,-0.1506,11864,Call of Duty®: Black Ops III,311210
Jul-23,7099.58,1107.12,0.1848,12159,Call of Duty®: Black Ops III,311210
Jun-23,5992.45,-981.33,-0.1407,12178,Call of Duty®: Black Ops III,311210
May-23,6973.78,778.58,0.1257,14112,Call of Duty®: Black Ops III,311210
Apr-23,6195.21,20.26,0.0033,13783,Call of Duty®: Black Ops III,311210
Mar-23,6174.95,454.93,0.0795,15602,Call of Duty®: Black Ops III,311210
Feb-23,5720.02,422.75,0.0798,12875,Call of Duty®: Black Ops III,311210
Jan-23,5297.27,1270.35,0.3155,10861,Call of Duty®: Black Ops III,311210
Dec-22,4026.92,1176.99,0.413,8864,Call of Duty®: Black Ops III,311210
Nov-22,2849.93,4.09,0.0014,8272,Call of Duty®: Black Ops III,311210
Oct-22,2845.84,-1886.62,-0.3987,6017,Call of Duty®: Black Ops III,311210
Sep-22,4732.46,113.59,0.0246,12099,Call of Duty®: Black Ops III,311210
Aug-22,4618.87,-2407.54,-0.3425999999999999,11007,Call of Duty®: Black Ops III,311210
Jul-22,7026.4,2440.63,0.5322,12386,Call of Duty®: Black Ops III,311210
Jun-22,4585.77,241.07,0.0555,11537,Call of Duty®: Black Ops III,311210
May-22,4344.7,-2090.37,-0.3248,9068,Call of Duty®: Black Ops III,311210
Apr-22,6435.07,3764.26,1.4094,14668,Call of Duty®: Black Ops III,311210
Mar-22,2670.81,-1015.23,-0.2754,4984,Call of Duty®: Black Ops III,311210
Feb-22,3686.04,-1397.92,-0.275,8281,Call of Duty®: Black Ops III,311210
Jan-22,5083.96,1444.74,0.397,12012,Call of Duty®: Black Ops III,311210
Dec-21,3639.21,1261.29,0.5304,12114,Call of Duty®: Black Ops III,311210
Nov-21,2377.93,66.04,0.0286,5611,Call of Duty®: Black Ops III,311210
Oct-21,2311.89,-290.1,-0.1115,4731,Call of Duty®: Black Ops III,311210
Sep-21,2601.98,-893.56,-0.2556,6045,Call of Duty®: Black Ops III,311210
Aug-21,3495.54,1497.09,0.7491,7730,Call of Duty®: Black Ops III,311210
Jul-21,1998.45,-55.77,-0.0271,3870,Call of Duty®: Black Ops III,311210
Jun-21,2054.22,-928.18,-0.3112,3519,Call of Duty®: Black Ops III,311210
May-21,2982.4,1159.55,0.6361,6398,Call of Duty®: Black Ops III,311210
Apr-21,1822.85,64.84,0.0369,3212,Call of Duty®: Black Ops III,311210
Mar-21,1758.0,-411.5,-0.1896999999999999,3085,Call of Duty®: Black Ops III,311210
Feb-21,2169.51,166.89,0.0833,4882,Call of Duty®: Black Ops III,311210
Jan-21,2002.62,-30.44,-0.015,3695,Call of Duty®: Black Ops III,311210
Dec-20,2033.06,-941.62,-0.3165,3824,Call of Duty®: Black Ops III,311210
Nov-20,2974.68,-440.41,-0.129,6583,Call of Duty®: Black Ops III,311210
Oct-20,3415.09,591.99,0.2097,6288,Call of Duty®: Black Ops III,311210
Sep-20,2823.1,66.53,0.0241,5033,Call of Duty®: Black Ops III,311210
Aug-20,2756.57,-518.97,-0.1583999999999999,4554,Call of Duty®: Black Ops III,311210
Jul-20,3275.54,-348.45,-0.0962,5394,Call of Duty®: Black Ops III,311210
Jun-20,3623.99,-1174.33,-0.2447,6321,Call of Duty®: Black Ops III,311210
May-20,4798.33,1586.32,0.4939,8870,Call of Duty®: Black Ops III,311210
Apr-20,3212.01,858.6,0.3647999999999999,5445,Call of Duty®: Black Ops III,311210
Mar-20,2353.41,468.04,0.2482,4763,Call of Duty®: Black Ops III,311210
Feb-20,1885.37,-24,-0.0126,3842,Call of Duty®: Black Ops III,311210
Jan-20,1909.37,187.16,0.1086999999999999,3885,Call of Duty®: Black Ops III,311210
Dec-19,1722.21,149.25,0.0949,3985,Call of Duty®: Black Ops III,311210
Nov-19,1572.95,2.18,0.0014,3384,Call of Duty®: Black Ops III,311210
Oct-19,1570.77,198.79,0.1449,3225,Call of Duty®: Black Ops III,311210
Sep-19,1371.98,-374.81,-0.2146,2829,Call of Duty®: Black Ops III,311210
Aug-19,1746.79,-408.78,-0.1896,3086,Call of Duty®: Black Ops III,311210
Jul-19,2155.57,304.99,0.1648,3579,Call of Duty®: Black Ops III,311210
Jun-19,1850.58,336.54,0.2223,3529,Call of Duty®: Black Ops III,311210
May-19,1514.04,53.83,0.0369,3034,Call of Duty®: Black Ops III,311210
Apr-19,1460.21,265.82,0.2226,3020,Call of Duty®: Black Ops III,311210
Mar-19,1194.39,142.42,0.1354,2443,Call of Duty®: Black Ops III,311210
Feb-19,1051.97,-133.98,-0.113,2125,Call of Duty®: Black Ops III,311210
Jan-19,1185.95,10.77,0.0092,2333,Call of Duty®: Black Ops III,311210
Dec-18,1175.17,-275.61,-0.19,2404,Call of Duty®: Black Ops III,311210
Nov-18,1450.78,-406.45,-0.2188,3389,Call of Duty®: Black Ops III,311210
Oct-18,1857.24,-15.18,-0.0081,3804,Call of Duty®: Black Ops III,311210
Sep-18,1872.42,-297.12,-0.1369999999999999,4129,Call of Duty®: Black Ops III,311210
Aug-18,2169.54,-23.65,-0.0108,3908,Call of Duty®: Black Ops III,311210
Jul-18,2193.19,70.95,0.0334,3840,Call of Duty®: Black Ops III,311210
Jun-18,2122.25,114.83,0.0572,3975,Call of Duty®: Black Ops III,311210
May-18,2007.42,339.78,0.2037999999999999,5223,Call of Duty®: Black Ops III,311210
Apr-18,1667.63,-331.17,-0.1657,3396,Call of Duty®: Black Ops III,311210
Mar-18,1998.8,40.74,0.0208,4475,Call of Duty®: Black Ops III,311210
Feb-18,1958.06,-299.48,-0.1326999999999999,3950,Call of Duty®: Black Ops III,311210
Jan-18,2257.54,79.82,0.0366999999999999,4631,Call of Duty®: Black Ops III,311210
Dec-17,2177.72,138.26,0.0678,5979,Call of Duty®: Black Ops III,311210
Nov-17,2039.45,-726.61,-0.2627,4396,Call of Duty®: Black Ops III,311210
Oct-17,2766.07,-260.81,-0.0862,6060,Call of Duty®: Black Ops III,311210
Sep-17,3026.88,-761.48,-0.201,6514,Call of Duty®: Black Ops III,311210
Aug-17,3788.35,-1054.06,-0.2177,6773,Call of Duty®: Black Ops III,311210
Jul-17,4842.42,-821.02,-0.145,9322,Call of Duty®: Black Ops III,311210
Jun-17,5663.43,949.27,0.2014,13011,Call of Duty®: Black Ops III,311210
May-17,4714.16,1280.47,0.3729,11135,Call of Duty®: Black Ops III,311210
Apr-17,3433.69,166.47,0.051,7209,Call of Duty®: Black Ops III,311210
Mar-17,3267.22,-323.33,-0.0901,7851,Call of Duty®: Black Ops III,311210
Feb-17,3590.55,-410.28,-0.1025,7633,Call of Duty®: Black Ops III,311210
Jan-17,4000.83,414.05,0.1153999999999999,8419,Call of Duty®: Black Ops III,311210
Dec-16,3586.78,-318.63,-0.0816,7893,Call of Duty®: Black Ops III,311210
Nov-16,3905.41,-3008.32,-0.4351,8977,Call of Duty®: Black Ops III,311210
Oct-16,6913.73,680.62,0.1092,19089,Call of Duty®: Black Ops III,311210
Sep-16,6233.11,-722.59,-0.1039,14867,Call of Duty®: Black Ops III,311210
Aug-16,6955.7,412.17,0.063,14610,Call of Duty®: Black Ops III,311210
Jul-16,6543.53,-427.44,-0.0613,13494,Call of Duty®: Black Ops III,311210
Jun-16,6970.97,-1930.44,-0.2169,13817,Call of Duty®: Black Ops III,311210
May-16,8901.41,-410.52,-0.0441,22951,Call of Duty®: Black Ops III,311210
Apr-16,9311.94,-2565.29,-0.216,21544,Call of Duty®: Black Ops III,311210
Mar-16,11877.23,-1627.45,-0.1205,29517,Call of Duty®: Black Ops III,311210
Feb-16,13504.68,-787.81,-0.0550999999999999,36698,Call of Duty®: Black Ops III,311210
Jan-16,14292.49,-3074.66,-0.177,30760,Call of Duty®: Black Ops III,311210
Dec-15,17367.15,-7485.69,-0.3012,37374,Call of Duty®: Black Ops III,311210
Nov-15,24852.85,-,0.0,63681,Call of Duty®: Black Ops III,311210
Sep-25,20418.22,-4669.15,-0.1861,36234,Geometry Dash,322170
Aug-25,25087.37,-3320.43,-0.1168999999999999,38009,Geometry Dash,322170
Jul-25,28407.81,-2412.11,-0.0783,43580,Geometry Dash,322170
Jun-25,30819.92,3589.33,0.1318,50092,Geometry Dash,322170
May-25,27230.59,7508.36,0.3807,49414,Geometry Dash,322170
Apr-25,19722.23,3870.53,0.2442,38138,Geometry Dash,322170
Mar-25,15851.7,1960.19,0.1411,28520,Geometry Dash,322170
Feb-25,13891.5,-69.1,-0.0049,22912,Geometry Dash,322170
Jan-25,13960.6,59.53,0.0043,22824,Geometry Dash,322170
Dec-24,13901.08,242.4,0.0177,21815,Geometry Dash,322170
Nov-24,13658.68,-277.51,-0.0199,23434,Geometry Dash,322170
Oct-24,13936.19,403.9,0.0298,23901,Geometry Dash,322170
Sep-24,13532.29,-308.68,-0.0223,23498,Geometry Dash,322170
Aug-24,13840.97,-250.57,-0.0178,20983,Geometry Dash,322170
Jul-24,14091.54,390.15,0.0285,19806,Geometry Dash,322170
Jun-24,13701.39,-179.53,-0.0129,21890,Geometry Dash,322170
May-24,13880.91,-721.39,-0.0494,24014,Geometry Dash,322170
Apr-24,14602.3,-2590.21,-0.1507,24896,Geometry Dash,322170
Mar-24,17192.51,-3933.74,-0.1862,31109,Geometry Dash,322170
Feb-24,21126.25,-6889.49,-0.2459,37425,Geometry Dash,322170
Jan-24,28015.74,5188.81,0.2273,47127,Geometry Dash,322170
Dec-23,22826.93,8805.88,0.628,86123,Geometry Dash,322170
Nov-23,14021.05,-3214.79,-0.1865,26104,Geometry Dash,322170
Oct-23,17235.84,552.73,0.0331,31763,Geometry Dash,322170
Sep-23,16683.11,2576.01,0.1826,30741,Geometry Dash,322170
Aug-23,14107.1,2934.52,0.2627,24137,Geometry Dash,322170
Jul-23,11172.58,499.34,0.0467999999999999,16111,Geometry Dash,322170
Jun-23,10673.24,2075.68,0.2414,16091,Geometry Dash,322170
May-23,8597.56,1546.5,0.2193,15364,Geometry Dash,322170
Apr-23,7051.06,399.95,0.0601,12931,Geometry Dash,322170
Mar-23,6651.11,-280.88,-0.0405,11613,Geometry Dash,322170
Feb-23,6931.99,-751.02,-0.0978,12844,Geometry Dash,322170
Jan-23,7683.02,-779.83,-0.0921,13558,Geometry Dash,322170
Dec-22,8462.84,-121.32,-0.0141,14491,Geometry Dash,322170
Nov-22,8584.17,-319.76,-0.0359,15383,Geometry Dash,322170
Oct-22,8903.92,122.15,0.0139,16384,Geometry Dash,322170
Sep-22,8781.77,774.94,0.0968,16139,Geometry Dash,322170
Aug-22,8006.83,428.64,0.0566,13209,Geometry Dash,322170
Jul-22,7578.19,-214.28,-0.0275,10964,Geometry Dash,322170
Jun-22,7792.48,67.02,0.0087,12409,Geometry Dash,322170
May-22,7725.46,362.25,0.0492,13655,Geometry Dash,322170
Apr-22,7363.21,539.64,0.0791,12786,Geometry Dash,322170
Mar-22,6823.57,-541.47,-0.0735,12046,Geometry Dash,322170
Feb-22,7365.05,-196.15,-0.0259,12412,Geometry Dash,322170
Jan-22,7561.2,214.82,0.0292,12569,Geometry Dash,322170
Dec-21,7346.38,-207.34,-0.0274,11776,Geometry Dash,322170
Nov-21,7553.73,-554.55,-0.0684,12961,Geometry Dash,322170
Oct-21,8108.28,-135.84,-0.0165,15038,Geometry Dash,322170
Sep-21,8244.11,-286.93,-0.0336,14100,Geometry Dash,322170
Aug-21,8531.04,28.11,0.0033,13541,Geometry Dash,322170
Jul-21,8502.93,267.56,0.0325,13162,Geometry Dash,322170
Jun-21,8235.37,1078.23,0.1507,13381,Geometry Dash,322170
May-21,7157.14,1110,0.1835999999999999,12132,Geometry Dash,322170
Apr-21,6047.14,112.22,0.0189,9735,Geometry Dash,322170
Mar-21,5934.92,-267.61,-0.0431,9014,Geometry Dash,322170
Feb-21,6202.53,-62.11,-0.0098999999999999,9554,Geometry Dash,322170
Jan-21,6264.65,351.31,0.0594,9322,Geometry Dash,322170
Dec-20,5913.34,118.22,0.0204,9136,Geometry Dash,322170
Nov-20,5795.12,306.85,0.0559,8907,Geometry Dash,322170
Oct-20,5488.27,384.28,0.0753,8889,Geometry Dash,322170
Sep-20,5103.99,39.57,0.0078,8284,Geometry Dash,322170
Aug-20,5064.41,238.5,0.0494,7298,Geometry Dash,322170
Jul-20,4825.92,132.17,0.0282,6736,Geometry Dash,322170
Jun-20,4693.75,-150.47,-0.0311,6620,Geometry Dash,322170
May-20,4844.22,-453.26,-0.0856,6884,Geometry Dash,322170
Apr-20,5297.48,313.57,0.0629,7460,Geometry Dash,322170
Mar-20,4983.91,831.11,0.2001,8128,Geometry Dash,322170
Feb-20,4152.8,-1.83,-0.0004,7066,Geometry Dash,322170
Jan-20,4154.63,241.46,0.0617,7167,Geometry Dash,322170
Dec-19,3913.17,814.38,0.2628,6784,Geometry Dash,322170
Nov-19,3098.79,403.65,0.1498,5625,Geometry Dash,322170
Oct-19,2695.13,105.86,0.0409,4818,Geometry Dash,322170
Sep-19,2589.28,-133.9,-0.0492,4657,Geometry Dash,322170
Aug-19,2723.18,5.21,0.0019,4213,Geometry Dash,322170
Jul-19,2717.97,-170.34,-0.059,3840,Geometry Dash,322170
Jun-19,2888.31,-54.86,-0.0186,4598,Geometry Dash,322170
May-19,2943.17,-83.49,-0.0276,5089,Geometry Dash,322170
Apr-19,3026.66,84.37,0.0287,5587,Geometry Dash,322170
Mar-19,2942.29,221.96,0.0816,5347,Geometry Dash,322170
Feb-19,2720.33,112.12,0.043,4802,Geometry Dash,322170
Jan-19,2608.21,293.74,0.1268999999999999,4708,Geometry Dash,322170
Dec-18,2314.47,193.84,0.0914,4028,Geometry Dash,322170
Nov-18,2120.64,80.28,0.0393,3936,Geometry Dash,322170
Oct-18,2040.36,-106.42,-0.0496,3782,Geometry Dash,322170
Sep-18,2146.78,-86.1,-0.0385999999999999,3838,Geometry Dash,322170
Aug-18,2232.88,-101.21,-0.0434,3368,Geometry Dash,322170
Jul-18,2334.08,-341.54,-0.1276,3409,Geometry Dash,322170
Jun-18,2675.62,-55.42,-0.0203,4239,Geometry Dash,322170
May-18,2731.04,-467.81,-0.1462,4883,Geometry Dash,322170
Apr-18,3198.85,-518.12,-0.1394,5686,Geometry Dash,322170
Mar-18,3716.97,-91.25,-0.024,6640,Geometry Dash,322170
Feb-18,3808.23,46.69,0.0124,6578,Geometry Dash,322170
Jan-18,3761.54,185.89,0.052,6631,Geometry Dash,322170
Dec-17,3575.65,296.4,0.0904,6209,Geometry Dash,322170
Nov-17,3279.25,687.46,0.2652,6818,Geometry Dash,322170
Oct-17,2591.78,-19.95,-0.0076,4790,Geometry Dash,322170
Sep-17,2611.74,-299.8,-0.103,4827,Geometry Dash,322170
Aug-17,2911.53,-155.45,-0.0507,4430,Geometry Dash,322170
Jul-17,3066.99,-286.11,-0.0852999999999999,4777,Geometry Dash,322170
Jun-17,3353.1,206.21,0.0655,5479,Geometry Dash,322170
May-17,3146.89,-428.1,-0.1197,6102,Geometry Dash,322170
Apr-17,3574.99,-202.49,-0.0536,6690,Geometry Dash,322170
Mar-17,3777.49,-714.48,-0.1591,7397,Geometry Dash,322170
Feb-17,4491.97,580.1,0.1483,8787,Geometry Dash,322170
Jan-17,3911.87,1607.78,0.6978,9614,Geometry Dash,322170
Dec-16,2304.09,311.94,0.1566,4234,Geometry Dash,322170
Nov-16,1992.15,97.01,0.0512,3919,Geometry Dash,322170
Oct-16,1895.14,45.24,0.0245,3775,Geometry Dash,322170
Sep-16,1849.9,-95.82,-0.0492,3685,Geometry Dash,322170
Aug-16,1945.72,-42.08,-0.0212,3407,Geometry Dash,322170
Jul-16,1987.8,-36.66,-0.0181,3158,Geometry Dash,322170
Jun-16,2024.46,164.07,0.0882,3326,Geometry Dash,322170
May-16,1860.38,101.29,0.0576,3567,Geometry Dash,322170
Apr-16,1759.09,-24.89,-0.0139999999999999,3500,Geometry Dash,322170
Mar-16,1783.99,-34.37,-0.0189,3551,Geometry Dash,322170
Feb-16,1818.35,44.48,0.0250999999999999,3554,Geometry Dash,322170
Jan-16,1773.88,151.37,0.0933,3321,Geometry Dash,322170
Dec-15,1622.51,169.96,0.1169999999999999,3200,Geometry Dash,322170
Nov-15,1452.55,-21.34,-0.0144999999999999,2804,Geometry Dash,322170
Oct-15,1473.89,-12.08,-0.0081,2874,Geometry Dash,322170
Sep-15,1485.97,254.3,0.2065,3050,Geometry Dash,322170
Aug-15,1231.67,307.29,0.3324,3991,Geometry Dash,322170
Jul-15,924.38,10.96,0.012,1416,Geometry Dash,322170
Jun-15,913.42,183.01,0.2506,1556,Geometry Dash,322170
May-15,730.41,151.63,0.262,1410,Geometry Dash,322170
Apr-15,578.78,96.17,0.1993,1208,Geometry Dash,322170
Mar-15,482.61,65.37,0.1567,945,Geometry Dash,322170
Feb-15,417.25,91.65,0.2815,842,Geometry Dash,322170
Jan-15,325.6,115.01,0.5461,704,Geometry Dash,322170
Dec-14,210.59,-,0.0,388,Geometry Dash,322170
Sep-25,25288.27,-2366.3,-0.0856,66747,Don't Starve Together,322330
Aug-25,27654.58,-520.14,-0.0185,56942,Don't Starve Together,322330
Jul-25,28174.71,-1146.59,-0.0391,58839,Don't Starve Together,322330
Jun-25,29321.31,4390.47,0.1761,69999,Don't Starve Together,322330
May-25,24930.84,-2606.57,-0.0947,55319,Don't Starve Together,322330
Apr-25,27537.41,-4180.54,-0.1318,70451,Don't Starve Together,322330
Mar-25,31717.94,4681.01,0.1730999999999999,76261,Don't Starve Together,322330
Feb-25,27036.93,-4034.41,-0.1298,66030,Don't Starve Together,322330
Jan-25,31071.35,-479,-0.0152,65033,Don't Starve Together,322330
Dec-24,31550.35,309.24,0.0098999999999999,70141,Don't Starve Together,322330
Nov-24,31241.11,6713.54,0.2737,73568,Don't Starve Together,322330
Oct-24,24527.57,737.75,0.031,70553,Don't Starve Together,322330
Sep-24,23789.81,-2586.82,-0.0981,57080,Don't Starve Together,322330
Aug-24,26376.64,-3801.99,-0.126,50227,Don't Starve Together,322330
Jul-24,30178.62,2926.86,0.1074,61886,Don't Starve Together,322330
Jun-24,27251.76,2087.75,0.083,67623,Don't Starve Together,322330
May-24,25164.01,2629.21,0.1167,55378,Don't Starve Together,322330
Apr-24,22534.79,-2657.92,-0.1055,49860,Don't Starve Together,322330
Mar-24,25192.72,1003.46,0.0415,59862,Don't Starve Together,322330
Feb-24,24189.26,-7103.84,-0.2269999999999999,52084,Don't Starve Together,322330
Jan-24,31293.1,1096,0.0363,69583,Don't Starve Together,322330
Dec-23,30197.11,2780.26,0.1014,71186,Don't Starve Together,322330
Nov-23,27416.85,468.19,0.0174,68194,Don't Starve Together,322330
Oct-23,26948.66,2185.36,0.0883,75799,Don't Starve Together,322330
Sep-23,24763.29,-3185.2,-0.114,54755,Don't Starve Together,322330
Aug-23,27948.49,-719.17,-0.0250999999999999,58368,Don't Starve Together,322330
Jul-23,28667.66,-627.08,-0.0214,56705,Don't Starve Together,322330
Jun-23,29294.74,-7629.12,-0.2066,65663,Don't Starve Together,322330
May-23,36923.86,15173.24,0.6976,114109,Don't Starve Together,322330
Apr-23,21750.62,3264.53,0.1766,106166,Don't Starve Together,322330
Mar-23,18486.09,360.81,0.0199,49565,Don't Starve Together,322330
Feb-23,18125.29,-5036.77,-0.2175,41482,Don't Starve Together,322330
Jan-23,23162.05,1352.94,0.062,48661,Don't Starve Together,322330
Dec-22,21809.12,1657.05,0.0822,59827,Don't Starve Together,322330
Nov-22,20152.07,2254.61,0.126,52712,Don't Starve Together,322330
Oct-22,17897.45,2974.59,0.1993,52815,Don't Starve Together,322330
Sep-22,14922.86,-4769.52,-0.2422,34123,Don't Starve Together,322330
Aug-22,19692.38,-534.53,-0.0264,42771,Don't Starve Together,322330
Jul-22,20226.91,1473.09,0.0785,41440,Don't Starve Together,322330
Jun-22,18753.82,1086.12,0.0615,42280,Don't Starve Together,322330
May-22,17667.7,-45.1,-0.0025,37868,Don't Starve Together,322330
Apr-22,17712.79,1070.54,0.0643,39965,Don't Starve Together,322330
Mar-22,16642.26,-3197.83,-0.1612,40317,Don't Starve Together,322330
Feb-22,19840.09,-3016.25,-0.132,43406,Don't Starve Together,322330
Jan-22,22856.33,274.86,0.0121999999999999,46209,Don't Starve Together,322330
Dec-21,22581.47,1760.1,0.0844999999999999,49433,Don't Starve Together,322330
Nov-21,20821.37,6072.42,0.4117,60155,Don't Starve Together,322330
Oct-21,14748.95,-280.56,-0.0187,39838,Don't Starve Together,322330
Sep-21,15029.51,-2837.58,-0.1588,33365,Don't Starve Together,322330
Aug-21,17867.09,-83.87,-0.0046999999999999,35976,Don't Starve Together,322330
Jul-21,17950.97,-680.92,-0.0365,38799,Don't Starve Together,322330
Jun-21,18631.89,711.34,0.0397,43457,Don't Starve Together,322330
May-21,17920.55,5152.28,0.4035,45968,Don't Starve Together,322330
Apr-21,12768.27,-507.96,-0.0383,26615,Don't Starve Together,322330
Mar-21,13276.22,-6206.57,-0.3186,27733,Don't Starve Together,322330
Feb-21,19482.79,-1324.11,-0.0636,40203,Don't Starve Together,322330
Jan-21,20806.9,1271.98,0.0650999999999999,42565,Don't Starve Together,322330
Dec-20,19534.92,3698.2,0.2335,40791,Don't Starve Together,322330
Nov-20,15836.72,1712.35,0.1211999999999999,34678,Don't Starve Together,322330
Oct-20,14124.37,2786.97,0.2458,39782,Don't Starve Together,322330
Sep-20,11337.39,-2620.51,-0.1877,22870,Don't Starve Together,322330
Aug-20,13957.9,-3623.54,-0.2061,24475,Don't Starve Together,322330
Jul-20,17581.44,248.5,0.0143,31896,Don't Starve Together,322330
Jun-20,17332.93,3478.22,0.251,41440,Don't Starve Together,322330
May-20,13854.71,-3721.79,-0.2117,26867,Don't Starve Together,322330
Apr-20,17576.51,1917.44,0.1224,45509,Don't Starve Together,322330
Mar-20,15659.07,1312.63,0.0915,30474,Don't Starve Together,322330
Feb-20,14346.44,1410.27,0.109,29919,Don't Starve Together,322330
Jan-20,12936.17,726.74,0.0595,28747,Don't Starve Together,322330
Dec-19,12209.43,2332.07,0.2361,25760,Don't Starve Together,322330
Nov-19,9877.36,1835.63,0.2282999999999999,22538,Don't Starve Together,322330
Oct-19,8041.74,68.07,0.0085,18004,Don't Starve Together,322330
Sep-19,7973.67,-1698.43,-0.1755999999999999,16546,Don't Starve Together,322330
Aug-19,9672.1,452.79,0.0491,19002,Don't Starve Together,322330
Jul-19,9219.31,-2018.74,-0.1796,17301,Don't Starve Together,322330
Jun-19,11238.05,-2046.14,-0.154,24590,Don't Starve Together,322330
May-19,13284.19,5864.88,0.7905,66829,Don't Starve Together,322330
Apr-19,7419.31,513.49,0.0744,14782,Don't Starve Together,322330
Mar-19,6905.83,-138.75,-0.0197,14841,Don't Starve Together,322330
Feb-19,7044.58,-1467.39,-0.1724,14483,Don't Starve Together,322330
Jan-19,8511.97,-791.8,-0.0851,17807,Don't Starve Together,322330
Dec-18,9303.77,-2622.68,-0.2198999999999999,19502,Don't Starve Together,322330
Nov-18,11926.44,6132.76,1.0585,30287,Don't Starve Together,322330
Oct-18,5793.69,997.81,0.2080999999999999,14758,Don't Starve Together,322330
Sep-18,4795.88,-869.34,-0.1535,9558,Don't Starve Together,322330
Aug-18,5665.22,-3171.79,-0.3589,9739,Don't Starve Together,322330
Jul-18,8837.0,-1958.28,-0.1814,17748,Don't Starve Together,322330
Jun-18,10795.28,4597.94,0.7419,28136,Don't Starve Together,322330
May-18,6197.34,863.44,0.1619,20692,Don't Starve Together,322330
Apr-18,5333.9,-1197.14,-0.1833,9922,Don't Starve Together,322330
Mar-18,6531.05,-1781.38,-0.2143,13545,Don't Starve Together,322330
Feb-18,8312.42,-773.88,-0.0852,16243,Don't Starve Together,322330
Jan-18,9086.3,255.15,0.0289,19403,Don't Starve Together,322330
Dec-17,8831.15,-1195.34,-0.1192,19130,Don't Starve Together,322330
Nov-17,10026.49,3869.41,0.6284000000000001,24985,Don't Starve Together,322330
Oct-17,6157.08,559.51,0.1,14651,Don't Starve Together,322330
Sep-17,5597.56,-723.47,-0.1144999999999999,12296,Don't Starve Together,322330
Aug-17,6321.03,-1601.85,-0.2022,11082,Don't Starve Together,322330
Jul-17,7922.88,274.54,0.0359,15423,Don't Starve Together,322330
Jun-17,7648.34,1009.54,0.1521,14631,Don't Starve Together,322330
May-17,6638.8,-480.64,-0.0675,17138,Don't Starve Together,322330
Apr-17,7119.45,822.21,0.1306,14621,Don't Starve Together,322330
Mar-17,6297.23,-1171.11,-0.1568,13289,Don't Starve Together,322330
Feb-17,7468.34,-2388.84,-0.2423,14435,Don't Starve Together,322330
Jan-17,9857.18,863.7,0.096,19338,Don't Starve Together,322330
Dec-16,8993.47,461.78,0.0541,19697,Don't Starve Together,322330
Nov-16,8531.69,2860.9,0.5045000000000001,20645,Don't Starve Together,322330
Oct-16,5670.79,1196.65,0.2675,16381,Don't Starve Together,322330
Sep-16,4474.14,-371.05,-0.0766,9019,Don't Starve Together,322330
Aug-16,4845.19,-1614.33,-0.2498999999999999,8435,Don't Starve Together,322330
Jul-16,6459.51,740.05,0.1294,14146,Don't Starve Together,322330
Jun-16,5719.46,-515.19,-0.0825999999999999,11625,Don't Starve Together,322330
May-16,6234.65,229.68,0.0382,15046,Don't Starve Together,322330
Apr-16,6004.97,810.38,0.156,17666,Don't Starve Together,322330
Mar-16,5194.59,-1377.64,-0.2096,11154,Don't Starve Together,322330
Feb-16,6572.23,-1120.38,-0.1456,14376,Don't Starve Together,322330
Jan-16,7692.61,2529.04,0.4897999999999999,17213,Don't Starve Together,322330
Dec-15,5163.57,1701.71,0.4916,12508,Don't Starve Together,322330
Nov-15,3461.86,1014.35,0.4144,8705,Don't Starve Together,322330
Oct-15,2447.51,124.82,0.0537,4505,Don't Starve Together,322330
Sep-15,2322.7,-493.67,-0.1753,4358,Don't Starve Together,322330
Aug-15,2816.37,-390.64,-0.1217999999999999,5210,Don't Starve Together,322330
Jul-15,3207.01,-2118.77,-0.3978,5239,Don't Starve Together,322330
Jun-15,5325.78,2160.79,0.6827,11554,Don't Starve Together,322330
May-15,3164.98,278.09,0.0963,6818,Don't Starve Together,322330
Apr-15,2886.9,137.01,0.0498,9240,Don't Starve Together,322330
Mar-15,2749.89,-750.24,-0.2143,5922,Don't Starve Together,322330
Feb-15,3500.12,-3140.91,-0.473,7268,Don't Starve Together,322330
Jan-15,6641.04,-2262.96,-0.2542,19612,Don't Starve Together,322330
Dec-14,8904.0,-,0.0,16349,Don't Starve Together,322330
Sep-25,16308.7,-4486.44,-0.2157,29726,ARK: Survival Evolved,346110
Aug-25,20795.13,-3779.53,-0.1538,37007,ARK: Survival Evolved,346110
Jul-25,24574.66,-7911.68,-0.2435,42828,ARK: Survival Evolved,346110
Jun-25,32486.34,9032.92,0.3851,65286,ARK: Survival Evolved,346110
May-25,23453.42,1177.91,0.0529,41042,ARK: Survival Evolved,346110
Apr-25,22275.51,-2012.32,-0.0828999999999999,39713,ARK: Survival Evolved,346110
Mar-25,24287.83,-1471.61,-0.0571,40602,ARK: Survival Evolved,346110
Feb-25,25759.44,-1084.28,-0.0404,43024,ARK: Survival Evolved,346110
Jan-25,26843.72,2234.31,0.0908,43631,ARK: Survival Evolved,346110
Dec-24,24609.4,1700.67,0.0742,40688,ARK: Survival Evolved,346110
Nov-24,22908.73,817.38,0.037,40477,ARK: Survival Evolved,346110
Oct-24,22091.35,121.17,0.0055,39316,ARK: Survival Evolved,346110
Sep-24,21970.18,-3045.65,-0.1217,39578,ARK: Survival Evolved,346110
Aug-24,25015.83,886.08,0.0366999999999999,41497,ARK: Survival Evolved,346110
Jul-24,24129.75,498.5,0.0210999999999999,40559,ARK: Survival Evolved,346110
Jun-24,23631.25,1877.13,0.0863,39597,ARK: Survival Evolved,346110
May-24,21754.11,-318.57,-0.0144,38243,ARK: Survival Evolved,346110
Apr-24,22072.68,474.78,0.022,38737,ARK: Survival Evolved,346110
Mar-24,21597.9,47.37,0.0022,36713,ARK: Survival Evolved,346110
Feb-24,21550.53,-3668.7,-0.1455,37022,ARK: Survival Evolved,346110
Jan-24,25219.23,-807.05,-0.031,41787,ARK: Survival Evolved,346110
Dec-23,26026.29,-8073.37,-0.2368,45768,ARK: Survival Evolved,346110
Nov-23,34099.66,-7246.53,-0.1753,65068,ARK: Survival Evolved,346110
Oct-23,41346.18,5238.78,0.1451,75908,ARK: Survival Evolved,346110
Sep-23,36107.41,-5423.38,-0.1306,61055,ARK: Survival Evolved,346110
Aug-23,41530.79,-6726.35,-0.1394,66034,ARK: Survival Evolved,346110
Jul-23,48257.14,4180.39,0.0948,72446,ARK: Survival Evolved,346110
Jun-23,44076.76,1574.03,0.037,70615,ARK: Survival Evolved,346110
May-23,42502.72,-2469.58,-0.0549,69526,ARK: Survival Evolved,346110
Apr-23,44972.3,1625.72,0.0375,73447,ARK: Survival Evolved,346110
Mar-23,43346.57,-6215.45,-0.1253999999999999,75697,ARK: Survival Evolved,346110
Feb-23,49562.02,-10156.08,-0.1701,83672,ARK: Survival Evolved,346110
Jan-23,59718.1,5142.37,0.0942,94570,ARK: Survival Evolved,346110
Dec-22,54575.73,7418.12,0.1573,87058,ARK: Survival Evolved,346110
Nov-22,47157.61,2063.33,0.0458,81482,ARK: Survival Evolved,346110
Oct-22,45094.28,-650.02,-0.0141999999999999,76139,ARK: Survival Evolved,346110
Sep-22,45744.31,-11146.19,-0.1959,77774,ARK: Survival Evolved,346110
Aug-22,56890.49,-30036.28,-0.3455,96148,ARK: Survival Evolved,346110
Jul-22,86926.77,-10297.33,-0.1059,149693,ARK: Survival Evolved,346110
Jun-22,97224.1,52428.7,1.1704,247292,ARK: Survival Evolved,346110
May-22,44795.39,-1847.43,-0.0395999999999999,75922,ARK: Survival Evolved,346110
Apr-22,46642.82,8423.11,0.2203999999999999,83133,ARK: Survival Evolved,346110
Mar-22,38219.71,-11964.38,-0.2384,61402,ARK: Survival Evolved,346110
Feb-22,50184.09,-11794.64,-0.1903,86443,ARK: Survival Evolved,346110
Jan-22,61978.73,8705.39,0.1634,96650,ARK: Survival Evolved,346110
Dec-21,53273.34,12713.46,0.3134,92234,ARK: Survival Evolved,346110
Nov-21,40559.88,3592.77,0.0972,69159,ARK: Survival Evolved,346110
Oct-21,36967.1,-2522.36,-0.0639,66708,ARK: Survival Evolved,346110
Sep-21,39489.46,-8058.66,-0.1694999999999999,66133,ARK: Survival Evolved,346110
Aug-21,47548.12,-8369.54,-0.1497,73618,ARK: Survival Evolved,346110
Jul-21,55917.67,-18758.82,-0.2512,95701,ARK: Survival Evolved,346110
Jun-21,74676.49,29257.48,0.6442,147475,ARK: Survival Evolved,346110
May-21,45419.0,-1259.07,-0.027,84679,ARK: Survival Evolved,346110
Apr-21,46678.07,-2642.3,-0.0536,73572,ARK: Survival Evolved,346110
Mar-21,49320.37,-12465.2,-0.2017,76387,ARK: Survival Evolved,346110
Feb-21,61785.58,-1374.48,-0.0218,98637,ARK: Survival Evolved,346110
Jan-21,63160.05,6836,0.1214,92006,ARK: Survival Evolved,346110
Dec-20,56324.05,-101.54,-0.0018,86471,ARK: Survival Evolved,346110
Nov-20,56425.6,14665.6,0.3511999999999999,98433,ARK: Survival Evolved,346110
Oct-20,41760.0,-3480.49,-0.0769,71828,ARK: Survival Evolved,346110
Sep-20,45240.48,-2530.12,-0.053,73081,ARK: Survival Evolved,346110
Aug-20,47770.61,-9393.38,-0.1643,75208,ARK: Survival Evolved,346110
Jul-20,57163.99,-2271.72,-0.0382,90664,ARK: Survival Evolved,346110
Jun-20,59435.7,-1482.37,-0.0243,97813,ARK: Survival Evolved,346110
May-20,60918.07,-21173.18,-0.2579,101631,ARK: Survival Evolved,346110
Apr-20,82091.26,-5647.44,-0.0644,125636,ARK: Survival Evolved,346110
Mar-20,87738.7,34344.52,0.6431999999999999,157355,ARK: Survival Evolved,346110
Feb-20,53394.18,7738.33,0.1694999999999999,138648,ARK: Survival Evolved,346110
Jan-20,45655.85,5182.54,0.128,74200,ARK: Survival Evolved,346110
Dec-19,40473.32,4289.58,0.1186,66043,ARK: Survival Evolved,346110
Nov-19,36183.73,4927.5,0.1576,62857,ARK: Survival Evolved,346110
Oct-19,31256.23,-2954.59,-0.0864,54069,ARK: Survival Evolved,346110
Sep-19,34210.82,-8935.94,-0.2071,56829,ARK: Survival Evolved,346110
Aug-19,43146.76,-4295.79,-0.0905,70047,ARK: Survival Evolved,346110
Jul-19,47442.55,3910.53,0.0898,75524,ARK: Survival Evolved,346110
Jun-19,43532.02,10307.92,0.3103,83446,ARK: Survival Evolved,346110
May-19,33224.1,596.22,0.0183,55915,ARK: Survival Evolved,346110
Apr-19,32627.89,-919.06,-0.0274,54895,ARK: Survival Evolved,346110
Mar-19,33546.95,1100.23,0.0339,56169,ARK: Survival Evolved,346110
Feb-19,32446.72,-3730.98,-0.1031,52697,ARK: Survival Evolved,346110
Jan-19,36177.7,-6814.44,-0.1585,58388,ARK: Survival Evolved,346110
Dec-18,42992.14,-8913.91,-0.1717,76351,ARK: Survival Evolved,346110
Nov-18,51906.05,22568.43,0.7693000000000001,106170,ARK: Survival Evolved,346110
Oct-18,29337.62,1049.43,0.0371,49049,ARK: Survival Evolved,346110
Sep-18,28288.19,-4209.24,-0.1295,49072,ARK: Survival Evolved,346110
Aug-18,32497.43,-12562.77,-0.2788,50789,ARK: Survival Evolved,346110
Jul-18,45060.2,3265.71,0.0781,70823,ARK: Survival Evolved,346110
Jun-18,41794.49,10390.15,0.3309,79451,ARK: Survival Evolved,346110
May-18,31404.34,-3013.94,-0.0876,50021,ARK: Survival Evolved,346110
Apr-18,34418.28,-3890.87,-0.1016,58344,ARK: Survival Evolved,346110
Mar-18,38309.15,-3646.82,-0.0868999999999999,64647,ARK: Survival Evolved,346110
Feb-18,41955.97,-7062.1,-0.1441,71259,ARK: Survival Evolved,346110
Jan-18,49018.06,2544.78,0.0548,86640,ARK: Survival Evolved,346110
Dec-17,46473.28,12335.49,0.3613,85894,ARK: Survival Evolved,346110
Nov-17,34137.79,-3499.03,-0.093,63378,ARK: Survival Evolved,346110
Oct-17,37636.82,-6053.33,-0.1386,68570,ARK: Survival Evolved,346110
Sep-17,43690.15,8842.95,0.2537999999999999,78303,ARK: Survival Evolved,346110
Aug-17,34847.2,-6964.89,-0.1666,57421,ARK: Survival Evolved,346110
Jul-17,41812.09,-5268.65,-0.1119,72455,ARK: Survival Evolved,346110
Jun-17,47080.74,9728.48,0.2605,76482,ARK: Survival Evolved,346110
May-17,37352.26,-4854.21,-0.115,66342,ARK: Survival Evolved,346110
Apr-17,42206.47,1153.5,0.0281,73857,ARK: Survival Evolved,346110
Mar-17,41052.97,-12081.74,-0.2274,75022,ARK: Survival Evolved,346110
Feb-17,53134.72,6693.91,0.1441,100723,ARK: Survival Evolved,346110
Jan-17,46440.81,10418,0.2892,76879,ARK: Survival Evolved,346110
Dec-16,36022.81,4705.99,0.1503,67651,ARK: Survival Evolved,346110
Nov-16,31316.81,-1606.21,-0.0487999999999999,54698,ARK: Survival Evolved,346110
Oct-16,32923.02,-4411.81,-0.1182,59524,ARK: Survival Evolved,346110
Sep-16,37334.83,2124.21,0.0603,67157,ARK: Survival Evolved,346110
Aug-16,35210.62,-3857.08,-0.0987,60039,ARK: Survival Evolved,346110
Jul-16,39067.7,-3319.2,-0.0783,69764,ARK: Survival Evolved,346110
Jun-16,42386.9,3204.66,0.0818,71194,ARK: Survival Evolved,346110
May-16,39182.24,3796.61,0.1073,78089,ARK: Survival Evolved,346110
Apr-16,35385.63,-278.41,-0.0078,63900,ARK: Survival Evolved,346110
Mar-16,35664.04,-2083.55,-0.0552,63069,ARK: Survival Evolved,346110
Feb-16,37747.59,-1306.82,-0.0335,65577,ARK: Survival Evolved,346110
Jan-16,39054.41,6961.48,0.2169,67018,ARK: Survival Evolved,346110
Dec-15,32092.93,-769.51,-0.0233999999999999,55946,ARK: Survival Evolved,346110
Nov-15,32862.44,-5158.43,-0.1357,59880,ARK: Survival Evolved,346110
Oct-15,38020.88,2522.58,0.0711,64516,ARK: Survival Evolved,346110
Sep-15,35498.3,-9558.73,-0.2121,60299,ARK: Survival Evolved,346110
Aug-15,45057.02,-1707.77,-0.0365,84838,ARK: Survival Evolved,346110
Jul-15,46764.79,3893.3,0.0908,74888,ARK: Survival Evolved,346110
Jun-15,42871.49,42866.21,8116.9724,80162,ARK: Survival Evolved,346110
May-15,5.28,-,0.0,28,ARK: Survival Evolved,346110
Sep-25,4724.61,-913.23,-0.162,9198,Elite Dangerous,359320
Aug-25,5637.84,1239.31,0.2818,10315,Elite Dangerous,359320
Jul-25,4398.53,182.88,0.0434,8892,Elite Dangerous,359320
Jun-25,4215.65,-711.24,-0.1444,7982,Elite Dangerous,359320
May-25,4926.89,-768.62,-0.135,8942,Elite Dangerous,359320
Apr-25,5695.51,-1199.65,-0.174,10111,Elite Dangerous,359320
Mar-25,6895.16,2376.05,0.5257999999999999,13254,Elite Dangerous,359320
Feb-25,4519.1,-945.85,-0.1730999999999999,10687,Elite Dangerous,359320
Jan-25,5464.95,-439.19,-0.0744,10455,Elite Dangerous,359320
Dec-24,5904.14,559.48,0.1047,9695,Elite Dangerous,359320
Nov-24,5344.66,2222.21,0.7117,10606,Elite Dangerous,359320
Oct-24,3122.45,-269.27,-0.0794,7965,Elite Dangerous,359320
Sep-24,3391.72,215.29,0.0678,5974,Elite Dangerous,359320
Aug-24,3176.43,873.84,0.3795,5794,Elite Dangerous,359320
Jul-24,2302.59,-186.72,-0.075,4050,Elite Dangerous,359320
Jun-24,2489.31,-427.83,-0.1467,4589,Elite Dangerous,359320
May-24,2917.15,-136.8,-0.0448,4956,Elite Dangerous,359320
Apr-24,3053.94,-138.25,-0.0433,5738,Elite Dangerous,359320
Mar-24,3192.2,231.66,0.0783,7892,Elite Dangerous,359320
Feb-24,2960.53,367.98,0.1419,5240,Elite Dangerous,359320
Jan-24,2592.55,89.84,0.0359,4610,Elite Dangerous,359320
Dec-23,2502.71,142.37,0.0603,4159,Elite Dangerous,359320
Nov-23,2360.34,-47.25,-0.0196,4039,Elite Dangerous,359320
Oct-23,2407.59,-335.88,-0.1224,4336,Elite Dangerous,359320
Sep-23,2743.47,212.54,0.084,5043,Elite Dangerous,359320
Aug-23,2530.93,-225.52,-0.0818,4317,Elite Dangerous,359320
Jul-23,2756.45,-114.1,-0.0397,4567,Elite Dangerous,359320
Jun-23,2870.55,-714.88,-0.1994,5216,Elite Dangerous,359320
May-23,3585.43,-414.08,-0.1035,6182,Elite Dangerous,359320
Apr-23,3999.5,258.86,0.0692,7274,Elite Dangerous,359320
Mar-23,3740.64,-348.35,-0.0852,6494,Elite Dangerous,359320
Feb-23,4088.99,-721.06,-0.1499,7461,Elite Dangerous,359320
Jan-23,4810.06,-680.66,-0.124,8259,Elite Dangerous,359320
Dec-22,5490.72,1631.72,0.4228,10168,Elite Dangerous,359320
Nov-22,3859.0,163.23,0.0441999999999999,8959,Elite Dangerous,359320
Oct-22,3695.77,-478.93,-0.1147,6577,Elite Dangerous,359320
Sep-22,4174.7,304.44,0.0787,7975,Elite Dangerous,359320
Aug-22,3870.26,274.53,0.0764,6493,Elite Dangerous,359320
Jul-22,3595.73,181.76,0.0532,6218,Elite Dangerous,359320
Jun-22,3413.96,-271.84,-0.0738,6018,Elite Dangerous,359320
May-22,3685.8,-494.41,-0.1183,6420,Elite Dangerous,359320
Apr-22,4180.21,110.85,0.0272,7618,Elite Dangerous,359320
Mar-22,4069.35,-1054.51,-0.2057999999999999,6899,Elite Dangerous,359320
Feb-22,5123.86,-687.72,-0.1183,9288,Elite Dangerous,359320
Jan-22,5811.59,990.29,0.2054,9764,Elite Dangerous,359320
Dec-21,4821.3,731.92,0.179,8615,Elite Dangerous,359320
Nov-21,4089.38,353.04,0.0944999999999999,7034,Elite Dangerous,359320
Oct-21,3736.34,86.38,0.0237,7069,Elite Dangerous,359320
Sep-21,3649.96,-200.57,-0.0521,6441,Elite Dangerous,359320
Aug-21,3850.53,-587.66,-0.1324,6319,Elite Dangerous,359320
Jul-21,4438.19,-3085.61,-0.4100999999999999,8482,Elite Dangerous,359320
Jun-21,7523.79,-3433.29,-0.3132999999999999,15554,Elite Dangerous,359320
May-21,10957.09,1570.76,0.1673,27568,Elite Dangerous,359320
Apr-21,9386.33,747.83,0.0866,16681,Elite Dangerous,359320
Mar-21,8638.5,300.32,0.036,20125,Elite Dangerous,359320
Feb-21,8338.18,-398.06,-0.0455999999999999,14301,Elite Dangerous,359320
Jan-21,8736.24,219.19,0.0256999999999999,14466,Elite Dangerous,359320
Dec-20,8517.04,-129.8,-0.015,15281,Elite Dangerous,359320
Nov-20,8646.84,1901.04,0.2818,17735,Elite Dangerous,359320
Oct-20,6745.8,1335.2,0.2468,12078,Elite Dangerous,359320
Sep-20,5410.6,77.61,0.0146,8957,Elite Dangerous,359320
Aug-20,5332.99,-2516.84,-0.3206,9382,Elite Dangerous,359320
Jul-20,7849.83,-2244.32,-0.2223,14925,Elite Dangerous,359320
Jun-20,10094.15,3293.9,0.4844,21535,Elite Dangerous,359320
May-20,6800.25,-1439.7,-0.1747,12794,Elite Dangerous,359320
Apr-20,8239.94,4070.61,0.9763,15403,Elite Dangerous,359320
Mar-20,4169.34,-166.89,-0.0385,11026,Elite Dangerous,359320
Feb-20,4336.23,-1229.58,-0.2208999999999999,8490,Elite Dangerous,359320
Jan-20,5565.81,432.54,0.0843,10011,Elite Dangerous,359320
Dec-19,5133.26,1640.67,0.4698,9756,Elite Dangerous,359320
Nov-19,3492.59,-74.52,-0.0209,7252,Elite Dangerous,359320
Oct-19,3567.11,-911.02,-0.2034,6860,Elite Dangerous,359320
Sep-19,4478.13,376.09,0.0917,8624,Elite Dangerous,359320
Aug-19,4102.04,-259.89,-0.0596,8052,Elite Dangerous,359320
Jul-19,4361.94,1167.19,0.3653,8668,Elite Dangerous,359320
Jun-19,3194.75,-1031.99,-0.2442,6001,Elite Dangerous,359320
May-19,4226.74,-1,-0.0002,8628,Elite Dangerous,359320
Apr-19,4227.74,631.98,0.1757999999999999,9109,Elite Dangerous,359320
Mar-19,3595.77,-1047.51,-0.2256,7114,Elite Dangerous,359320
Feb-19,4643.28,-2092.35,-0.3106,9449,Elite Dangerous,359320
Jan-19,6735.63,392.83,0.0619,12864,Elite Dangerous,359320
Dec-18,6342.8,2868.75,0.8258,13822,Elite Dangerous,359320
Nov-18,3474.05,590.3,0.2047,6369,Elite Dangerous,359320
Oct-18,2883.75,-494.03,-0.1463,6010,Elite Dangerous,359320
Sep-18,3377.78,145.39,0.045,6592,Elite Dangerous,359320
Aug-18,3232.39,-1037.73,-0.243,5712,Elite Dangerous,359320
Jul-18,4270.13,922.51,0.2756,8453,Elite Dangerous,359320
Jun-18,3347.62,-472.84,-0.1238,7901,Elite Dangerous,359320
May-18,3820.46,-1234.03,-0.2441,6637,Elite Dangerous,359320
Apr-18,5054.49,-1250.24,-0.1982999999999999,10154,Elite Dangerous,359320
Mar-18,6304.73,268.87,0.0445,14435,Elite Dangerous,359320
Feb-18,6035.87,-1011.05,-0.1435,12498,Elite Dangerous,359320
Jan-18,7046.91,2005.65,0.3978,12988,Elite Dangerous,359320
Dec-17,5041.27,1211.69,0.3164,12708,Elite Dangerous,359320
Nov-17,3829.58,-633.58,-0.142,7592,Elite Dangerous,359320
Oct-17,4463.17,495.84,0.125,9981,Elite Dangerous,359320
Sep-17,3967.33,57.75,0.0148,9325,Elite Dangerous,359320
Aug-17,3909.58,-894.07,-0.1861,7113,Elite Dangerous,359320
Jul-17,4803.64,1214.44,0.3384,8899,Elite Dangerous,359320
Jun-17,3589.2,-760.45,-0.1748,7211,Elite Dangerous,359320
May-17,4349.66,-974.33,-0.183,8338,Elite Dangerous,359320
Apr-17,5323.99,870.65,0.1955,11078,Elite Dangerous,359320
Mar-17,4453.34,-1031.26,-0.188,8688,Elite Dangerous,359320
Feb-17,5484.6,-1233.08,-0.1835999999999999,10433,Elite Dangerous,359320
Jan-17,6717.68,2724.33,0.6822,13304,Elite Dangerous,359320
Dec-16,3993.35,-132.85,-0.0322,7005,Elite Dangerous,359320
Nov-16,4126.2,-499.79,-0.108,7935,Elite Dangerous,359320
Oct-16,4625.99,259.85,0.0595,9117,Elite Dangerous,359320
Sep-16,4366.14,-30.88,-0.0069999999999999,8372,Elite Dangerous,359320
Aug-16,4397.02,1276.42,0.409,9334,Elite Dangerous,359320
Jul-16,3120.6,-2.14,-0.0007,5976,Elite Dangerous,359320
Jun-16,3122.74,54.28,0.0177,6110,Elite Dangerous,359320
May-16,3068.46,226.83,0.0798,6909,Elite Dangerous,359320
Apr-16,2841.64,-392.73,-0.1214,5337,Elite Dangerous,359320
Mar-16,3234.36,-275.34,-0.0784,6266,Elite Dangerous,359320
Feb-16,3509.7,-157.17,-0.0429,7143,Elite Dangerous,359320
Jan-16,3666.87,-2354.76,-0.3911,8704,Elite Dangerous,359320
Dec-15,6021.63,1857.41,0.446,15316,Elite Dangerous,359320
Nov-15,4164.22,-870.3,-0.1729,18039,Elite Dangerous,359320
Oct-15,5034.52,905.97,0.2194,10102,Elite Dangerous,359320
Sep-15,4128.55,210.97,0.0538999999999999,13163,Elite Dangerous,359320
Aug-15,3917.57,-995.87,-0.2027,6685,Elite Dangerous,359320
Jul-15,4913.45,662.03,0.1557,11866,Elite Dangerous,359320
Jun-15,4251.41,729.23,0.207,8565,Elite Dangerous,359320
May-15,3522.19,-948.89,-0.2122,6239,Elite Dangerous,359320
Apr-15,4471.08,-,0.0,9139,Elite Dangerous,359320
Sep-25,51338.59,-10311.55,-0.1673,93669,Tom Clancy's Rainbow Six® Siege X,359550
Aug-25,61650.14,-12494.95,-0.1685,100140,Tom Clancy's Rainbow Six® Siege X,359550
Jul-25,74145.09,-6302.13,-0.0783,111052,Tom Clancy's Rainbow Six® Siege X,359550
Jun-25,80447.23,29362.13,0.5748,141309,Tom Clancy's Rainbow Six® Siege X,359550
May-25,51085.1,-10925.1,-0.1762,88409,Tom Clancy's Rainbow Six® Siege X,359550
Apr-25,62010.19,-18484.53,-0.2296,105998,Tom Clancy's Rainbow Six® Siege X,359550
Mar-25,80494.73,20236.23,0.3358,145490,Tom Clancy's Rainbow Six® Siege X,359550
Feb-25,60258.5,4242.83,0.0757,100940,Tom Clancy's Rainbow Six® Siege X,359550
Jan-25,56015.67,8498.08,0.1788,95600,Tom Clancy's Rainbow Six® Siege X,359550
Dec-24,47517.59,11753.93,0.3287,76821,Tom Clancy's Rainbow Six® Siege X,359550
Nov-24,35763.66,-8650.99,-0.1948,59030,Tom Clancy's Rainbow Six® Siege X,359550
Oct-24,44414.65,-7032.22,-0.1367,76108,Tom Clancy's Rainbow Six® Siege X,359550
Sep-24,51446.86,1174.56,0.0233999999999999,91165,Tom Clancy's Rainbow Six® Siege X,359550
Aug-24,50272.3,-1840.25,-0.0353,75457,Tom Clancy's Rainbow Six® Siege X,359550
Jul-24,52112.55,-5751.98,-0.0993999999999999,73646,Tom Clancy's Rainbow Six® Siege X,359550
Jun-24,57864.53,-2716.03,-0.0448,88626,Tom Clancy's Rainbow Six® Siege X,359550
May-24,60580.55,-30912.62,-0.3379,100331,Tom Clancy's Rainbow Six® Siege X,359550
Apr-24,91493.17,-14331.97,-0.1354,155546,Tom Clancy's Rainbow Six® Siege X,359550
Mar-24,105825.14,48256.07,0.8382,200476,Tom Clancy's Rainbow Six® Siege X,359550
Feb-24,57569.07,7293.72,0.1451,101985,Tom Clancy's Rainbow Six® Siege X,359550
Jan-24,50275.35,8219.77,0.1955,83645,Tom Clancy's Rainbow Six® Siege X,359550
Dec-23,42055.58,5241,0.1424,62190,Tom Clancy's Rainbow Six® Siege X,359550
Nov-23,36814.58,-15269.89,-0.2932,59597,Tom Clancy's Rainbow Six® Siege X,359550
Oct-23,52084.47,-6683.06,-0.1137,94953,Tom Clancy's Rainbow Six® Siege X,359550
Sep-23,58767.53,6861.07,0.1322,95149,Tom Clancy's Rainbow Six® Siege X,359550
Aug-23,51906.45,2474.03,0.05,83901,Tom Clancy's Rainbow Six® Siege X,359550
Jul-23,49432.42,4057.51,0.0894,70979,Tom Clancy's Rainbow Six® Siege X,359550
Jun-23,45374.91,5033.06,0.1248,68292,Tom Clancy's Rainbow Six® Siege X,359550
May-23,40341.85,-5352.69,-0.1171,66908,Tom Clancy's Rainbow Six® Siege X,359550
Apr-23,45694.54,-4262.62,-0.0852999999999999,79348,Tom Clancy's Rainbow Six® Siege X,359550
Mar-23,49957.15,8313.52,0.1996,88146,Tom Clancy's Rainbow Six® Siege X,359550
Feb-23,41643.63,-2049.05,-0.0469,65006,Tom Clancy's Rainbow Six® Siege X,359550
Jan-23,43692.68,4775.23,0.1226999999999999,66780,Tom Clancy's Rainbow Six® Siege X,359550
Dec-22,38917.45,15447.17,0.6581999999999999,63872,Tom Clancy's Rainbow Six® Siege X,359550
Nov-22,23470.28,-4790.27,-0.1694999999999999,45282,Tom Clancy's Rainbow Six® Siege X,359550
Oct-22,28260.54,-6591.45,-0.1891,54769,Tom Clancy's Rainbow Six® Siege X,359550
Sep-22,34852.0,-129.88,-0.0037,66141,Tom Clancy's Rainbow Six® Siege X,359550
Aug-22,34981.88,-4199.38,-0.1072,60463,Tom Clancy's Rainbow Six® Siege X,359550
Jul-22,39181.26,549.97,0.0141999999999999,64470,Tom Clancy's Rainbow Six® Siege X,359550
Jun-22,38631.29,1771.73,0.0481,69997,Tom Clancy's Rainbow Six® Siege X,359550
May-22,36859.56,-8231.12,-0.1825,72038,Tom Clancy's Rainbow Six® Siege X,359550
Apr-22,45090.68,-1654.96,-0.0354,93429,Tom Clancy's Rainbow Six® Siege X,359550
Mar-22,46745.65,2878.27,0.0655999999999999,108630,Tom Clancy's Rainbow Six® Siege X,359550
Feb-22,43867.38,-1125.45,-0.025,78263,Tom Clancy's Rainbow Six® Siege X,359550
Jan-22,44992.83,1318.71,0.0302,74819,Tom Clancy's Rainbow Six® Siege X,359550
Dec-21,43674.12,5816.16,0.1536,83292,Tom Clancy's Rainbow Six® Siege X,359550
Nov-21,37857.97,-5158.51,-0.1199,71142,Tom Clancy's Rainbow Six® Siege X,359550
Oct-21,43016.48,-8123.21,-0.1588,79691,Tom Clancy's Rainbow Six® Siege X,359550
Sep-21,51139.69,1233.49,0.0247,111554,Tom Clancy's Rainbow Six® Siege X,359550
Aug-21,49906.2,-3567.82,-0.0667,93643,Tom Clancy's Rainbow Six® Siege X,359550
Jul-21,53474.02,-1486.63,-0.027,89513,Tom Clancy's Rainbow Six® Siege X,359550
Jun-21,54960.64,-3313.42,-0.0569,100214,Tom Clancy's Rainbow Six® Siege X,359550
May-21,58274.07,-16342.34,-0.2189999999999999,108281,Tom Clancy's Rainbow Six® Siege X,359550
Apr-21,74616.41,-10540.8,-0.1238,142422,Tom Clancy's Rainbow Six® Siege X,359550
Mar-21,85157.21,12774.45,0.1765,199830,Tom Clancy's Rainbow Six® Siege X,359550
Feb-21,72382.76,-5334.66,-0.0686,113338,Tom Clancy's Rainbow Six® Siege X,359550
Jan-21,77717.42,6995.92,0.0989,123637,Tom Clancy's Rainbow Six® Siege X,359550
Dec-20,70721.5,15414.04,0.2787,123374,Tom Clancy's Rainbow Six® Siege X,359550
Nov-20,55307.46,-7648.75,-0.1215,94968,Tom Clancy's Rainbow Six® Siege X,359550
Oct-20,62956.21,-12587.13,-0.1666,114281,Tom Clancy's Rainbow Six® Siege X,359550
Sep-20,75543.34,7338.09,0.1076,163478,Tom Clancy's Rainbow Six® Siege X,359550
Aug-20,68205.26,-8073.94,-0.1058,127249,Tom Clancy's Rainbow Six® Siege X,359550
Jul-20,76279.2,6078.69,0.0866,122438,Tom Clancy's Rainbow Six® Siege X,359550
Jun-20,70200.51,-9898.8,-0.1235999999999999,126733,Tom Clancy's Rainbow Six® Siege X,359550
May-20,80099.3,-28415.26,-0.2619,146359,Tom Clancy's Rainbow Six® Siege X,359550
Apr-20,108514.57,-11363.31,-0.0948,194102,Tom Clancy's Rainbow Six® Siege X,359550
Mar-20,119877.88,22210.54,0.2274,198567,Tom Clancy's Rainbow Six® Siege X,359550
Feb-20,97667.34,3481.55,0.037,178824,Tom Clancy's Rainbow Six® Siege X,359550
Jan-20,94185.78,15957.06,0.204,157948,Tom Clancy's Rainbow Six® Siege X,359550
Dec-19,78228.73,11729.45,0.1764,138681,Tom Clancy's Rainbow Six® Siege X,359550
Nov-19,66499.28,866.8,0.0132,123848,Tom Clancy's Rainbow Six® Siege X,359550
Oct-19,65632.48,-12290.28,-0.1577,125590,Tom Clancy's Rainbow Six® Siege X,359550
Sep-19,77922.76,3966.48,0.0536,148365,Tom Clancy's Rainbow Six® Siege X,359550
Aug-19,73956.28,-3454.79,-0.0446,138827,Tom Clancy's Rainbow Six® Siege X,359550
Jul-19,77411.07,-648.27,-0.0083,128458,Tom Clancy's Rainbow Six® Siege X,359550
Jun-19,78059.34,18887.25,0.3192,140274,Tom Clancy's Rainbow Six® Siege X,359550
May-19,59172.09,-2179.37,-0.0355,115381,Tom Clancy's Rainbow Six® Siege X,359550
Apr-19,61351.45,-8236.56,-0.1184,124989,Tom Clancy's Rainbow Six® Siege X,359550
Mar-19,69588.02,-3409.64,-0.0467,134776,Tom Clancy's Rainbow Six® Siege X,359550
Feb-19,72997.66,-6178.1,-0.078,136018,Tom Clancy's Rainbow Six® Siege X,359550
Jan-19,79175.76,8310.43,0.1173,137434,Tom Clancy's Rainbow Six® Siege X,359550
Dec-18,70865.32,12962.39,0.2239,129558,Tom Clancy's Rainbow Six® Siege X,359550
Nov-18,57902.93,-4525.71,-0.0725,115820,Tom Clancy's Rainbow Six® Siege X,359550
Oct-18,62428.64,-11248.23,-0.1527,123794,Tom Clancy's Rainbow Six® Siege X,359550
Sep-18,73676.87,-139.52,-0.0019,143866,Tom Clancy's Rainbow Six® Siege X,359550
Aug-18,73816.38,5575.38,0.0817,134159,Tom Clancy's Rainbow Six® Siege X,359550
Jul-18,68241.0,1864.2,0.0281,116054,Tom Clancy's Rainbow Six® Siege X,359550
Jun-18,66376.81,3283.99,0.0521,141630,Tom Clancy's Rainbow Six® Siege X,359550
May-18,63092.81,-1170.62,-0.0182,142362,Tom Clancy's Rainbow Six® Siege X,359550
Apr-18,64263.44,-18848.85,-0.2268,124813,Tom Clancy's Rainbow Six® Siege X,359550
Mar-18,83112.29,14316.05,0.2080999999999999,176208,Tom Clancy's Rainbow Six® Siege X,359550
Feb-18,68796.24,5321.42,0.0838,125133,Tom Clancy's Rainbow Six® Siege X,359550
Jan-18,63474.82,4063.16,0.0684,109103,Tom Clancy's Rainbow Six® Siege X,359550
Dec-17,59411.66,17927.99,0.4322,100433,Tom Clancy's Rainbow Six® Siege X,359550
Nov-17,41483.67,9864.86,0.312,99110,Tom Clancy's Rainbow Six® Siege X,359550
Oct-17,31618.81,-4830.06,-0.1325,59895,Tom Clancy's Rainbow Six® Siege X,359550
Sep-17,36448.87,2525.69,0.0745,69988,Tom Clancy's Rainbow Six® Siege X,359550
Aug-17,33923.18,5544.54,0.1954,73641,Tom Clancy's Rainbow Six® Siege X,359550
Jul-17,28378.64,4294.92,0.1783,47328,Tom Clancy's Rainbow Six® Siege X,359550
Jun-17,24083.72,279.65,0.0116999999999999,43057,Tom Clancy's Rainbow Six® Siege X,359550
May-17,23804.07,-1171.88,-0.0469,43606,Tom Clancy's Rainbow Six® Siege X,359550
Apr-17,24975.95,-1103.68,-0.0423,47040,Tom Clancy's Rainbow Six® Siege X,359550
Mar-17,26079.63,-4488.63,-0.1467999999999999,47994,Tom Clancy's Rainbow Six® Siege X,359550
Feb-17,30568.27,9861.56,0.4761999999999999,65189,Tom Clancy's Rainbow Six® Siege X,359550
Jan-17,20706.7,3529.83,0.2055,34616,Tom Clancy's Rainbow Six® Siege X,359550
Dec-16,17176.87,1821.38,0.1186,30859,Tom Clancy's Rainbow Six® Siege X,359550
Nov-16,15355.49,4763.56,0.4497,42265,Tom Clancy's Rainbow Six® Siege X,359550
Oct-16,10591.93,180.24,0.0173,19467,Tom Clancy's Rainbow Six® Siege X,359550
Sep-16,10411.69,-3559.54,-0.2548,18099,Tom Clancy's Rainbow Six® Siege X,359550
Aug-16,13971.23,3116.99,0.2872,32084,Tom Clancy's Rainbow Six® Siege X,359550
Jul-16,10854.23,1851.49,0.2057,39382,Tom Clancy's Rainbow Six® Siege X,359550
Jun-16,9002.74,1933.04,0.2734,15295,Tom Clancy's Rainbow Six® Siege X,359550
May-16,7069.7,-573.86,-0.0751,14447,Tom Clancy's Rainbow Six® Siege X,359550
Apr-16,7643.56,1518.1,0.2478,29170,Tom Clancy's Rainbow Six® Siege X,359550
Mar-16,6125.46,-3138.02,-0.3388,11234,Tom Clancy's Rainbow Six® Siege X,359550
Feb-16,9263.47,-980.81,-0.0957,16044,Tom Clancy's Rainbow Six® Siege X,359550
Jan-16,10244.29,2302.84,0.29,20006,Tom Clancy's Rainbow Six® Siege X,359550
Dec-15,7941.45,-,0.0,18130,Tom Clancy's Rainbow Six® Siege X,359550
Sep-25,9878.79,-151.14,-0.0151,14135,Blender,365670
Aug-25,10029.94,663.31,0.0708,13950,Blender,365670
Jul-25,9366.62,258.64,0.0283999999999999,12653,Blender,365670
Jun-25,9107.98,-309.79,-0.0329,12663,Blender,365670
May-25,9417.77,1.47,0.0002,13050,Blender,365670
Apr-25,9416.3,76.22,0.0081999999999999,13797,Blender,365670
Mar-25,9340.08,382.3,0.0426999999999999,13288,Blender,365670
Feb-25,8957.78,571.52,0.0681,12439,Blender,365670
Jan-25,8386.26,566.7,0.0725,11237,Blender,365670
Dec-24,7819.56,-377.49,-0.0461,10690,Blender,365670
Nov-24,8197.06,283.32,0.0358,10970,Blender,365670
Oct-24,7913.73,332.57,0.0438999999999999,10965,Blender,365670
Sep-24,7581.16,35.49,0.0046999999999999,10574,Blender,365670
Aug-24,7545.67,29.02,0.0039,10229,Blender,365670
Jul-24,7516.65,-28.17,-0.0037,10153,Blender,365670
Jun-24,7544.82,-137.89,-0.0179,10464,Blender,365670
May-24,7682.72,55.16,0.0072,10613,Blender,365670
Apr-24,7627.55,183.03,0.0246,10563,Blender,365670
Mar-24,7444.52,269.61,0.0375999999999999,10275,Blender,365670
Feb-24,7174.91,99.85,0.0141,9788,Blender,365670
Jan-24,7075.05,489.17,0.0742999999999999,9559,Blender,365670
Dec-23,6585.89,-372.54,-0.0535,9316,Blender,365670
Nov-23,6958.43,550.26,0.0859,9771,Blender,365670
Oct-23,6408.16,401.73,0.0669,9113,Blender,365670
Sep-23,6006.43,-91.32,-0.015,8302,Blender,365670
Aug-23,6097.75,48.14,0.008,8357,Blender,365670
Jul-23,6049.62,118.11,0.0199,8280,Blender,365670
Jun-23,5931.51,15.35,0.0026,8007,Blender,365670
May-23,5916.16,-64.28,-0.0107,8195,Blender,365670
Apr-23,5980.44,-33.15,-0.0055,8261,Blender,365670
Mar-23,6013.59,68.6,0.0115,8294,Blender,365670
Feb-23,5944.99,371.89,0.0667,7984,Blender,365670
Jan-23,5573.1,1262.53,0.2929,7789,Blender,365670
Dec-22,4310.56,834.35,0.24,6807,Blender,365670
Nov-22,3476.22,-1836.61,-0.3457,7275,Blender,365670
Oct-22,5312.83,131.99,0.0255,7363,Blender,365670
Sep-22,5180.84,-91.67,-0.0174,7030,Blender,365670
Aug-22,5272.51,142.68,0.0278,7204,Blender,365670
Jul-22,5129.83,57.89,0.0113999999999999,7006,Blender,365670
Jun-22,5071.93,-88.77,-0.0172,6945,Blender,365670
May-22,5160.7,68.36,0.0134,6972,Blender,365670
Apr-22,5092.34,381.03,0.0809,6864,Blender,365670
Mar-22,4711.31,-135.83,-0.0279999999999999,6571,Blender,365670
Feb-22,4847.14,118.91,0.0250999999999999,6500,Blender,365670
Jan-22,4728.23,492.61,0.1163,6426,Blender,365670
Dec-21,4235.61,308.27,0.0785,5892,Blender,365670
Nov-21,3927.34,212.18,0.0571,5151,Blender,365670
Oct-21,3715.16,59.42,0.0163,5073,Blender,365670
Sep-21,3655.74,-86.49,-0.0231,4882,Blender,365670
Aug-21,3742.23,313.18,0.0913,5135,Blender,365670
Jul-21,3429.05,-34.85,-0.0101,4644,Blender,365670
Jun-21,3463.9,-122.27,-0.0341,4753,Blender,365670
May-21,3586.17,-113.82,-0.0308,4879,Blender,365670
Apr-21,3699.99,13.67,0.0037,5088,Blender,365670
Mar-21,3686.32,279.67,0.0821,4968,Blender,365670
Feb-21,3406.65,135.99,0.0416,4705,Blender,365670
Jan-21,3270.67,476.27,0.1704,4567,Blender,365670
Dec-20,2794.4,-113.38,-0.039,3910,Blender,365670
Nov-20,2907.78,54.48,0.0191,3822,Blender,365670
Oct-20,2853.3,111.17,0.0405,3876,Blender,365670
Sep-20,2742.13,120.13,0.0458,3630,Blender,365670
Aug-20,2622.0,39.96,0.0155,3478,Blender,365670
Jul-20,2582.04,84.79,0.034,3362,Blender,365670
Jun-20,2497.25,9.87,0.004,3345,Blender,365670
May-20,2487.38,95.8,0.0401,3387,Blender,365670
Apr-20,2391.59,495.19,0.2611,3347,Blender,365670
Mar-20,1896.4,259.7,0.1586999999999999,2983,Blender,365670
Feb-20,1636.7,202.74,0.1414,2288,Blender,365670
Jan-20,1433.96,255.76,0.2171,2031,Blender,365670
Dec-19,1178.2,99.59,0.0923,1605,Blender,365670
Nov-19,1078.61,48.69,0.0473,1540,Blender,365670
Oct-19,1029.92,-2.72,-0.0026,1449,Blender,365670
Sep-19,1032.64,-8.29,-0.008,1450,Blender,365670
Aug-19,1040.93,221.4,0.2702,1497,Blender,365670
Jul-19,819.53,36.4,0.0465,1390,Blender,365670
Jun-19,783.13,-3.17,-0.004,1050,Blender,365670
May-19,786.31,-23.45,-0.0289999999999999,1077,Blender,365670
Apr-19,809.76,-37.99,-0.0448,1151,Blender,365670
Mar-19,847.74,-28.4,-0.0324,1182,Blender,365670
Feb-19,876.14,-41.92,-0.0457,1200,Blender,365670
Jan-19,918.06,99.88,0.1221,1264,Blender,365670
Dec-18,818.17,-27.27,-0.0323,1196,Blender,365670
Nov-18,845.44,-12.73,-0.0148,1204,Blender,365670
Oct-18,858.17,-17.36,-0.0197999999999999,1232,Blender,365670
Sep-18,875.52,-37.48,-0.0411,1214,Blender,365670
Aug-18,913.0,-24.62,-0.0263,1176,Blender,365670
Jul-18,937.63,20.76,0.0226,1237,Blender,365670
Jun-18,916.87,12.06,0.0133,1225,Blender,365670
May-18,904.81,-20.59,-0.0223,1248,Blender,365670
Apr-18,925.4,19.89,0.022,1298,Blender,365670
Mar-18,905.51,-21.55,-0.0233,1322,Blender,365670
Feb-18,927.07,-14.38,-0.0153,1298,Blender,365670
Jan-18,941.45,273.95,0.4104,1402,Blender,365670
Dec-17,667.5,47.22,0.0761,980,Blender,365670
Nov-17,620.28,34.59,0.0591,901,Blender,365670
Oct-17,585.69,51.32,0.096,854,Blender,365670
Sep-17,534.37,-1.31,-0.0024,802,Blender,365670
Aug-17,535.68,6.48,0.0121999999999999,725,Blender,365670
Jul-17,529.2,6.44,0.0123,742,Blender,365670
Jun-17,522.77,-0.98,-0.0019,744,Blender,365670
May-17,523.75,2.75,0.0053,787,Blender,365670
Apr-17,521.0,-10.08,-0.019,753,Blender,365670
Mar-17,531.08,-16.16,-0.0295,802,Blender,365670
Feb-17,547.24,9.75,0.0181,788,Blender,365670
Jan-17,537.49,65.92,0.1398,827,Blender,365670
Dec-16,471.57,6.98,0.015,719,Blender,365670
Nov-16,464.6,26.46,0.0604,697,Blender,365670
Oct-16,438.13,25.86,0.0626999999999999,660,Blender,365670
Sep-16,412.28,-18.58,-0.0431,639,Blender,365670
Aug-16,430.85,7.55,0.0178,644,Blender,365670
Jul-16,423.3,-5.86,-0.0137,579,Blender,365670
Jun-16,429.16,4.95,0.0116999999999999,648,Blender,365670
May-16,424.21,8.3,0.02,640,Blender,365670
Apr-16,415.91,10.12,0.0249,650,Blender,365670
Mar-16,405.79,7.22,0.0181,626,Blender,365670
Feb-16,398.57,15.79,0.0412,613,Blender,365670
Jan-16,382.78,75.04,0.2438,606,Blender,365670
Dec-15,307.75,13.47,0.0458,487,Blender,365670
Nov-15,294.27,-7.1,-0.0235,450,Blender,365670
Oct-15,301.37,10.4,0.0356999999999999,465,Blender,365670
Sep-15,290.97,-27.56,-0.0865,459,Blender,365670
Aug-15,318.53,3.04,0.0096,485,Blender,365670
Jul-15,315.49,38.69,0.1398,457,Blender,365670
Jun-15,276.8,10.92,0.0411,422,Blender,365670
May-15,265.88,-49.99,-0.1583,416,Blender,365670
Apr-15,315.86,-,0.0,575,Blender,365670
Sep-25,50741.52,35202.47,2.2654,95428,Hollow Knight,367520
Aug-25,15539.06,7410.09,0.9116,69675,Hollow Knight,367520
Jul-25,8128.96,1687.56,0.262,12982,Hollow Knight,367520
Jun-25,6441.41,-503.52,-0.0725,12010,Hollow Knight,367520
May-25,6944.93,-1279.9,-0.1556,11510,Hollow Knight,367520
Apr-25,8224.83,1642.89,0.2496,14339,Hollow Knight,367520
Mar-25,6581.94,40.03,0.0060999999999999,12752,Hollow Knight,367520
Feb-25,6541.91,-2507.29,-0.2771,10716,Hollow Knight,367520
Jan-25,9049.2,1879.99,0.2622,14759,Hollow Knight,367520
Dec-24,7169.2,646.01,0.099,12515,Hollow Knight,367520
Nov-24,6523.2,1876.71,0.4039,13842,Hollow Knight,367520
Oct-24,4646.49,-233.15,-0.0478,10711,Hollow Knight,367520
Sep-24,4879.64,-546.01,-0.1006,8738,Hollow Knight,367520
Aug-24,5425.65,-1918.18,-0.2612,7994,Hollow Knight,367520
Jul-24,7343.83,2110.88,0.4034,11245,Hollow Knight,367520
Jun-24,5232.95,439.07,0.0916,10752,Hollow Knight,367520
May-24,4793.88,-911.29,-0.1597,8613,Hollow Knight,367520
Apr-24,5705.17,-193.48,-0.0327999999999999,9692,Hollow Knight,367520
Mar-24,5898.65,802.78,0.1575,12349,Hollow Knight,367520
Feb-24,5095.87,-1425.15,-0.2185,8144,Hollow Knight,367520
Jan-24,6521.02,692.38,0.1188,11032,Hollow Knight,367520
Dec-23,5828.64,80.48,0.0139999999999999,10852,Hollow Knight,367520
Nov-23,5748.15,1369.4,0.3127,12391,Hollow Knight,367520
Oct-23,4378.75,55.72,0.0129,10949,Hollow Knight,367520
Sep-23,4323.04,-438.28,-0.0921,7494,Hollow Knight,367520
Aug-23,4761.32,-2292.33,-0.325,7084,Hollow Knight,367520
Jul-23,7053.65,2725.04,0.6295000000000001,10943,Hollow Knight,367520
Jun-23,4328.61,324.8,0.0810999999999999,7538,Hollow Knight,367520
May-23,4003.81,-777.22,-0.1626,6890,Hollow Knight,367520
Apr-23,4781.03,-403.59,-0.0778,9126,Hollow Knight,367520
Mar-23,5184.62,-149.32,-0.0279999999999999,10564,Hollow Knight,367520
Feb-23,5333.94,-1970.77,-0.2698,8374,Hollow Knight,367520
Jan-23,7304.72,889.28,0.1386,11394,Hollow Knight,367520
Dec-22,6415.44,634.97,0.1098,11142,Hollow Knight,367520
Nov-22,5780.47,1422.72,0.3265,10917,Hollow Knight,367520
Oct-22,4357.74,294.09,0.0724,11617,Hollow Knight,367520
Sep-22,4063.65,-960.73,-0.1912,6950,Hollow Knight,367520
Aug-22,5024.38,-2353.02,-0.3189,7547,Hollow Knight,367520
Jul-22,7377.39,806.44,0.1226999999999999,11936,Hollow Knight,367520
Jun-22,6570.95,-1912.09,-0.2254,10778,Hollow Knight,367520
May-22,8483.04,3498.77,0.7020000000000001,20169,Hollow Knight,367520
Apr-22,4984.27,-933.01,-0.1577,8631,Hollow Knight,367520
Mar-22,5917.28,-944.79,-0.1377,11349,Hollow Knight,367520
Feb-22,6862.06,-534.57,-0.0723,13699,Hollow Knight,367520
Jan-22,7396.63,886.61,0.1362,12236,Hollow Knight,367520
Dec-21,6510.02,1122.5,0.2084,12422,Hollow Knight,367520
Nov-21,5387.52,1363.57,0.3389,10685,Hollow Knight,367520
Oct-21,4023.94,-805.7,-0.1668,10520,Hollow Knight,367520
Sep-21,4829.64,-2121.36,-0.3051999999999999,8588,Hollow Knight,367520
Aug-21,6951.0,-10.71,-0.0015,12781,Hollow Knight,367520
Jul-21,6961.71,2490.95,0.5572,11768,Hollow Knight,367520
Jun-21,4470.76,1251.03,0.3886,10582,Hollow Knight,367520
May-21,3219.73,-306.67,-0.087,5092,Hollow Knight,367520
Apr-21,3526.4,-298.21,-0.078,5649,Hollow Knight,367520
Mar-21,3824.61,-862.23,-0.184,6070,Hollow Knight,367520
Feb-21,4686.84,-1604.21,-0.255,6538,Hollow Knight,367520
Jan-21,6291.04,1256.82,0.2496999999999999,9879,Hollow Knight,367520
Dec-20,5034.23,1093.18,0.2774,9573,Hollow Knight,367520
Nov-20,3941.05,840.81,0.2712,8364,Hollow Knight,367520
Oct-20,3100.24,-508.11,-0.1408,6077,Hollow Knight,367520
Sep-20,3608.36,-1421.01,-0.2825,6134,Hollow Knight,367520
Aug-20,5029.37,-453.06,-0.0825999999999999,9029,Hollow Knight,367520
Jul-20,5482.42,1746.92,0.4677,8904,Hollow Knight,367520
Jun-20,3735.5,-1356.46,-0.2664,7525,Hollow Knight,367520
May-20,5091.95,976.09,0.2372,11437,Hollow Knight,367520
Apr-20,4115.86,143.57,0.0361,10709,Hollow Knight,367520
Mar-20,3972.28,-69.39,-0.0172,5911,Hollow Knight,367520
Feb-20,4041.67,14.63,0.0036,6945,Hollow Knight,367520
Jan-20,4027.04,1171.66,0.4103,7036,Hollow Knight,367520
Dec-19,2855.38,173.18,0.0646,7297,Hollow Knight,367520
Nov-19,2682.2,909.53,0.5131,6605,Hollow Knight,367520
Oct-19,1772.67,-47.42,-0.0260999999999999,5226,Hollow Knight,367520
Sep-19,1820.09,-484.09,-0.2101,3228,Hollow Knight,367520
Aug-19,2304.18,-1515.42,-0.3967,3592,Hollow Knight,367520
Jul-19,3819.6,1659.01,0.7679,6665,Hollow Knight,367520
Jun-19,2160.58,609.95,0.3934,6236,Hollow Knight,367520
May-19,1550.63,-35.55,-0.0224,2663,Hollow Knight,367520
Apr-19,1586.18,-798.73,-0.3349,2830,Hollow Knight,367520
Mar-19,2384.91,-741.85,-0.2373,4843,Hollow Knight,367520
Feb-19,3126.77,308.06,0.1093,5667,Hollow Knight,367520
Jan-19,2818.71,620.97,0.2825,4599,Hollow Knight,367520
Dec-18,2197.74,82.93,0.0392,4094,Hollow Knight,367520
Nov-18,2114.81,111.96,0.0559,4037,Hollow Knight,367520
Oct-18,2002.85,-983.14,-0.3293,3544,Hollow Knight,367520
Sep-18,2985.99,205.57,0.0739,7361,Hollow Knight,367520
Aug-18,2780.43,71.74,0.0265,10029,Hollow Knight,367520
Jul-18,2708.69,1143.6,0.7306999999999999,4776,Hollow Knight,367520
Jun-18,1565.08,444.58,0.3968,4665,Hollow Knight,367520
May-18,1120.5,-453.32,-0.288,1901,Hollow Knight,367520
Apr-18,1573.83,455.09,0.4068,2875,Hollow Knight,367520
Mar-18,1118.74,-293.16,-0.2076,2221,Hollow Knight,367520
Feb-18,1411.9,-685.7,-0.3268999999999999,2615,Hollow Knight,367520
Jan-18,2097.59,369.5,0.2138,4009,Hollow Knight,367520
Dec-17,1728.09,208.29,0.1371,3780,Hollow Knight,367520
Nov-17,1519.8,472.67,0.4514,3035,Hollow Knight,367520
Oct-17,1047.12,157.5,0.177,3050,Hollow Knight,367520
Sep-17,889.62,-943.99,-0.5147999999999999,1644,Hollow Knight,367520
Aug-17,1833.61,-648.29,-0.2612,4702,Hollow Knight,367520
Jul-17,2481.9,1010.67,0.687,5635,Hollow Knight,367520
Jun-17,1471.24,661.62,0.8172,6027,Hollow Knight,367520
May-17,809.61,80.75,0.1108,1995,Hollow Knight,367520
Apr-17,728.86,-397.59,-0.353,1305,Hollow Knight,367520
Mar-17,1126.45,934.15,4.8578,2027,Hollow Knight,367520
Feb-17,192.3,190.34,97.1945,2077,Hollow Knight,367520
Jan-17,1.96,1.06,1.1734,6,Hollow Knight,367520
Dec-16,0.9,-,0.0,4,Hollow Knight,367520
Sep-25,3256.48,-1118.61,-0.2557,5797,DARK SOULS™ III,374320
Aug-25,4375.09,-159.19,-0.0351,6979,DARK SOULS™ III,374320
Jul-25,4534.28,-694.79,-0.1329,7063,DARK SOULS™ III,374320
Jun-25,5229.07,-1821.64,-0.2584,8943,DARK SOULS™ III,374320
May-25,7050.7,2280.71,0.4781,13268,DARK SOULS™ III,374320
Apr-25,4769.99,-946.63,-0.1656,8034,DARK SOULS™ III,374320
Mar-25,5716.62,-792.72,-0.1217999999999999,10451,DARK SOULS™ III,374320
Feb-25,6509.33,1146,0.2137,11020,DARK SOULS™ III,374320
Jan-25,5363.33,-137.96,-0.0250999999999999,8467,DARK SOULS™ III,374320
Dec-24,5501.29,1284.99,0.3048,9379,DARK SOULS™ III,374320
Nov-24,4216.3,-1174.67,-0.2178999999999999,8953,DARK SOULS™ III,374320
Oct-24,5390.97,1396.63,0.3497,10671,DARK SOULS™ III,374320
Sep-24,3994.34,-908.01,-0.1852,8743,DARK SOULS™ III,374320
Aug-24,4902.35,-1566.53,-0.2422,8619,DARK SOULS™ III,374320
Jul-24,6468.88,609.62,0.104,10037,DARK SOULS™ III,374320
Jun-24,5859.26,-364.14,-0.0584999999999999,9762,DARK SOULS™ III,374320
May-24,6223.4,855.54,0.1594,11621,DARK SOULS™ III,374320
Apr-24,5367.86,-1927.74,-0.2642,9536,DARK SOULS™ III,374320
Mar-24,7295.6,476.4,0.0699,13294,DARK SOULS™ III,374320
Feb-24,6819.21,1736.24,0.3415999999999999,12348,DARK SOULS™ III,374320
Jan-24,5082.97,-656.04,-0.1143,8034,DARK SOULS™ III,374320
Dec-23,5739.01,927.71,0.1928,12262,DARK SOULS™ III,374320
Nov-23,4811.3,384.39,0.0868,12339,DARK SOULS™ III,374320
Oct-23,4426.9,-475.76,-0.0969999999999999,7662,DARK SOULS™ III,374320
Sep-23,4902.67,162.8,0.0343,9774,DARK SOULS™ III,374320
Aug-23,4739.86,-1976.04,-0.2942,7962,DARK SOULS™ III,374320
Jul-23,6715.9,3235.77,0.9298,10682,DARK SOULS™ III,374320
Jun-23,3480.13,-103.29,-0.0288,6986,DARK SOULS™ III,374320
May-23,3583.43,-279.49,-0.0724,6118,DARK SOULS™ III,374320
Apr-23,3862.92,-314.74,-0.0753,6552,DARK SOULS™ III,374320
Mar-23,4177.65,-568.02,-0.1197,7311,DARK SOULS™ III,374320
Feb-23,4745.68,-253.89,-0.0508,7594,DARK SOULS™ III,374320
Jan-23,4999.57,895.92,0.2183,7475,DARK SOULS™ III,374320
Dec-22,4103.65,297.07,0.078,6258,DARK SOULS™ III,374320
Nov-22,3806.58,-243.33,-0.0601,6492,DARK SOULS™ III,374320
Oct-22,4049.9,-1169.63,-0.2241,7597,DARK SOULS™ III,374320
Sep-22,5219.53,1249.63,0.3148,10247,DARK SOULS™ III,374320
Aug-22,3969.9,992.47,0.3333,11468,DARK SOULS™ III,374320
Jul-22,2977.44,-134.81,-0.0433,4504,DARK SOULS™ III,374320
Jun-22,3112.25,-894.01,-0.2232,5306,DARK SOULS™ III,374320
May-22,4006.26,-2454.74,-0.3799,8124,DARK SOULS™ III,374320
Apr-22,6461.0,-2877.58,-0.3081,12842,DARK SOULS™ III,374320
Mar-22,9338.58,-346.68,-0.0358,16976,DARK SOULS™ III,374320
Feb-22,9685.26,-5054.72,-0.3429,15240,DARK SOULS™ III,374320
Jan-22,14739.98,1093.28,0.0801,24209,DARK SOULS™ III,374320
Dec-21,13646.69,1350.48,0.1098,22553,DARK SOULS™ III,374320
Nov-21,12296.22,3766.94,0.4416,23564,DARK SOULS™ III,374320
Oct-21,8529.28,-639.99,-0.0698,13804,DARK SOULS™ III,374320
Sep-21,9169.27,-1915.61,-0.1728,14879,DARK SOULS™ III,374320
Aug-21,11084.88,-3041.22,-0.2153,16708,DARK SOULS™ III,374320
Jul-21,14126.1,1720.84,0.1387,23540,DARK SOULS™ III,374320
Jun-21,12405.26,2711.95,0.2798,25058,DARK SOULS™ III,374320
May-21,9693.31,-1585.41,-0.1406,15766,DARK SOULS™ III,374320
Apr-21,11278.72,1589.09,0.1639999999999999,19856,DARK SOULS™ III,374320
Mar-21,9689.63,-1296.32,-0.118,15689,DARK SOULS™ III,374320
Feb-21,10985.95,-2365.4,-0.1772,16560,DARK SOULS™ III,374320
Jan-21,13351.35,372.36,0.0287,21667,DARK SOULS™ III,374320
Dec-20,12978.99,3535.22,0.3743,23091,DARK SOULS™ III,374320
Nov-20,9443.77,2366.35,0.3344,23374,DARK SOULS™ III,374320
Oct-20,7077.42,-1258.38,-0.151,11512,DARK SOULS™ III,374320
Sep-20,8335.79,-2099.78,-0.2012,13775,DARK SOULS™ III,374320
Aug-20,10435.57,-4053.39,-0.2798,17321,DARK SOULS™ III,374320
Jul-20,14488.96,2684.99,0.2275,21513,DARK SOULS™ III,374320
Jun-20,11803.97,-3218.72,-0.2143,20761,DARK SOULS™ III,374320
May-20,15022.7,1196.03,0.0865,24748,DARK SOULS™ III,374320
Apr-20,13826.66,5001.19,0.5667,28185,DARK SOULS™ III,374320
Mar-20,8825.47,-893.78,-0.092,13507,DARK SOULS™ III,374320
Feb-20,9719.25,241.01,0.0254,15517,DARK SOULS™ III,374320
Jan-20,9478.24,1530.31,0.1925,15257,DARK SOULS™ III,374320
Dec-19,7947.93,1944.73,0.3239,14680,DARK SOULS™ III,374320
Nov-19,6003.21,677.02,0.1271,11549,DARK SOULS™ III,374320
Oct-19,5326.19,-973.98,-0.1546,9830,DARK SOULS™ III,374320
Sep-19,6300.17,-24.4,-0.0039,12530,DARK SOULS™ III,374320
Aug-19,6324.57,-1806.25,-0.2221,9935,DARK SOULS™ III,374320
Jul-19,8130.82,113.21,0.0141,13564,DARK SOULS™ III,374320
Jun-19,8017.61,616.3,0.0833,15226,DARK SOULS™ III,374320
May-19,7401.31,792.12,0.1199,15455,DARK SOULS™ III,374320
Apr-19,6609.19,-1554.52,-0.1903999999999999,12366,DARK SOULS™ III,374320
Mar-19,8163.72,-1609.58,-0.1646999999999999,15080,DARK SOULS™ III,374320
Feb-19,9773.3,-1230.71,-0.1118,16565,DARK SOULS™ III,374320
Jan-19,11004.0,2589.64,0.3078,18626,DARK SOULS™ III,374320
Dec-18,8414.36,379.84,0.0473,16580,DARK SOULS™ III,374320
Nov-18,8034.52,2814.48,0.5392,15459,DARK SOULS™ III,374320
Oct-18,5220.04,238.51,0.0479,10144,DARK SOULS™ III,374320
Sep-18,4981.52,-1911.32,-0.2773,8855,DARK SOULS™ III,374320
Aug-18,6892.85,-5083.92,-0.4245,13409,DARK SOULS™ III,374320
Jul-18,11976.77,2709.24,0.2923,20843,DARK SOULS™ III,374320
Jun-18,9267.53,2079.26,0.2893,19583,DARK SOULS™ III,374320
May-18,7188.27,-765.34,-0.0962,11945,DARK SOULS™ III,374320
Apr-18,7953.61,-2455.16,-0.2359,13018,DARK SOULS™ III,374320
Mar-18,10408.77,-2548.78,-0.1967,18911,DARK SOULS™ III,374320
Feb-18,12957.56,-788.1,-0.0573,20810,DARK SOULS™ III,374320
Jan-18,13745.66,4947.14,0.5623,23569,DARK SOULS™ III,374320
Dec-17,8798.51,3670.23,0.7156999999999999,21255,DARK SOULS™ III,374320
Nov-17,5128.28,-724.78,-0.1238,11223,DARK SOULS™ III,374320
Oct-17,5853.07,-803.52,-0.1207,11464,DARK SOULS™ III,374320
Sep-17,6656.59,108.02,0.0165,13577,DARK SOULS™ III,374320
Aug-17,6548.57,-2942.72,-0.31,10918,DARK SOULS™ III,374320
Jul-17,9491.29,1599.76,0.2027,15962,DARK SOULS™ III,374320
Jun-17,7891.53,-2790.31,-0.2612,14443,DARK SOULS™ III,374320
May-17,10681.84,-7692.51,-0.4186999999999999,18489,DARK SOULS™ III,374320
Apr-17,18374.35,9009.68,0.9621,34974,DARK SOULS™ III,374320
Mar-17,9364.67,2389.39,0.3425999999999999,41728,DARK SOULS™ III,374320
Feb-17,6975.28,-1985.45,-0.2216,11060,DARK SOULS™ III,374320
Jan-17,8960.74,3082.07,0.5243,14531,DARK SOULS™ III,374320
Dec-16,5878.67,-1409.2,-0.1934,12057,DARK SOULS™ III,374320
Nov-16,7287.87,-1960.48,-0.212,14769,DARK SOULS™ III,374320
Oct-16,9248.35,3318.12,0.5595,32421,DARK SOULS™ III,374320
Sep-16,5930.23,185.88,0.0324,9644,DARK SOULS™ III,374320
Aug-16,5744.35,-1170.82,-0.1693,11349,DARK SOULS™ III,374320
Jul-16,6915.17,-2956.7,-0.2995,12211,DARK SOULS™ III,374320
Jun-16,9871.87,-18512.03,-0.6522,18641,DARK SOULS™ III,374320
May-16,28383.9,-45882.75,-0.6178,78374,DARK SOULS™ III,374320
Apr-16,74266.65,-,0.0,129831,DARK SOULS™ III,374320
Sep-25,6290.92,-441.71,-0.0655999999999999,9807,The Isle,376210
Aug-25,6732.63,-232.47,-0.0334,9715,The Isle,376210
Jul-25,6965.1,406.55,0.062,10394,The Isle,376210
Jun-25,6558.55,-5.43,-0.0008,10500,The Isle,376210
May-25,6563.98,-82,-0.0123,10297,The Isle,376210
Apr-25,6645.98,-1839.5,-0.2168,10273,The Isle,376210
Mar-25,8485.47,909.19,0.12,13999,The Isle,376210
Feb-25,7576.28,1021.97,0.1559,13459,The Isle,376210
Jan-25,6554.31,1040.9,0.1888,9591,The Isle,376210
Dec-24,5513.41,652.79,0.1343,9198,The Isle,376210
Nov-24,4860.62,68.5,0.0143,7237,The Isle,376210
Oct-24,4792.12,-308.7,-0.0605,8041,The Isle,376210
Sep-24,5100.82,-587,-0.1032,7829,The Isle,376210
Aug-24,5687.81,1567.18,0.3803,8680,The Isle,376210
Jul-24,4120.64,-552.7,-0.1183,5812,The Isle,376210
Jun-24,4673.34,309.43,0.0709,7292,The Isle,376210
May-24,4363.91,282.42,0.0692,7366,The Isle,376210
Apr-24,4081.49,-57.13,-0.0138,6636,The Isle,376210
Mar-24,4138.62,608.87,0.1725,6527,The Isle,376210
Feb-24,3529.76,-623.23,-0.1501,5862,The Isle,376210
Jan-24,4152.99,5.91,0.0014,6218,The Isle,376210
Dec-23,4147.08,-266.77,-0.0604,7153,The Isle,376210
Nov-23,4413.86,133.77,0.0313,6832,The Isle,376210
Oct-23,4280.08,154.4,0.0374,7905,The Isle,376210
Sep-23,4125.68,-683.76,-0.1422,6521,The Isle,376210
Aug-23,4809.43,-1349.92,-0.2192,7601,The Isle,376210
Jul-23,6159.35,1200.47,0.2421,10379,The Isle,376210
Jun-23,4958.88,1350.77,0.3743999999999999,11412,The Isle,376210
May-23,3608.12,-603.81,-0.1434,5643,The Isle,376210
Apr-23,4211.93,294.88,0.0753,6167,The Isle,376210
Mar-23,3917.04,-300.78,-0.0713,6189,The Isle,376210
Feb-23,4217.82,-520,-0.1098,6441,The Isle,376210
Jan-23,4737.81,747.96,0.1875,6827,The Isle,376210
Dec-22,3989.85,378.06,0.1047,6402,The Isle,376210
Nov-22,3611.8,63.81,0.018,5450,The Isle,376210
Oct-22,3547.98,-172.2,-0.0463,5415,The Isle,376210
Sep-22,3720.19,-669.28,-0.1525,5914,The Isle,376210
Aug-22,4389.47,-633.92,-0.1261999999999999,6364,The Isle,376210
Jul-22,5023.39,1257.94,0.3340999999999999,9302,The Isle,376210
Jun-22,3765.45,258.27,0.0736,5508,The Isle,376210
May-22,3507.17,-85.07,-0.0237,5538,The Isle,376210
Apr-22,3592.25,160.72,0.0467999999999999,5469,The Isle,376210
Mar-22,3431.52,59.38,0.0176,5304,The Isle,376210
Feb-22,3372.14,-300.79,-0.0819,5223,The Isle,376210
Jan-22,3672.93,611.22,0.1996,5702,The Isle,376210
Dec-21,3061.71,387.29,0.1448,5417,The Isle,376210
Nov-21,2674.42,-356.36,-0.1176,4194,The Isle,376210
Oct-21,3030.78,-269.2,-0.0816,4894,The Isle,376210
Sep-21,3299.98,-609.36,-0.1559,5270,The Isle,376210
Aug-21,3909.34,-79.07,-0.0197999999999999,5504,The Isle,376210
Jul-21,3988.41,-599.52,-0.1307,5751,The Isle,376210
Jun-21,4587.93,-974.63,-0.1752,7242,The Isle,376210
May-21,5562.56,691.64,0.142,11025,The Isle,376210
Apr-21,4870.92,1679.52,0.5263,9039,The Isle,376210
Mar-21,3191.4,-17.53,-0.0055,5318,The Isle,376210
Feb-21,3208.93,65.38,0.0208,4844,The Isle,376210
Jan-21,3143.55,429.36,0.1582,4960,The Isle,376210
Dec-20,2714.19,234.99,0.0948,5064,The Isle,376210
Nov-20,2479.2,-259.69,-0.0948,4249,The Isle,376210
Oct-20,2738.89,-273.07,-0.0907,4309,The Isle,376210
Sep-20,3011.95,-440.79,-0.1277,4843,The Isle,376210
Aug-20,3452.74,-66.4,-0.0189,4984,The Isle,376210
Jul-20,3519.14,-964.2,-0.2151,4865,The Isle,376210
Jun-20,4483.34,143.76,0.0331,11795,The Isle,376210
May-20,4339.59,-100.84,-0.0227,6209,The Isle,376210
Apr-20,4440.43,417.55,0.1038,6412,The Isle,376210
Mar-20,4022.89,68.94,0.0174,6733,The Isle,376210
Feb-20,3953.95,-270.82,-0.0641,6705,The Isle,376210
Jan-20,4224.77,1098.91,0.3515999999999999,7026,The Isle,376210
Dec-19,3125.86,640.62,0.2578,6585,The Isle,376210
Nov-19,2485.24,-6.35,-0.0025,4255,The Isle,376210
Oct-19,2491.6,-43.58,-0.0172,4317,The Isle,376210
Sep-19,2535.17,-414.9,-0.1406,4422,The Isle,376210
Aug-19,2950.07,136.68,0.0486,4628,The Isle,376210
Jul-19,2813.39,209.91,0.0806,4810,The Isle,376210
Jun-19,2603.48,9.52,0.0037,4114,The Isle,376210
May-19,2593.95,-230.1,-0.0815,4564,The Isle,376210
Apr-19,2824.05,-526.04,-0.157,5186,The Isle,376210
Mar-19,3350.09,-121.42,-0.035,5847,The Isle,376210
Feb-19,3471.5,1137.63,0.4874,5785,The Isle,376210
Jan-19,2333.88,1209.5,1.0757,5084,The Isle,376210
Dec-18,1124.37,348.21,0.4486,2535,The Isle,376210
Nov-18,776.17,-159.28,-0.1703,1546,The Isle,376210
Oct-18,935.45,44.62,0.0501,1770,The Isle,376210
Sep-18,890.82,-52.09,-0.0552,1557,The Isle,376210
Aug-18,942.91,-61.49,-0.0612,1561,The Isle,376210
Jul-18,1004.4,-74.33,-0.0689,1545,The Isle,376210
Jun-18,1078.73,67.02,0.0662,1848,The Isle,376210
May-18,1011.72,34.88,0.0356999999999999,2156,The Isle,376210
Apr-18,976.84,-11.11,-0.0112,1730,The Isle,376210
Mar-18,987.95,162.04,0.1962,1650,The Isle,376210
Feb-18,825.91,-276.97,-0.2511,1530,The Isle,376210
Jan-18,1102.88,470.94,0.7452,2446,The Isle,376210
Dec-17,631.93,104.89,0.1989999999999999,1249,The Isle,376210
Nov-17,527.04,53.45,0.1128999999999999,1000,The Isle,376210
Oct-17,473.59,-97.83,-0.1712,955,The Isle,376210
Sep-17,571.42,-236.82,-0.293,1100,The Isle,376210
Aug-17,808.25,3.06,0.0038,1271,The Isle,376210
Jul-17,805.19,162.95,0.2537,1377,The Isle,376210
Jun-17,642.24,137.56,0.2726,1388,The Isle,376210
May-17,504.67,-16.51,-0.0317,992,The Isle,376210
Apr-17,521.18,49.37,0.1046,994,The Isle,376210
Mar-17,471.82,-39.16,-0.0766,1069,The Isle,376210
Feb-17,510.98,-5.41,-0.0105,941,The Isle,376210
Jan-17,516.39,-34.33,-0.0623,1035,The Isle,376210
Dec-16,550.73,13.58,0.0253,1049,The Isle,376210
Nov-16,537.15,51.84,0.1067999999999999,1166,The Isle,376210
Oct-16,485.31,80.27,0.1982,1016,The Isle,376210
Sep-16,405.04,-66.85,-0.1417,856,The Isle,376210
Aug-16,471.88,33.02,0.0751999999999999,853,The Isle,376210
Jul-16,438.86,117.76,0.3667,951,The Isle,376210
Jun-16,321.11,28.05,0.0957,547,The Isle,376210
May-16,293.05,27.96,0.1055,574,The Isle,376210
Apr-16,265.09,16.86,0.0679,556,The Isle,376210
Mar-16,248.23,55.98,0.2912,877,The Isle,376210
Feb-16,192.25,95.6,0.9891,474,The Isle,376210
Jan-16,96.65,-16.55,-0.1462,268,The Isle,376210
Dec-15,113.2,-,0.0,258,The Isle,376210
Sep-25,12515.42,-1003.22,-0.0742,20449,Fallout 4,377160
Aug-25,13518.64,1285.61,0.1051,21622,Fallout 4,377160
Jul-25,12233.02,553.92,0.0474,19095,Fallout 4,377160
Jun-25,11679.1,-301.38,-0.0252,17992,Fallout 4,377160
May-25,11980.49,-1060.86,-0.0813,19602,Fallout 4,377160
Apr-25,13041.35,-165.75,-0.0125,21770,Fallout 4,377160
Mar-25,13207.09,89.46,0.0068,22747,Fallout 4,377160
Feb-25,13117.63,-801.79,-0.0576,21399,Fallout 4,377160
Jan-25,13919.43,683.74,0.0516999999999999,22096,Fallout 4,377160
Dec-24,13235.68,-703.32,-0.0504999999999999,20744,Fallout 4,377160
Nov-24,13939.0,849.85,0.0649,22872,Fallout 4,377160
Oct-24,13089.15,-983,-0.0699,24261,Fallout 4,377160
Sep-24,14072.16,-5869.6,-0.2943,24761,Fallout 4,377160
Aug-24,19941.76,-1947.05,-0.089,34798,Fallout 4,377160
Jul-24,21888.81,-13602.66,-0.3833,37963,Fallout 4,377160
Jun-24,35491.47,-41373.31,-0.5383,80807,Fallout 4,377160
May-24,76864.78,17762.71,0.3005,167779,Fallout 4,377160
Apr-24,59102.06,44310.79,2.9957,186746,Fallout 4,377160
Mar-24,14791.27,202.51,0.0139,25580,Fallout 4,377160
Feb-24,14588.76,-745.7,-0.0486,24354,Fallout 4,377160
Jan-24,15334.46,991.04,0.0691,24668,Fallout 4,377160
Dec-23,14343.42,1007.53,0.0756,22408,Fallout 4,377160
Nov-23,13335.89,1388.84,0.1162,20753,Fallout 4,377160
Oct-23,11947.05,-1721.86,-0.126,21318,Fallout 4,377160
Sep-23,13668.91,-3830.58,-0.2189,22953,Fallout 4,377160
Aug-23,17499.49,-388.81,-0.0217,27730,Fallout 4,377160
Jul-23,17888.3,2823.8,0.1873999999999999,27022,Fallout 4,377160
Jun-23,15064.5,2033.22,0.156,26021,Fallout 4,377160
May-23,13031.28,-1171.24,-0.0825,20281,Fallout 4,377160
Apr-23,14202.52,-16.09,-0.0011,22530,Fallout 4,377160
Mar-23,14218.62,-1038.49,-0.0681,23467,Fallout 4,377160
Feb-23,15257.11,-2277.46,-0.1299,25698,Fallout 4,377160
Jan-23,17534.57,1609.58,0.1011,27076,Fallout 4,377160
Dec-22,15924.99,-1121.02,-0.0658,24301,Fallout 4,377160
Nov-22,17046.01,-1451.12,-0.0785,28190,Fallout 4,377160
Oct-22,18497.13,3743.04,0.2537,31142,Fallout 4,377160
Sep-22,14754.09,-1952.13,-0.1168999999999999,24300,Fallout 4,377160
Aug-22,16706.22,492.37,0.0304,27516,Fallout 4,377160
Jul-22,16213.85,2216,0.1583,23753,Fallout 4,377160
Jun-22,13997.85,601.45,0.0449,22069,Fallout 4,377160
May-22,13396.39,-330.71,-0.0241,20626,Fallout 4,377160
Apr-22,13727.11,224,0.0166,21733,Fallout 4,377160
Mar-22,13503.1,-1661.09,-0.1094999999999999,21708,Fallout 4,377160
Feb-22,15164.19,-1789.88,-0.1056,23963,Fallout 4,377160
Jan-22,16954.06,1527.61,0.099,24939,Fallout 4,377160
Dec-21,15426.45,-1595.24,-0.0936999999999999,23085,Fallout 4,377160
Nov-21,17021.69,-809.44,-0.0454,27235,Fallout 4,377160
Oct-21,17831.13,1216.83,0.0732,32662,Fallout 4,377160
Sep-21,16614.3,-2696.39,-0.1396,26916,Fallout 4,377160
Aug-21,19310.69,5277.55,0.3761,34180,Fallout 4,377160
Jul-21,14033.14,1602.62,0.1289,20199,Fallout 4,377160
Jun-21,12430.52,-704.16,-0.0536,19487,Fallout 4,377160
May-21,13134.68,524.82,0.0416,21237,Fallout 4,377160
Apr-21,12609.86,-32.81,-0.0026,19732,Fallout 4,377160
Mar-21,12642.67,-1130.48,-0.0821,20908,Fallout 4,377160
Feb-21,13773.15,-1310.79,-0.0868999999999999,21274,Fallout 4,377160
Jan-21,15083.94,624.58,0.0432,23877,Fallout 4,377160
Dec-20,14459.36,-2155.76,-0.1297,23305,Fallout 4,377160
Nov-20,16615.12,1557.54,0.1033999999999999,26621,Fallout 4,377160
Oct-20,15057.58,2185.37,0.1698,29702,Fallout 4,377160
Sep-20,12872.22,-2344.57,-0.1541,19804,Fallout 4,377160
Aug-20,15216.79,68.44,0.0045,24206,Fallout 4,377160
Jul-20,15148.35,2224.21,0.1721,23204,Fallout 4,377160
Jun-20,12924.14,-2211.93,-0.1461,20948,Fallout 4,377160
May-20,15136.06,-850.47,-0.0532,23912,Fallout 4,377160
Apr-20,15986.54,1641.31,0.1144,24455,Fallout 4,377160
Mar-20,14345.23,554.6,0.0401999999999999,24354,Fallout 4,377160
Feb-20,13790.63,-585.88,-0.0408,21988,Fallout 4,377160
Jan-20,14376.51,397.28,0.0283999999999999,23023,Fallout 4,377160
Dec-19,13979.23,975.08,0.075,23706,Fallout 4,377160
Nov-19,13004.15,868.08,0.0715,22661,Fallout 4,377160
Oct-19,12136.07,167.63,0.0139999999999999,23275,Fallout 4,377160
Sep-19,11968.44,-2829.04,-0.1912,20097,Fallout 4,377160
Aug-19,14797.48,779.22,0.0556,24918,Fallout 4,377160
Jul-19,14018.26,1076.63,0.0832,25568,Fallout 4,377160
Jun-19,12941.63,1708.32,0.1521,20831,Fallout 4,377160
May-19,11233.31,922.75,0.0895,19712,Fallout 4,377160
Apr-19,10310.56,-1289.1,-0.1110999999999999,17822,Fallout 4,377160
Mar-19,11599.67,-401.55,-0.0335,19879,Fallout 4,377160
Feb-19,12001.22,-2081.48,-0.1478,20610,Fallout 4,377160
Jan-19,14082.69,-2888.44,-0.1702,25206,Fallout 4,377160
Dec-18,16971.13,-1962.75,-0.1036999999999999,31485,Fallout 4,377160
Nov-18,18933.89,380.77,0.0204999999999999,33389,Fallout 4,377160
Oct-18,18553.12,1974.11,0.1191,36389,Fallout 4,377160
Sep-18,16579.01,-2212.24,-0.1177,28436,Fallout 4,377160
Aug-18,18791.24,-4679.1,-0.1994,32239,Fallout 4,377160
Jul-18,23470.34,-2051.52,-0.0803999999999999,43476,Fallout 4,377160
Jun-18,25521.86,10460.64,0.6945,47573,Fallout 4,377160
May-18,15061.22,85.03,0.0056999999999999,25653,Fallout 4,377160
Apr-18,14976.19,-2171.35,-0.1266,26203,Fallout 4,377160
Mar-18,17147.54,-4444.92,-0.2059,30503,Fallout 4,377160
Feb-18,21592.46,743.62,0.0356999999999999,45111,Fallout 4,377160
Jan-18,20848.84,846.59,0.0423,37190,Fallout 4,377160
Dec-17,20002.25,1634.64,0.089,34512,Fallout 4,377160
Nov-17,18367.61,-351.39,-0.0187999999999999,33736,Fallout 4,377160
Oct-17,18719.0,474.71,0.026,35886,Fallout 4,377160
Sep-17,18244.29,-504.18,-0.0269,31836,Fallout 4,377160
Aug-17,18748.47,-2943.63,-0.1357,32696,Fallout 4,377160
Jul-17,21692.1,-90.74,-0.0042,36800,Fallout 4,377160
Jun-17,21782.84,2846.72,0.1503,38111,Fallout 4,377160
May-17,18936.13,2089.22,0.124,49675,Fallout 4,377160
Apr-17,16846.91,-51.99,-0.0031,29010,Fallout 4,377160
Mar-17,16898.9,-2674.97,-0.1367,31843,Fallout 4,377160
Feb-17,19573.86,-3236.02,-0.1419,34587,Fallout 4,377160
Jan-17,22809.88,1751.13,0.0832,41471,Fallout 4,377160
Dec-16,21058.75,1360.35,0.0691,37794,Fallout 4,377160
Nov-16,19698.4,-1087.6,-0.0523,40096,Fallout 4,377160
Oct-16,20786.01,-3608.11,-0.1479,39948,Fallout 4,377160
Sep-16,24394.12,735.91,0.0311,48954,Fallout 4,377160
Aug-16,23658.21,-699.12,-0.0287,45998,Fallout 4,377160
Jul-16,24357.33,-874.69,-0.0347,41541,Fallout 4,377160
Jun-16,25232.02,-4294.38,-0.1454,45855,Fallout 4,377160
May-16,29526.4,2964.83,0.1116,74283,Fallout 4,377160
Apr-16,26561.57,-1964.9,-0.0689,52480,Fallout 4,377160
Mar-16,28526.47,-4206.69,-0.1285,57102,Fallout 4,377160
Feb-16,32733.17,-22093.3,-0.4029999999999999,61739,Fallout 4,377160
Jan-16,54826.47,-39309.9,-0.4175999999999999,119272,Fallout 4,377160
Dec-15,94136.37,-132161.46,-0.584,201635,Fallout 4,377160
Nov-15,226297.83,-,0.0,471955,Fallout 4,377160
Sep-25,4374.28,1104.34,0.3377,9410,Kingdom Come: Deliverance,379430
Aug-25,3269.95,-197.15,-0.0569,6780,Kingdom Come: Deliverance,379430
Jul-25,3467.1,384.97,0.1249,6501,Kingdom Come: Deliverance,379430
Jun-25,3082.13,-1197.14,-0.2798,6294,Kingdom Come: Deliverance,379430
May-25,4279.26,-1537.89,-0.2644,8564,Kingdom Come: Deliverance,379430
Apr-25,5817.15,-7811.25,-0.5732,13634,Kingdom Come: Deliverance,379430
Mar-25,13628.4,-7623.87,-0.3586999999999999,28178,Kingdom Come: Deliverance,379430
Feb-25,21252.26,10426.64,0.9631,45471,Kingdom Come: Deliverance,379430
Jan-25,10825.62,3043.36,0.3911,22434,Kingdom Come: Deliverance,379430
Dec-24,7782.26,3502.83,0.8184999999999999,14405,Kingdom Come: Deliverance,379430
Nov-24,4279.44,-1315.28,-0.2351,10837,Kingdom Come: Deliverance,379430
Oct-24,5594.71,-5189.68,-0.4811999999999999,12348,Kingdom Come: Deliverance,379430
Sep-24,10784.39,6645.55,1.6057,28774,Kingdom Come: Deliverance,379430
Aug-24,4138.84,-20.11,-0.0048,22184,Kingdom Come: Deliverance,379430
Jul-24,4158.95,-1038.45,-0.1998,8394,Kingdom Come: Deliverance,379430
Jun-24,5197.39,-1061.43,-0.1696,10312,Kingdom Come: Deliverance,379430
May-24,6258.83,-13.01,-0.0021,15887,Kingdom Come: Deliverance,379430
Apr-24,6271.84,3373.5,1.1639,23196,Kingdom Come: Deliverance,379430
Mar-24,2898.34,-347.63,-0.1071,5783,Kingdom Come: Deliverance,379430
Feb-24,3245.96,18.53,0.0056999999999999,6908,Kingdom Come: Deliverance,379430
Jan-24,3227.44,244.2,0.0819,6058,Kingdom Come: Deliverance,379430
Dec-23,2983.24,915.96,0.4431,5334,Kingdom Come: Deliverance,379430
Nov-23,2067.28,197.16,0.1054,4543,Kingdom Come: Deliverance,379430
Oct-23,1870.12,-635.85,-0.2537,3696,Kingdom Come: Deliverance,379430
Sep-23,2505.97,77.96,0.0321,5161,Kingdom Come: Deliverance,379430
Aug-23,2428.0,-706.42,-0.2254,5162,Kingdom Come: Deliverance,379430
Jul-23,3134.42,-377.34,-0.1075,5658,Kingdom Come: Deliverance,379430
Jun-23,3511.76,1248.27,0.5515,8552,Kingdom Come: Deliverance,379430
May-23,2263.49,-671.25,-0.2287,4610,Kingdom Come: Deliverance,379430
Apr-23,2934.74,-1006.04,-0.2553,6015,Kingdom Come: Deliverance,379430
Mar-23,3940.78,590.63,0.1762999999999999,8581,Kingdom Come: Deliverance,379430
Feb-23,3350.15,-338.97,-0.0919,7502,Kingdom Come: Deliverance,379430
Jan-23,3689.12,1122.67,0.4374,6490,Kingdom Come: Deliverance,379430
Dec-22,2566.45,369.87,0.1684,4928,Kingdom Come: Deliverance,379430
Nov-22,2196.58,-360.17,-0.1409,4258,Kingdom Come: Deliverance,379430
Oct-22,2556.75,609.87,0.3132999999999999,5965,Kingdom Come: Deliverance,379430
Sep-22,1946.88,-1250.68,-0.3911,3643,Kingdom Come: Deliverance,379430
Aug-22,3197.56,418.94,0.1508,6976,Kingdom Come: Deliverance,379430
Jul-22,2778.61,352.57,0.1452999999999999,5094,Kingdom Come: Deliverance,379430
Jun-22,2426.04,-93.31,-0.037,5181,Kingdom Come: Deliverance,379430
May-22,2519.36,270.01,0.12,5932,Kingdom Come: Deliverance,379430
Apr-22,2249.34,-133.46,-0.0559999999999999,5019,Kingdom Come: Deliverance,379430
Mar-22,2382.8,-1875.83,-0.4404999999999999,4621,Kingdom Come: Deliverance,379430
Feb-22,4258.64,776.56,0.223,10317,Kingdom Come: Deliverance,379430
Jan-22,3482.08,507.38,0.1705999999999999,6720,Kingdom Come: Deliverance,379430
Dec-21,2974.7,-114.35,-0.037,5607,Kingdom Come: Deliverance,379430
Nov-21,3089.05,1086.63,0.5427000000000001,7378,Kingdom Come: Deliverance,379430
Oct-21,2002.42,-494.36,-0.198,4260,Kingdom Come: Deliverance,379430
Sep-21,2496.78,-557.85,-0.1826,4923,Kingdom Come: Deliverance,379430
Aug-21,3054.63,26.3,0.0087,8235,Kingdom Come: Deliverance,379430
Jul-21,3028.33,494.15,0.195,5973,Kingdom Come: Deliverance,379430
Jun-21,2534.19,285.76,0.1271,5214,Kingdom Come: Deliverance,379430
May-21,2248.43,-745.59,-0.249,4915,Kingdom Come: Deliverance,379430
Apr-21,2994.01,-1022.21,-0.2545,6492,Kingdom Come: Deliverance,379430
Mar-21,4016.23,1229.69,0.4413,12353,Kingdom Come: Deliverance,379430
Feb-21,2786.54,-350.93,-0.1119,5347,Kingdom Come: Deliverance,379430
Jan-21,3137.46,651.28,0.262,6169,Kingdom Come: Deliverance,379430
Dec-20,2486.19,219.62,0.0969,5332,Kingdom Come: Deliverance,379430
Nov-20,2266.57,64.04,0.0291,4620,Kingdom Come: Deliverance,379430
Oct-20,2202.53,47.02,0.0218,4164,Kingdom Come: Deliverance,379430
Sep-20,2155.51,53.76,0.0256,4717,Kingdom Come: Deliverance,379430
Aug-20,2101.75,-875.55,-0.2941,4033,Kingdom Come: Deliverance,379430
Jul-20,2977.3,19.22,0.0065,5591,Kingdom Come: Deliverance,379430
Jun-20,2958.08,269.45,0.1002,8153,Kingdom Come: Deliverance,379430
May-20,2688.63,-1794.78,-0.4003,5612,Kingdom Come: Deliverance,379430
Apr-20,4483.4,1381.62,0.4454,10947,Kingdom Come: Deliverance,379430
Mar-20,3101.78,-555.07,-0.1518,6538,Kingdom Come: Deliverance,379430
Feb-20,3656.85,602.98,0.1974,8352,Kingdom Come: Deliverance,379430
Jan-20,3053.87,663.8,0.2777,6402,Kingdom Come: Deliverance,379430
Dec-19,2390.07,-35.07,-0.0144999999999999,5952,Kingdom Come: Deliverance,379430
Nov-19,2425.14,70.22,0.0298,5785,Kingdom Come: Deliverance,379430
Oct-19,2354.91,-1423,-0.3767,5000,Kingdom Come: Deliverance,379430
Sep-19,3777.91,849.67,0.2902,12613,Kingdom Come: Deliverance,379430
Aug-19,2928.24,-1386.48,-0.3213,6204,Kingdom Come: Deliverance,379430
Jul-19,4314.73,1304.44,0.4332999999999999,8716,Kingdom Come: Deliverance,379430
Jun-19,3010.29,1041.11,0.5287,7416,Kingdom Come: Deliverance,379430
May-19,1969.18,-412.09,-0.1730999999999999,4426,Kingdom Come: Deliverance,379430
Apr-19,2381.27,1.35,0.0006,5598,Kingdom Come: Deliverance,379430
Mar-19,2379.92,-1156.93,-0.3271,6737,Kingdom Come: Deliverance,379430
Feb-19,3536.86,-1580.01,-0.3087999999999999,8621,Kingdom Come: Deliverance,379430
Jan-19,5116.87,2088.89,0.6899,13853,Kingdom Come: Deliverance,379430
Dec-18,3027.98,368.12,0.1384,9208,Kingdom Come: Deliverance,379430
Nov-18,2659.85,130.52,0.0516,6768,Kingdom Come: Deliverance,379430
Oct-18,2529.33,293.8,0.1314,8384,Kingdom Come: Deliverance,379430
Sep-18,2235.53,-10.22,-0.0046,6180,Kingdom Come: Deliverance,379430
Aug-18,2245.75,-2209.7,-0.496,4926,Kingdom Come: Deliverance,379430
Jul-18,4455.45,2005.66,0.8187000000000001,12076,Kingdom Come: Deliverance,379430
Jun-18,2449.8,142.97,0.062,6154,Kingdom Come: Deliverance,379430
May-18,2306.83,-1591.7,-0.4083,4949,Kingdom Come: Deliverance,379430
Apr-18,3898.53,-9039.96,-0.6987000000000001,11100,Kingdom Come: Deliverance,379430
Mar-18,12938.49,-12675.7,-0.4949,40933,Kingdom Come: Deliverance,379430
Feb-18,25614.19,25614.11,326579.9646,95863,Kingdom Come: Deliverance,379430
Dec-17,0.08,-,0.0,1,Kingdom Come: Deliverance,379430
Sep-25,47389.1,-12132.92,-0.2037999999999999,78689,Dead by Daylight,381210
Aug-25,59522.02,-4014.55,-0.0632,104570,Dead by Daylight,381210
Jul-25,63536.57,7046.68,0.1247,96818,Dead by Daylight,381210
Jun-25,56489.89,14303.32,0.3389999999999999,120430,Dead by Daylight,381210
May-25,42186.57,737.21,0.0178,82506,Dead by Daylight,381210
Apr-25,41449.36,9723.67,0.3065,71375,Dead by Daylight,381210
Mar-25,31725.69,-3911.44,-0.1098,50802,Dead by Daylight,381210
Feb-25,35637.13,5115.27,0.1676,66219,Dead by Daylight,381210
Jan-25,30521.87,-852.75,-0.0272,44111,Dead by Daylight,381210
Dec-24,31374.61,-7193.25,-0.1865,46522,Dead by Daylight,381210
Nov-24,38567.86,-1129.23,-0.0283999999999999,68157,Dead by Daylight,381210
Oct-24,39697.1,1442.56,0.0377,70208,Dead by Daylight,381210
Sep-24,38254.54,-2625.07,-0.0642,59668,Dead by Daylight,381210
Aug-24,40879.61,234.41,0.0058,62754,Dead by Daylight,381210
Jul-24,40645.2,-4160.91,-0.0929,99859,Dead by Daylight,381210
Jun-24,44806.11,8980.74,0.2507,83741,Dead by Daylight,381210
May-24,35825.37,2779.09,0.0841,62610,Dead by Daylight,381210
Apr-24,33046.27,-9236.57,-0.2184,56673,Dead by Daylight,381210
Mar-24,42282.84,10098.3,0.3137999999999999,71444,Dead by Daylight,381210
Feb-24,32184.55,3840.49,0.1355,48792,Dead by Daylight,381210
Jan-24,28344.06,-2914.75,-0.0932,42401,Dead by Daylight,381210
Dec-23,31258.81,-1379.06,-0.0423,50431,Dead by Daylight,381210
Nov-23,32637.87,1540.12,0.0495,57906,Dead by Daylight,381210
Oct-23,31097.75,916.62,0.0304,60779,Dead by Daylight,381210
Sep-23,30181.13,-5903.96,-0.1636,49617,Dead by Daylight,381210
Aug-23,36085.09,-5067.41,-0.1231,56455,Dead by Daylight,381210
Jul-23,41152.51,1039.32,0.0259,66799,Dead by Daylight,381210
Jun-23,40113.19,9268.89,0.3005,87747,Dead by Daylight,381210
May-23,30844.29,782.76,0.026,47348,Dead by Daylight,381210
Apr-23,30061.53,-2865.88,-0.087,46191,Dead by Daylight,381210
Mar-23,32927.41,744.4,0.0231,55808,Dead by Daylight,381210
Feb-23,32183.02,-1432.27,-0.0426,48520,Dead by Daylight,381210
Jan-23,33615.29,930.79,0.0285,51637,Dead by Daylight,381210
Dec-22,32684.5,-907.42,-0.027,46470,Dead by Daylight,381210
Nov-22,33591.92,-4479.88,-0.1177,55272,Dead by Daylight,381210
Oct-22,38071.81,146.39,0.0039,67565,Dead by Daylight,381210
Sep-22,37925.41,2276.19,0.0638,66113,Dead by Daylight,381210
Aug-22,35649.22,-1309.81,-0.0354,70127,Dead by Daylight,381210
Jul-22,36959.03,-12182.82,-0.2478999999999999,68130,Dead by Daylight,381210
Jun-22,49141.85,17094.01,0.5334,96390,Dead by Daylight,381210
May-22,32047.85,2099.72,0.0701,50818,Dead by Daylight,381210
Apr-22,29948.12,-4446.66,-0.1293,47960,Dead by Daylight,381210
Mar-22,34394.78,-1812.26,-0.0501,53766,Dead by Daylight,381210
Feb-22,36207.04,-3921.98,-0.0977,52508,Dead by Daylight,381210
Jan-22,40129.02,-4510.44,-0.1009999999999999,62074,Dead by Daylight,381210
Dec-21,44639.46,-319.23,-0.0070999999999999,73945,Dead by Daylight,381210
Nov-21,44958.69,-5202.77,-0.1036999999999999,76930,Dead by Daylight,381210
Oct-21,50161.46,-1229.28,-0.0239,100416,Dead by Daylight,381210
Sep-21,51390.73,262.68,0.0051,82776,Dead by Daylight,381210
Aug-21,51128.06,-11359.69,-0.1818,75217,Dead by Daylight,381210
Jul-21,62487.74,13719.23,0.2813,96393,Dead by Daylight,381210
Jun-21,48768.51,8166.02,0.2011,105052,Dead by Daylight,381210
May-21,40602.49,2735.3,0.0722,86430,Dead by Daylight,381210
Apr-21,37867.2,3701.15,0.1083,55071,Dead by Daylight,381210
Mar-21,34166.04,-1182.41,-0.0335,56338,Dead by Daylight,381210
Feb-21,35348.46,-994.04,-0.0274,52322,Dead by Daylight,381210
Jan-21,36342.49,710.31,0.0199,53583,Dead by Daylight,381210
Dec-20,35632.18,-650.96,-0.0179,54526,Dead by Daylight,381210
Nov-20,36283.14,2810.21,0.084,75075,Dead by Daylight,381210
Oct-20,33472.92,-6425.43,-0.161,77347,Dead by Daylight,381210
Sep-20,39898.35,-249.94,-0.0062,76258,Dead by Daylight,381210
Aug-20,40148.29,-388.79,-0.0096,58910,Dead by Daylight,381210
Jul-20,40537.08,57.17,0.0014,66429,Dead by Daylight,381210
Jun-20,40479.91,6747.27,0.2,77341,Dead by Daylight,381210
May-20,33732.64,1339.98,0.0414,57799,Dead by Daylight,381210
Apr-20,32392.67,2045.52,0.0674,58477,Dead by Daylight,381210
Mar-20,30347.14,6925.91,0.2957,51146,Dead by Daylight,381210
Feb-20,23421.23,-160.92,-0.0068,38942,Dead by Daylight,381210
Jan-20,23582.15,479.35,0.0207,44620,Dead by Daylight,381210
Dec-19,23102.8,-360.58,-0.0154,38177,Dead by Daylight,381210
Nov-19,23463.37,3079.29,0.1510999999999999,52818,Dead by Daylight,381210
Oct-19,20384.08,-3074.68,-0.1311,46399,Dead by Daylight,381210
Sep-19,23458.77,4205.46,0.2184,49308,Dead by Daylight,381210
Aug-19,19253.31,150.67,0.0079,29281,Dead by Daylight,381210
Jul-19,19102.64,-2403.1,-0.1117,28581,Dead by Daylight,381210
Jun-19,21505.73,941.08,0.0458,40782,Dead by Daylight,381210
May-19,20564.66,3604.65,0.2125,75044,Dead by Daylight,381210
Apr-19,16960.01,579.26,0.0354,34038,Dead by Daylight,381210
Mar-19,16380.76,-2796.03,-0.1458,26669,Dead by Daylight,381210
Feb-19,19176.79,-2902.28,-0.1314,37289,Dead by Daylight,381210
Jan-19,22079.07,2356.53,0.1195,41441,Dead by Daylight,381210
Dec-18,19722.54,1198.52,0.0647,38560,Dead by Daylight,381210
Nov-18,18524.02,-3971.89,-0.1766,40901,Dead by Daylight,381210
Oct-18,22495.91,606.01,0.0277,51065,Dead by Daylight,381210
Sep-18,21889.9,2363.66,0.1211,62756,Dead by Daylight,381210
Aug-18,19526.24,-2622.7,-0.1184,36374,Dead by Daylight,381210
Jul-18,22148.94,2642.76,0.1355,46865,Dead by Daylight,381210
Jun-18,19506.18,5712,0.4140999999999999,36423,Dead by Daylight,381210
May-18,13794.19,1203.1,0.0956,36414,Dead by Daylight,381210
Apr-18,12591.08,-664.94,-0.0501999999999999,22439,Dead by Daylight,381210
Mar-18,13256.02,-3457.44,-0.2069,23707,Dead by Daylight,381210
Feb-18,16713.46,2087.22,0.1427,33397,Dead by Daylight,381210
Jan-18,14626.25,1020.56,0.075,33164,Dead by Daylight,381210
Dec-17,13605.69,-751.1,-0.0523,26850,Dead by Daylight,381210
Nov-17,14356.79,-526.65,-0.0354,31039,Dead by Daylight,381210
Oct-17,14883.44,392.81,0.0271,36343,Dead by Daylight,381210
Sep-17,14490.63,2128.37,0.1722,38698,Dead by Daylight,381210
Aug-17,12362.26,2069.92,0.2011,27166,Dead by Daylight,381210
Jul-17,10292.33,335.65,0.0337,23814,Dead by Daylight,381210
Jun-17,9956.68,1035.2,0.1159999999999999,22352,Dead by Daylight,381210
May-17,8921.47,505.44,0.0601,20067,Dead by Daylight,381210
Apr-17,8416.03,-1138.32,-0.1191,17124,Dead by Daylight,381210
Mar-17,9554.36,-1783.81,-0.1573,20082,Dead by Daylight,381210
Feb-17,11338.16,-3788.72,-0.2505,23442,Dead by Daylight,381210
Jan-17,15126.89,-1913.15,-0.1123,31992,Dead by Daylight,381210
Dec-16,17040.03,2068.7,0.1382,42895,Dead by Daylight,381210
Nov-16,14971.33,2647.33,0.2148,29783,Dead by Daylight,381210
Oct-16,12324.01,-537.78,-0.0418,29147,Dead by Daylight,381210
Sep-16,12861.78,-2970.94,-0.1876,24120,Dead by Daylight,381210
Aug-16,15832.73,2493.79,0.187,42268,Dead by Daylight,381210
Jul-16,13338.93,2091.16,0.1859,23743,Dead by Daylight,381210
Jun-16,11247.77,-,0.0,18011,Dead by Daylight,381210
Sep-25,10450.22,217.71,0.0213,23678,Squad,393380
Aug-25,10232.51,-579.57,-0.0536,19326,Squad,393380
Jul-25,10812.08,-171.57,-0.0156,18809,Squad,393380
Jun-25,10983.65,-2857.91,-0.2065,20592,Squad,393380
May-25,13841.55,2419.91,0.2119,30351,Squad,393380
Apr-25,11421.65,-1196.62,-0.0948,21299,Squad,393380
Mar-25,12618.27,-84.88,-0.0067,24103,Squad,393380
Feb-25,12703.14,-2415.5,-0.1598,21503,Squad,393380
Jan-25,15118.64,969.5,0.0684999999999999,26318,Squad,393380
Dec-24,14149.15,2363.62,0.2006,24640,Squad,393380
Nov-24,11785.53,-2564.45,-0.1787,21412,Squad,393380
Oct-24,14349.98,2501.08,0.2110999999999999,29539,Squad,393380
Sep-24,11848.89,864.04,0.0787,38573,Squad,393380
Aug-24,10984.86,-553.01,-0.0479,19559,Squad,393380
Jul-24,11537.87,-1609.09,-0.1224,20101,Squad,393380
Jun-24,13146.96,-101.42,-0.0077,24093,Squad,393380
May-24,13248.38,-538.11,-0.039,25988,Squad,393380
Apr-24,13786.49,3022.63,0.2808,35046,Squad,393380
Mar-24,10763.86,-271.54,-0.0246,19569,Squad,393380
Feb-24,11035.4,-42.39,-0.0038,19257,Squad,393380
Jan-24,11077.79,1179.17,0.1191,18640,Squad,393380
Dec-23,9898.62,532.97,0.0569,18086,Squad,393380
Nov-23,9365.65,-627.62,-0.0628,18773,Squad,393380
Oct-23,9993.27,1956.25,0.2434,17886,Squad,393380
Sep-23,8037.02,-173.24,-0.0210999999999999,16815,Squad,393380
Aug-23,8210.26,-1886.59,-0.1868,14723,Squad,393380
Jul-23,10096.85,-136.34,-0.0133,18539,Squad,393380
Jun-23,10233.19,595.58,0.0617999999999999,18329,Squad,393380
May-23,9637.61,542.87,0.0596999999999999,22719,Squad,393380
Apr-23,9094.74,107.4,0.012,16257,Squad,393380
Mar-23,8987.34,-184.29,-0.0200999999999999,17821,Squad,393380
Feb-23,9171.63,-1266.55,-0.1213,17128,Squad,393380
Jan-23,10438.18,-87.34,-0.0083,18589,Squad,393380
Dec-22,10525.52,3033.68,0.4049,21912,Squad,393380
Nov-22,7491.84,358.57,0.0503,18590,Squad,393380
Oct-22,7133.27,-5.05,-0.0007,12378,Squad,393380
Sep-22,7138.31,30.28,0.0043,12268,Squad,393380
Aug-22,7108.03,-1442.07,-0.1687,11074,Squad,393380
Jul-22,8550.1,183.39,0.0219,13893,Squad,393380
Jun-22,8366.71,-151.76,-0.0178,17223,Squad,393380
May-22,8518.47,-1540.48,-0.1531,14570,Squad,393380
Apr-22,10058.94,2937.33,0.4125,26032,Squad,393380
Mar-22,7121.61,2091.95,0.4159,12610,Squad,393380
Feb-22,5029.66,145.55,0.0298,9764,Squad,393380
Jan-22,4884.11,913.92,0.2302,7684,Squad,393380
Dec-21,3970.19,-68.13,-0.0169,6687,Squad,393380
Nov-21,4038.31,-385.84,-0.0872,6831,Squad,393380
Oct-21,4424.15,-532.44,-0.1074,7889,Squad,393380
Sep-21,4956.59,-283.13,-0.054,8199,Squad,393380
Aug-21,5239.72,171.44,0.0338,8925,Squad,393380
Jul-21,5068.28,-181.64,-0.0346,7565,Squad,393380
Jun-21,5249.93,-321.97,-0.0578,8298,Squad,393380
May-21,5571.9,-9.85,-0.0018,9142,Squad,393380
Apr-21,5581.76,-638.96,-0.1027,9996,Squad,393380
Mar-21,6220.72,-8.09,-0.0013,11009,Squad,393380
Feb-21,6228.81,228.95,0.0382,11185,Squad,393380
Jan-21,5999.86,-115.46,-0.0189,10045,Squad,393380
Dec-20,6115.32,404,0.0707,14651,Squad,393380
Nov-20,5711.32,-1978.89,-0.2573,10307,Squad,393380
Oct-20,7690.21,2764.49,0.5611999999999999,14790,Squad,393380
Sep-20,4925.72,1115.79,0.2929,14953,Squad,393380
Aug-20,3809.93,239.33,0.067,6730,Squad,393380
Jul-20,3570.61,568.48,0.1894,6490,Squad,393380
Jun-20,3002.12,-1010.85,-0.2519,5545,Squad,393380
May-20,4012.98,1187.43,0.4202,11196,Squad,393380
Apr-20,2825.55,65.91,0.0239,6542,Squad,393380
Mar-20,2759.64,-101.79,-0.0356,5273,Squad,393380
Feb-20,2861.43,-127.44,-0.0426,5511,Squad,393380
Jan-20,2988.87,118.42,0.0412999999999999,5713,Squad,393380
Dec-19,2870.45,-309.18,-0.0972,5884,Squad,393380
Nov-19,3179.63,68.89,0.0220999999999999,8701,Squad,393380
Oct-19,3110.74,370.69,0.1353,7111,Squad,393380
Sep-19,2740.05,-851.72,-0.2371,5576,Squad,393380
Aug-19,3591.77,-61.51,-0.0168,7579,Squad,393380
Jul-19,3653.28,829.96,0.294,10491,Squad,393380
Jun-19,2823.32,285.5,0.1125,5844,Squad,393380
May-19,2537.81,931.87,0.5803,5131,Squad,393380
Apr-19,1605.94,14.29,0.009,3226,Squad,393380
Mar-19,1591.64,-33.27,-0.0204999999999999,3175,Squad,393380
Feb-19,1624.92,-217.52,-0.1181,3288,Squad,393380
Jan-19,1842.44,-86.37,-0.0448,3519,Squad,393380
Dec-18,1928.81,-594.64,-0.2355999999999999,3786,Squad,393380
Nov-18,2523.45,802.33,0.4661999999999999,8419,Squad,393380
Oct-18,1721.12,245.4,0.1663,3626,Squad,393380
Sep-18,1475.72,-402.72,-0.2144,2986,Squad,393380
Aug-18,1878.44,-653.17,-0.258,3513,Squad,393380
Jul-18,2531.61,213.38,0.092,5419,Squad,393380
Jun-18,2318.23,-151.96,-0.0615,5979,Squad,393380
May-18,2470.19,811.19,0.489,5875,Squad,393380
Apr-18,1659.0,-276.5,-0.1429,3302,Squad,393380
Mar-18,1935.5,-1349.76,-0.4109,4286,Squad,393380
Feb-18,3285.26,1740.15,1.1262,8539,Squad,393380
Jan-18,1545.12,-60.59,-0.0377,3290,Squad,393380
Dec-17,1605.7,-563.1,-0.2596,3296,Squad,393380
Nov-17,2168.8,1004.56,0.8628,9403,Squad,393380
Oct-17,1164.24,30.15,0.0266,2384,Squad,393380
Sep-17,1134.09,-145.89,-0.114,2460,Squad,393380
Aug-17,1279.99,-430.4,-0.2516,2662,Squad,393380
Jul-17,1710.39,149.86,0.096,3621,Squad,393380
Jun-17,1560.53,-33.48,-0.021,3692,Squad,393380
May-17,1594.01,-657.03,-0.2919,3707,Squad,393380
Apr-17,2251.04,1218.24,1.1796,9930,Squad,393380
Mar-17,1032.8,36.3,0.0364,3393,Squad,393380
Feb-17,996.5,-241.31,-0.195,2202,Squad,393380
Jan-17,1237.81,-91.3,-0.0687,2906,Squad,393380
Dec-16,1329.1,-786.79,-0.3718,2895,Squad,393380
Nov-16,2115.89,1563.9,2.8332,11456,Squad,393380
Oct-16,551.99,19.05,0.0356999999999999,1332,Squad,393380
Sep-16,532.94,-347.79,-0.3949,1202,Squad,393380
Aug-16,880.74,234.04,0.3619,2998,Squad,393380
Jul-16,646.69,53.74,0.0906,1682,Squad,393380
Jun-16,592.96,10.62,0.0182,1528,Squad,393380
May-16,582.34,-26.92,-0.0441999999999999,1676,Squad,393380
Apr-16,609.26,-66.74,-0.0987,1350,Squad,393380
Mar-16,675.99,-233.97,-0.2571,1571,Squad,393380
Feb-16,909.97,-443.06,-0.3275,2025,Squad,393380
Jan-16,1353.03,231.4,0.2062999999999999,2997,Squad,393380
Dec-15,1121.63,1121.29,3295.2090000000003,3508,Squad,393380
Nov-15,0.34,-,0.0,5,Squad,393380
Sep-25,34266.33,-3626.28,-0.0957,63734,Hearts of Iron IV,394360
Aug-25,37892.61,1636.24,0.0451,61012,Hearts of Iron IV,394360
Jul-25,36256.37,-811.94,-0.0219,56781,Hearts of Iron IV,394360
Jun-25,37068.31,273.39,0.0074,61444,Hearts of Iron IV,394360
May-25,36794.92,2118.57,0.0611,67088,Hearts of Iron IV,394360
Apr-25,34676.35,-4088.4,-0.1055,62376,Hearts of Iron IV,394360
Mar-25,38764.75,1607.01,0.0432,69391,Hearts of Iron IV,394360
Feb-25,37157.74,-2699.25,-0.0677,64013,Hearts of Iron IV,394360
Jan-25,39856.99,309.82,0.0078,67923,Hearts of Iron IV,394360
Dec-24,39547.17,-2067.49,-0.0496999999999999,69689,Hearts of Iron IV,394360
Nov-24,41614.67,5661.1,0.1575,93196,Hearts of Iron IV,394360
Oct-24,35953.56,2245.35,0.0666,72390,Hearts of Iron IV,394360
Sep-24,33708.22,-2569.89,-0.0708,62952,Hearts of Iron IV,394360
Aug-24,36278.11,968.55,0.0274,59077,Hearts of Iron IV,394360
Jul-24,35309.56,-379.75,-0.0106,54272,Hearts of Iron IV,394360
Jun-24,35689.31,399.89,0.0113,62137,Hearts of Iron IV,394360
May-24,35289.41,-1646.5,-0.0446,62760,Hearts of Iron IV,394360
Apr-24,36935.92,1674.69,0.0475,70653,Hearts of Iron IV,394360
Mar-24,35261.22,1932.15,0.0579999999999999,65944,Hearts of Iron IV,394360
Feb-24,33329.07,-290.38,-0.0086,56870,Hearts of Iron IV,394360
Jan-24,33619.45,1310.82,0.0406,56874,Hearts of Iron IV,394360
Dec-23,32308.63,2018.68,0.0666,56234,Hearts of Iron IV,394360
Nov-23,30289.95,-4928.48,-0.1399,57152,Hearts of Iron IV,394360
Oct-23,35218.43,4486.03,0.146,78086,Hearts of Iron IV,394360
Sep-23,30732.39,-1848.42,-0.0567,57214,Hearts of Iron IV,394360
Aug-23,32580.81,-1114.29,-0.0331,50123,Hearts of Iron IV,394360
Jul-23,33695.1,2515.74,0.0807,50431,Hearts of Iron IV,394360
Jun-23,31179.36,1135.11,0.0378,51159,Hearts of Iron IV,394360
May-23,30044.25,-309.23,-0.0102,53303,Hearts of Iron IV,394360
Apr-23,30353.48,1433.38,0.0496,54050,Hearts of Iron IV,394360
Mar-23,28920.11,-1339.28,-0.0443,52687,Hearts of Iron IV,394360
Feb-23,30259.38,513.14,0.0173,51686,Hearts of Iron IV,394360
Jan-23,29746.25,2981.79,0.1114,48063,Hearts of Iron IV,394360
Dec-22,26764.46,2156.52,0.0876,44222,Hearts of Iron IV,394360
Nov-22,24607.94,-6213.99,-0.2016,44394,Hearts of Iron IV,394360
Oct-22,30821.93,2035.25,0.0707,70836,Hearts of Iron IV,394360
Sep-22,28786.68,-1413.45,-0.0467999999999999,63770,Hearts of Iron IV,394360
Aug-22,30200.13,-878.14,-0.0283,44789,Hearts of Iron IV,394360
Jul-22,31078.27,1446.84,0.0487999999999999,44581,Hearts of Iron IV,394360
Jun-22,29631.43,71.41,0.0024,46402,Hearts of Iron IV,394360
May-22,29560.02,-2118.98,-0.0669,51155,Hearts of Iron IV,394360
Apr-22,31679.01,-1108.27,-0.0338,56643,Hearts of Iron IV,394360
Mar-22,32787.28,3274.32,0.1109,57694,Hearts of Iron IV,394360
Feb-22,29512.96,-1075.53,-0.0352,51051,Hearts of Iron IV,394360
Jan-22,30588.49,543.19,0.0181,48715,Hearts of Iron IV,394360
Dec-21,30045.3,1073.03,0.037,54975,Hearts of Iron IV,394360
Nov-21,28972.28,3929.3,0.1568999999999999,68019,Hearts of Iron IV,394360
Oct-21,25042.98,-186.79,-0.0074,44911,Hearts of Iron IV,394360
Sep-21,25229.77,-2198.14,-0.0801,49799,Hearts of Iron IV,394360
Aug-21,27427.91,1738.63,0.0677,40192,Hearts of Iron IV,394360
Jul-21,25689.28,604.8,0.0241,37682,Hearts of Iron IV,394360
Jun-21,25084.48,-858.45,-0.0331,38987,Hearts of Iron IV,394360
May-21,25942.93,1675.43,0.069,44939,Hearts of Iron IV,394360
Apr-21,24267.49,293.62,0.0121999999999999,39040,Hearts of Iron IV,394360
Mar-21,23973.87,-502.8,-0.0204999999999999,41869,Hearts of Iron IV,394360
Feb-21,24476.67,-344,-0.0139,38222,Hearts of Iron IV,394360
Jan-21,24820.66,2069.94,0.091,38745,Hearts of Iron IV,394360
Dec-20,22750.73,-571.08,-0.0245,36406,Hearts of Iron IV,394360
Nov-20,23321.8,2101.04,0.099,38790,Hearts of Iron IV,394360
Oct-20,21220.76,3242.82,0.1804,37173,Hearts of Iron IV,394360
Sep-20,17977.94,-3772.72,-0.1735,32124,Hearts of Iron IV,394360
Aug-20,21750.65,-722.68,-0.0322,32368,Hearts of Iron IV,394360
Jul-20,22473.33,2093.03,0.1027,32840,Hearts of Iron IV,394360
Jun-20,20380.3,-29.18,-0.0014,32549,Hearts of Iron IV,394360
May-20,20409.48,564.02,0.0283999999999999,31931,Hearts of Iron IV,394360
Apr-20,19845.46,-1851.9,-0.0853999999999999,29769,Hearts of Iron IV,394360
Mar-20,21697.36,1648.9,0.0822,42745,Hearts of Iron IV,394360
Feb-20,20048.47,2370.23,0.1341,46234,Hearts of Iron IV,394360
Jan-20,17678.24,1463.49,0.0902999999999999,30319,Hearts of Iron IV,394360
Dec-19,16214.75,637.33,0.0409,28404,Hearts of Iron IV,394360
Nov-19,15577.42,512.64,0.034,27610,Hearts of Iron IV,394360
Oct-19,15064.78,151.21,0.0101,29449,Hearts of Iron IV,394360
Sep-19,14913.57,-847.12,-0.0537,26007,Hearts of Iron IV,394360
Aug-19,15760.69,-199.7,-0.0125,24715,Hearts of Iron IV,394360
Jul-19,15960.39,-202.97,-0.0126,24593,Hearts of Iron IV,394360
Jun-19,16163.36,3077.03,0.2351,26106,Hearts of Iron IV,394360
May-19,13086.33,-1279.1,-0.089,23173,Hearts of Iron IV,394360
Apr-19,14365.43,-5784.29,-0.2871,26950,Hearts of Iron IV,394360
Mar-19,20149.73,4170.64,0.261,46806,Hearts of Iron IV,394360
Feb-19,15979.09,881.91,0.0584,43178,Hearts of Iron IV,394360
Jan-19,15097.19,1462.15,0.1072,27330,Hearts of Iron IV,394360
Dec-18,13635.03,713.68,0.0552,24176,Hearts of Iron IV,394360
Nov-18,12921.36,325.97,0.0259,24535,Hearts of Iron IV,394360
Oct-18,12595.39,-1027.02,-0.0754,24488,Hearts of Iron IV,394360
Sep-18,13622.41,-84.14,-0.0060999999999999,24685,Hearts of Iron IV,394360
Aug-18,13706.55,-1342.64,-0.0892,22242,Hearts of Iron IV,394360
Jul-18,15049.2,1203,0.0868999999999999,23800,Hearts of Iron IV,394360
Jun-18,13846.19,752.97,0.0575,22219,Hearts of Iron IV,394360
May-18,13093.22,-680.47,-0.0494,25140,Hearts of Iron IV,394360
Apr-18,13773.69,-2201.24,-0.1378,25933,Hearts of Iron IV,394360
Mar-18,15974.93,4491.52,0.3911,37055,Hearts of Iron IV,394360
Feb-18,11483.41,-186.89,-0.016,21269,Hearts of Iron IV,394360
Jan-18,11670.3,494.75,0.0443,20923,Hearts of Iron IV,394360
Dec-17,11175.55,704.68,0.0673,19905,Hearts of Iron IV,394360
Nov-17,10470.87,756.15,0.0778,19202,Hearts of Iron IV,394360
Oct-17,9714.72,164.52,0.0172,18747,Hearts of Iron IV,394360
Sep-17,9550.2,223.86,0.024,20215,Hearts of Iron IV,394360
Aug-17,9326.35,-684.49,-0.0684,15518,Hearts of Iron IV,394360
Jul-17,10010.83,-166.47,-0.0163999999999999,16566,Hearts of Iron IV,394360
Jun-17,10177.3,2195.43,0.2751,20160,Hearts of Iron IV,394360
May-17,7981.87,-207.6,-0.0254,14373,Hearts of Iron IV,394360
Apr-17,8189.48,1014.58,0.1414,14022,Hearts of Iron IV,394360
Mar-17,7174.9,352.36,0.0516,14404,Hearts of Iron IV,394360
Feb-17,6822.54,-795.12,-0.1043999999999999,12256,Hearts of Iron IV,394360
Jan-17,7617.67,942.98,0.1413,13321,Hearts of Iron IV,394360
Dec-16,6674.69,1693.51,0.34,13690,Hearts of Iron IV,394360
Nov-16,4981.17,-349.41,-0.0655,9212,Hearts of Iron IV,394360
Oct-16,5330.58,-529.49,-0.0904,9807,Hearts of Iron IV,394360
Sep-16,5860.07,-408.42,-0.0652,10964,Hearts of Iron IV,394360
Aug-16,6268.49,-2691,-0.3004,10376,Hearts of Iron IV,394360
Jul-16,8959.48,-3366.58,-0.2731,15776,Hearts of Iron IV,394360
Jun-16,12326.07,12321.61,2765.4265,40623,Hearts of Iron IV,394360
May-16,4.46,2.1,0.8948999999999999,33,Hearts of Iron IV,394360
Apr-16,2.35,-,0.0,13,Hearts of Iron IV,394360
Sep-25,4844.71,275.77,0.0604,8797,Borderlands 3,397540
Aug-25,4568.94,-1127.92,-0.198,7803,Borderlands 3,397540
Jul-25,5696.86,-357.56,-0.0591,10883,Borderlands 3,397540
Jun-25,6054.42,1625.72,0.3671,11207,Borderlands 3,397540
May-25,4428.7,-291.47,-0.0617999999999999,7594,Borderlands 3,397540
Apr-25,4720.17,249.95,0.0559,9714,Borderlands 3,397540
Mar-25,4470.23,-1209.08,-0.2128999999999999,8373,Borderlands 3,397540
Feb-25,5679.31,632.39,0.1253,11171,Borderlands 3,397540
Jan-25,5046.92,-24.23,-0.0048,8596,Borderlands 3,397540
Dec-24,5071.14,159.03,0.0324,9615,Borderlands 3,397540
Nov-24,4912.12,-728.29,-0.1291,10436,Borderlands 3,397540
Oct-24,5640.41,-834.56,-0.1289,13991,Borderlands 3,397540
Sep-24,6474.97,-1576.18,-0.1957999999999999,12722,Borderlands 3,397540
Aug-24,8051.14,4388.66,1.1983,16268,Borderlands 3,397540
Jul-24,3662.48,379.76,0.1157,6391,Borderlands 3,397540
Jun-24,3282.72,261.16,0.0864,6205,Borderlands 3,397540
May-24,3021.56,-1265.08,-0.2951,5494,Borderlands 3,397540
Apr-24,4286.65,-1121.52,-0.2073999999999999,8478,Borderlands 3,397540
Mar-24,5408.16,1559.75,0.4053,9835,Borderlands 3,397540
Feb-24,3848.41,-763.54,-0.1656,8097,Borderlands 3,397540
Jan-24,4611.96,1150.13,0.3322,8280,Borderlands 3,397540
Dec-23,3461.82,-847.2,-0.1966,6453,Borderlands 3,397540
Nov-23,4309.02,750.45,0.2109,8288,Borderlands 3,397540
Oct-23,3558.58,-785.51,-0.1808,7956,Borderlands 3,397540
Sep-23,4344.09,322.49,0.0802,8993,Borderlands 3,397540
Aug-23,4021.59,-1051.31,-0.2072,7051,Borderlands 3,397540
Jul-23,5072.9,942.08,0.2281,8406,Borderlands 3,397540
Jun-23,4130.82,-379.03,-0.084,7953,Borderlands 3,397540
May-23,4509.86,-1859.64,-0.292,8575,Borderlands 3,397540
Apr-23,6369.5,-2460.14,-0.2786,12197,Borderlands 3,397540
Mar-23,8829.63,905.18,0.1142,25102,Borderlands 3,397540
Feb-23,7924.45,1330.23,0.2017,28124,Borderlands 3,397540
Jan-23,6594.22,2747.1,0.7141,12648,Borderlands 3,397540
Dec-22,3847.12,236.99,0.0655999999999999,7138,Borderlands 3,397540
Nov-22,3610.13,-531.01,-0.1282,6392,Borderlands 3,397540
Oct-22,4141.14,704,0.2048,8332,Borderlands 3,397540
Sep-22,3437.14,-80.7,-0.0229,6445,Borderlands 3,397540
Aug-22,3517.84,-1085.16,-0.2357999999999999,6317,Borderlands 3,397540
Jul-22,4603.0,180.83,0.0409,7510,Borderlands 3,397540
Jun-22,4422.18,-1134.58,-0.2042,8654,Borderlands 3,397540
May-22,5556.75,-495.65,-0.0819,13360,Borderlands 3,397540
Apr-22,6052.4,850.92,0.1636,12199,Borderlands 3,397540
Mar-22,5201.48,-3199.86,-0.3809,9598,Borderlands 3,397540
Feb-22,8401.34,1743.36,0.2618,16461,Borderlands 3,397540
Jan-22,6657.98,-786.18,-0.1056,12732,Borderlands 3,397540
Dec-21,7444.15,2188.3,0.4164,12770,Borderlands 3,397540
Nov-21,5255.86,66.41,0.0128,13053,Borderlands 3,397540
Oct-21,5189.45,646.83,0.1424,10393,Borderlands 3,397540
Sep-21,4542.61,-2348.45,-0.3408,7314,Borderlands 3,397540
Aug-21,6891.06,-481.78,-0.0653,12103,Borderlands 3,397540
Jul-21,7372.84,79.31,0.0109,14457,Borderlands 3,397540
Jun-21,7293.53,2123.47,0.4107,13539,Borderlands 3,397540
May-21,5170.06,-1039.13,-0.1674,11473,Borderlands 3,397540
Apr-21,6209.19,380.74,0.0653,11121,Borderlands 3,397540
Mar-21,5828.45,-2509.82,-0.301,11667,Borderlands 3,397540
Feb-21,8338.27,661.52,0.0862,15911,Borderlands 3,397540
Jan-21,7676.75,-863.72,-0.1011,16501,Borderlands 3,397540
Dec-20,8540.47,2811.87,0.4907999999999999,16912,Borderlands 3,397540
Nov-20,5728.6,133.48,0.0239,15189,Borderlands 3,397540
Oct-20,5595.13,-3109.99,-0.3572999999999999,10199,Borderlands 3,397540
Sep-20,8705.12,-168.38,-0.019,18328,Borderlands 3,397540
Aug-20,8873.5,87.83,0.01,23377,Borderlands 3,397540
Jul-20,8785.67,1651.71,0.2314999999999999,17781,Borderlands 3,397540
Jun-20,7133.96,-7839.2,-0.5236,18514,Borderlands 3,397540
May-20,14973.16,-7200.61,-0.3247,34315,Borderlands 3,397540
Apr-20,22173.78,-30951.19,-0.5826,49479,Borderlands 3,397540
Mar-20,53124.97,-,0.0,93597,Borderlands 3,397540
Sep-25,3256.4,326.96,0.1116,6019,Call to Arms - Gates of Hell: Ostfront,400750
Aug-25,2929.44,-45.39,-0.0153,6762,Call to Arms - Gates of Hell: Ostfront,400750
Jul-25,2974.83,76.42,0.0264,5250,Call to Arms - Gates of Hell: Ostfront,400750
Jun-25,2898.41,-296.19,-0.0926999999999999,5226,Call to Arms - Gates of Hell: Ostfront,400750
May-25,3194.6,113.48,0.0368,6579,Call to Arms - Gates of Hell: Ostfront,400750
Apr-25,3081.12,-373.59,-0.1081,5765,Call to Arms - Gates of Hell: Ostfront,400750
Mar-25,3454.71,807.95,0.3053,8376,Call to Arms - Gates of Hell: Ostfront,400750
Feb-25,2646.76,-397.51,-0.1306,5042,Call to Arms - Gates of Hell: Ostfront,400750
Jan-25,3044.28,271.07,0.0977,6333,Call to Arms - Gates of Hell: Ostfront,400750
Dec-24,2773.21,-94.47,-0.0329,4666,Call to Arms - Gates of Hell: Ostfront,400750
Nov-24,2867.68,-239.45,-0.0771,6059,Call to Arms - Gates of Hell: Ostfront,400750
Oct-24,3107.13,1077.86,0.5312,8889,Call to Arms - Gates of Hell: Ostfront,400750
Sep-24,2029.27,-376.21,-0.1564,3822,Call to Arms - Gates of Hell: Ostfront,400750
Aug-24,2405.48,-446.03,-0.1564,4188,Call to Arms - Gates of Hell: Ostfront,400750
Jul-24,2851.51,673.44,0.3092,5227,Call to Arms - Gates of Hell: Ostfront,400750
Jun-24,2178.07,-13.35,-0.0060999999999999,4995,Call to Arms - Gates of Hell: Ostfront,400750
May-24,2191.42,220.14,0.1117,4267,Call to Arms - Gates of Hell: Ostfront,400750
Apr-24,1971.28,-425.36,-0.1775,3647,Call to Arms - Gates of Hell: Ostfront,400750
Mar-24,2396.64,-44,-0.018,4754,Call to Arms - Gates of Hell: Ostfront,400750
Feb-24,2440.64,-1180.54,-0.326,4564,Call to Arms - Gates of Hell: Ostfront,400750
Jan-24,3621.17,-191.83,-0.0503,7190,Call to Arms - Gates of Hell: Ostfront,400750
Dec-23,3813.0,1845.57,0.9381,8751,Call to Arms - Gates of Hell: Ostfront,400750
Nov-23,1967.43,579.33,0.4174,7479,Call to Arms - Gates of Hell: Ostfront,400750
Oct-23,1388.1,-117.37,-0.078,2518,Call to Arms - Gates of Hell: Ostfront,400750
Sep-23,1505.47,148.6,0.1094999999999999,3004,Call to Arms - Gates of Hell: Ostfront,400750
Aug-23,1356.88,-170.81,-0.1118,2395,Call to Arms - Gates of Hell: Ostfront,400750
Jul-23,1527.69,-163.71,-0.0968,2704,Call to Arms - Gates of Hell: Ostfront,400750
Jun-23,1691.4,547.21,0.4783,3801,Call to Arms - Gates of Hell: Ostfront,400750
May-23,1144.19,-168.75,-0.1285,2487,Call to Arms - Gates of Hell: Ostfront,400750
Apr-23,1312.94,1.34,0.001,2603,Call to Arms - Gates of Hell: Ostfront,400750
Mar-23,1311.6,219.38,0.2009,2689,Call to Arms - Gates of Hell: Ostfront,400750
Feb-23,1092.22,-159.3,-0.1273,1922,Call to Arms - Gates of Hell: Ostfront,400750
Jan-23,1251.51,-31.74,-0.0247,2055,Call to Arms - Gates of Hell: Ostfront,400750
Dec-22,1283.26,52.64,0.0428,2366,Call to Arms - Gates of Hell: Ostfront,400750
Nov-22,1230.61,381.09,0.4486,3292,Call to Arms - Gates of Hell: Ostfront,400750
Oct-22,849.52,-45.36,-0.0507,1608,Call to Arms - Gates of Hell: Ostfront,400750
Sep-22,894.88,6.92,0.0078,1830,Call to Arms - Gates of Hell: Ostfront,400750
Aug-22,887.96,-174.24,-0.1639999999999999,1519,Call to Arms - Gates of Hell: Ostfront,400750
Jul-22,1062.2,-302.96,-0.2219,2015,Call to Arms - Gates of Hell: Ostfront,400750
Jun-22,1365.16,723.21,1.1266,3546,Call to Arms - Gates of Hell: Ostfront,400750
May-22,641.95,-122.44,-0.1602,1112,Call to Arms - Gates of Hell: Ostfront,400750
Apr-22,764.39,-87.04,-0.1022,1496,Call to Arms - Gates of Hell: Ostfront,400750
Mar-22,851.43,246.6,0.4077,1854,Call to Arms - Gates of Hell: Ostfront,400750
Feb-22,604.83,-74.43,-0.1096,1061,Call to Arms - Gates of Hell: Ostfront,400750
Jan-22,679.25,64.77,0.1054,1275,Call to Arms - Gates of Hell: Ostfront,400750
Dec-21,614.48,-80.65,-0.1159999999999999,1120,Call to Arms - Gates of Hell: Ostfront,400750
Nov-21,695.13,61.55,0.0971,1417,Call to Arms - Gates of Hell: Ostfront,400750
Oct-21,633.58,89.85,0.1651999999999999,1786,Call to Arms - Gates of Hell: Ostfront,400750
Sep-21,543.73,-66.81,-0.1094,991,Call to Arms - Gates of Hell: Ostfront,400750
Aug-21,610.54,-118.33,-0.1623,1433,Call to Arms - Gates of Hell: Ostfront,400750
Jul-21,728.87,-530.09,-0.4211,1400,Call to Arms - Gates of Hell: Ostfront,400750
Jun-21,1258.96,1258.43,2388.8913,2671,Call to Arms - Gates of Hell: Ostfront,400750
Mar-18,0.53,-0.06,-0.096,4,Call to Arms - Gates of Hell: Ostfront,400750
Feb-18,0.58,0.26,0.8268000000000001,4,Call to Arms - Gates of Hell: Ostfront,400750
Jan-18,0.32,-0.14,-0.3059,3,Call to Arms - Gates of Hell: Ostfront,400750
Dec-17,0.46,0.22,0.9464,3,Call to Arms - Gates of Hell: Ostfront,400750
Nov-17,0.24,-0.22,-0.4786999999999999,3,Call to Arms - Gates of Hell: Ostfront,400750
Oct-17,0.45,0.2,0.7918999999999999,4,Call to Arms - Gates of Hell: Ostfront,400750
Sep-17,0.25,-0.06,-0.1963,3,Call to Arms - Gates of Hell: Ostfront,400750
Aug-17,0.31,-0.2,-0.3874,4,Call to Arms - Gates of Hell: Ostfront,400750
Jul-17,0.51,0.05,0.1035,4,Call to Arms - Gates of Hell: Ostfront,400750
Jun-17,0.47,-0.27,-0.3715,4,Call to Arms - Gates of Hell: Ostfront,400750
May-17,0.74,0.18,0.316,6,Call to Arms - Gates of Hell: Ostfront,400750
Apr-17,0.56,-0.39,-0.4081,7,Call to Arms - Gates of Hell: Ostfront,400750
Mar-17,0.95,0.14,0.1739,6,Call to Arms - Gates of Hell: Ostfront,400750
Feb-17,0.81,-0.29,-0.2646,5,Call to Arms - Gates of Hell: Ostfront,400750
Jan-17,1.1,0.41,0.5901,6,Call to Arms - Gates of Hell: Ostfront,400750
Dec-16,0.69,0.01,0.0192999999999999,5,Call to Arms - Gates of Hell: Ostfront,400750
Nov-16,0.68,0.28,0.7223,6,Call to Arms - Gates of Hell: Ostfront,400750
Oct-16,0.39,0.2,1.0667,5,Call to Arms - Gates of Hell: Ostfront,400750
Sep-16,0.19,0.02,0.092,3,Call to Arms - Gates of Hell: Ostfront,400750
Aug-16,0.17,-0.02,-0.0992,3,Call to Arms - Gates of Hell: Ostfront,400750
Jul-16,0.19,0.1,1.021,3,Call to Arms - Gates of Hell: Ostfront,400750
Jun-16,0.1,0.08,6.774,2,Call to Arms - Gates of Hell: Ostfront,400750
May-16,0.01,-0.19,-0.9379,1,Call to Arms - Gates of Hell: Ostfront,400750
Apr-16,0.2,0.01,0.0358,4,Call to Arms - Gates of Hell: Ostfront,400750
Mar-16,0.19,-0.02,-0.0848,3,Call to Arms - Gates of Hell: Ostfront,400750
Feb-16,0.21,0.12,1.2236,3,Call to Arms - Gates of Hell: Ostfront,400750
Jan-16,0.09,-0.1,-0.5252,2,Call to Arms - Gates of Hell: Ostfront,400750
Dec-15,0.2,0.17,4.9609,3,Call to Arms - Gates of Hell: Ostfront,400750
Nov-15,0.03,-,0.0,2,Call to Arms - Gates of Hell: Ostfront,400750
Sep-25,58648.51,-16237.72,-0.2168,117743,Stardew Valley,413150
Aug-25,74886.23,-10057.52,-0.1184,135679,Stardew Valley,413150
Jul-25,84943.75,26279.49,0.4479999999999999,157704,Stardew Valley,413150
Jun-25,58664.26,3872.85,0.0707,136344,Stardew Valley,413150
May-25,54791.41,-3371.66,-0.0579999999999999,100604,Stardew Valley,413150
Apr-25,58163.07,-3699.81,-0.0598,118620,Stardew Valley,413150
Mar-25,61862.88,2479.5,0.0418,136302,Stardew Valley,413150
Feb-25,59383.38,-13424.61,-0.1844,100401,Stardew Valley,413150
Jan-25,72807.99,6395.02,0.0963,129558,Stardew Valley,413150
Dec-24,66412.98,4557.53,0.0737,125672,Stardew Valley,413150
Nov-24,61855.45,-4795.42,-0.0719,116286,Stardew Valley,413150
Oct-24,66650.87,17423.35,0.3539,176909,Stardew Valley,413150
Sep-24,49227.52,-16343.61,-0.2493,88441,Stardew Valley,413150
Aug-24,65571.14,-17280.92,-0.2086,114626,Stardew Valley,413150
Jul-24,82852.05,18846.07,0.2944,148985,Stardew Valley,413150
Jun-24,64005.98,-25010.95,-0.281,117975,Stardew Valley,413150
May-24,89016.93,-31116.91,-0.259,175581,Stardew Valley,413150
Apr-24,120133.84,37545.95,0.4546,209332,Stardew Valley,413150
Mar-24,82587.89,50234.94,1.5527000000000002,236614,Stardew Valley,413150
Feb-24,32352.95,-6729.78,-0.1722,60742,Stardew Valley,413150
Jan-24,39082.73,7133.94,0.2232999999999999,58773,Stardew Valley,413150
Dec-23,31948.8,3234.07,0.1125999999999999,53605,Stardew Valley,413150
Nov-23,28714.73,-841.63,-0.0285,46525,Stardew Valley,413150
Oct-23,29556.36,1791.85,0.0645,48881,Stardew Valley,413150
Sep-23,27764.51,-6756.07,-0.1957,44391,Stardew Valley,413150
Aug-23,34520.58,-3048,-0.0810999999999999,53949,Stardew Valley,413150
Jul-23,37568.58,7706.54,0.2581,53687,Stardew Valley,413150
Jun-23,29862.03,1759.24,0.0626,45510,Stardew Valley,413150
May-23,28102.79,-4479.56,-0.1375,43446,Stardew Valley,413150
Apr-23,32582.35,-1316.66,-0.0388,50739,Stardew Valley,413150
Mar-23,33899.01,-2365.07,-0.0652,52043,Stardew Valley,413150
Feb-23,36264.07,-4686.39,-0.1144,56110,Stardew Valley,413150
Jan-23,40950.46,12553.99,0.4421,59095,Stardew Valley,413150
Dec-22,28396.47,4500.51,0.1883,48081,Stardew Valley,413150
Nov-22,23895.96,1232.49,0.0544,37232,Stardew Valley,413150
Oct-22,22663.47,-2090.06,-0.0843999999999999,35033,Stardew Valley,413150
Sep-22,24753.54,-6648.71,-0.2117,38451,Stardew Valley,413150
Aug-22,31402.25,-7674.23,-0.1964,46813,Stardew Valley,413150
Jul-22,39076.48,7300.71,0.2298,54288,Stardew Valley,413150
Jun-22,31775.77,3739.2,0.1334,49366,Stardew Valley,413150
May-22,28036.57,1206.78,0.045,42786,Stardew Valley,413150
Apr-22,26829.8,978.58,0.0379,40444,Stardew Valley,413150
Mar-22,25851.21,-2942.24,-0.1022,38568,Stardew Valley,413150
Feb-22,28793.45,-4828.12,-0.1436,44044,Stardew Valley,413150
Jan-22,33621.58,8669.86,0.3475,48151,Stardew Valley,413150
Dec-21,24951.71,1745.53,0.0751999999999999,39992,Stardew Valley,413150
Nov-21,23206.18,792.06,0.0353,35441,Stardew Valley,413150
Oct-21,22414.12,-1906.76,-0.0784,35687,Stardew Valley,413150
Sep-21,24320.88,-6246.22,-0.2043,36516,Stardew Valley,413150
Aug-21,30567.1,2087.55,0.0733,49612,Stardew Valley,413150
Jul-21,28479.55,6238.17,0.2805,41572,Stardew Valley,413150
Jun-21,22241.37,-933.17,-0.0403,36513,Stardew Valley,413150
May-21,23174.54,-3998.04,-0.1471,35440,Stardew Valley,413150
Apr-21,27172.58,-6008.36,-0.1810999999999999,42500,Stardew Valley,413150
Mar-21,33180.94,-5123.75,-0.1338,51990,Stardew Valley,413150
Feb-21,38304.69,-18861.87,-0.3299,59709,Stardew Valley,413150
Jan-21,57166.55,27545.84,0.93,94479,Stardew Valley,413150
Dec-20,29620.71,15816.79,1.1458,89311,Stardew Valley,413150
Nov-20,13803.92,1743.87,0.1446,22453,Stardew Valley,413150
Oct-20,12060.05,-1449.28,-0.1073,18293,Stardew Valley,413150
Sep-20,13509.32,-3143.93,-0.1888,19609,Stardew Valley,413150
Aug-20,16653.25,-3302.06,-0.1655,23442,Stardew Valley,413150
Jul-20,19955.32,4745.95,0.312,28908,Stardew Valley,413150
Jun-20,15209.37,-5277.82,-0.2576,24618,Stardew Valley,413150
May-20,20487.19,-9463.98,-0.316,31679,Stardew Valley,413150
Apr-20,29951.17,2563.11,0.0935999999999999,44965,Stardew Valley,413150
Mar-20,27388.06,3690.9,0.1558,45512,Stardew Valley,413150
Feb-20,23697.16,-659.06,-0.0271,33885,Stardew Valley,413150
Jan-20,24356.22,207.65,0.0086,39046,Stardew Valley,413150
Dec-19,24148.56,13293.41,1.2246,38024,Stardew Valley,413150
Nov-19,10855.15,1922.73,0.2153,35053,Stardew Valley,413150
Oct-19,8932.42,-340.28,-0.0366999999999999,14194,Stardew Valley,413150
Sep-19,9272.7,-1745.9,-0.1583999999999999,14278,Stardew Valley,413150
Aug-19,11018.6,-4348.52,-0.283,16327,Stardew Valley,413150
Jul-19,15367.12,3008.72,0.2435,24919,Stardew Valley,413150
Jun-19,12358.4,-115.66,-0.0093,24769,Stardew Valley,413150
May-19,12474.06,-67.62,-0.0054,21404,Stardew Valley,413150
Apr-19,12541.68,-624.92,-0.0475,19916,Stardew Valley,413150
Mar-19,13166.6,442.22,0.0348,19786,Stardew Valley,413150
Feb-19,12724.38,-2524.77,-0.1656,19330,Stardew Valley,413150
Jan-19,15249.15,4089.03,0.3664,24470,Stardew Valley,413150
Dec-18,11160.12,1657.08,0.1744,22842,Stardew Valley,413150
Nov-18,9503.04,-549.54,-0.0547,16133,Stardew Valley,413150
Oct-18,10052.58,-1712.88,-0.1456,16189,Stardew Valley,413150
Sep-18,11765.47,-5121.73,-0.3032999999999999,19826,Stardew Valley,413150
Aug-18,16887.2,303.06,0.0183,27255,Stardew Valley,413150
Jul-18,16584.14,-778.28,-0.0448,24692,Stardew Valley,413150
Jun-18,17362.42,-10183.1,-0.3697,30055,Stardew Valley,413150
May-18,27545.52,20015.93,2.6583,54212,Stardew Valley,413150
Apr-18,7529.59,-524.04,-0.0650999999999999,26926,Stardew Valley,413150
Mar-18,8053.63,-981.18,-0.1085999999999999,12668,Stardew Valley,413150
Feb-18,9034.82,-2672.27,-0.2282999999999999,14601,Stardew Valley,413150
Jan-18,11707.09,1882.99,0.1917,20139,Stardew Valley,413150
Dec-17,9824.1,1147.6,0.1323,18346,Stardew Valley,413150
Nov-17,8676.5,534.72,0.0657,17839,Stardew Valley,413150
Oct-17,8141.78,1272.45,0.1852,13654,Stardew Valley,413150
Sep-17,6869.32,-1978.22,-0.2236,10745,Stardew Valley,413150
Aug-17,8847.55,-6690.63,-0.4306,13774,Stardew Valley,413150
Jul-17,15538.17,6633.52,0.745,28122,Stardew Valley,413150
Jun-17,8904.65,1022.02,0.1297,18718,Stardew Valley,413150
May-17,7882.63,229.07,0.0299,11896,Stardew Valley,413150
Apr-17,7653.56,-2039.45,-0.2104,11538,Stardew Valley,413150
Mar-17,9693.01,-194.93,-0.0197,17295,Stardew Valley,413150
Feb-17,9887.94,-1910.91,-0.162,17590,Stardew Valley,413150
Jan-17,11798.85,3822.87,0.4793,24014,Stardew Valley,413150
Dec-16,7975.97,1097.03,0.1595,18787,Stardew Valley,413150
Nov-16,6878.95,-2378.22,-0.2569,13674,Stardew Valley,413150
Oct-16,9257.17,4884.78,1.1172,18675,Stardew Valley,413150
Sep-16,4372.38,-1135.27,-0.2061,7360,Stardew Valley,413150
Aug-16,5507.66,-3792.11,-0.4078,9367,Stardew Valley,413150
Jul-16,9299.77,1730.11,0.2286,21032,Stardew Valley,413150
Jun-16,7569.66,-2084.83,-0.2159,18642,Stardew Valley,413150
May-16,9654.49,-10188.94,-0.5135000000000001,20528,Stardew Valley,413150
Apr-16,19843.44,-15104.02,-0.4322,43286,Stardew Valley,413150
Mar-16,34947.46,33352.74,20.9145,64256,Stardew Valley,413150
Feb-16,1594.72,1594.19,3009.8987,24496,Stardew Valley,413150
Jan-16,0.53,-0.07,-0.1191,3,Stardew Valley,413150
Dec-15,0.6,-,0.0,3,Stardew Valley,413150
Sep-25,4773.16,-6685.91,-0.5835,11745,Abiotic Factor,427410
Aug-25,11459.07,4867.29,0.7384000000000001,24059,Abiotic Factor,427410
Jul-25,6591.78,5099.93,3.4185000000000003,29195,Abiotic Factor,427410
Jun-25,1491.85,-1228.35,-0.4515999999999999,3089,Abiotic Factor,427410
May-25,2720.21,-160.89,-0.0558,7568,Abiotic Factor,427410
Apr-25,2881.1,179.79,0.0666,7750,Abiotic Factor,427410
Mar-25,2701.31,-2765.34,-0.5059,5024,Abiotic Factor,427410
Feb-25,5466.65,3259.03,1.4763,11675,Abiotic Factor,427410
Jan-25,2207.62,-101.05,-0.0438,4500,Abiotic Factor,427410
Dec-24,2308.66,612.79,0.3613,4356,Abiotic Factor,427410
Nov-24,1695.87,-956.33,-0.3606,3572,Abiotic Factor,427410
Oct-24,2652.2,517.29,0.2423,5820,Abiotic Factor,427410
Sep-24,2134.91,-1517.57,-0.4155,4471,Abiotic Factor,427410
Aug-24,3652.48,1415.85,0.633,9906,Abiotic Factor,427410
Jul-24,2236.63,-413.18,-0.1559,5346,Abiotic Factor,427410
Jun-24,2649.81,-4516.56,-0.6302,6667,Abiotic Factor,427410
May-24,7166.37,-,0.0,21636,Abiotic Factor,427410
Sep-25,15058.97,-929.95,-0.0582,25626,Factorio,427520
Aug-25,15988.93,842.89,0.0557,27269,Factorio,427520
Jul-25,15146.04,-2286.37,-0.1311999999999999,24979,Factorio,427520
Jun-25,17432.4,1358.44,0.0844999999999999,30070,Factorio,427520
May-25,16073.96,-173.51,-0.0107,27239,Factorio,427520
Apr-25,16247.47,-699.39,-0.0412999999999999,27284,Factorio,427520
Mar-25,16946.86,-1566.8,-0.0846,28603,Factorio,427520
Feb-25,18513.65,-5166.28,-0.2182,33520,Factorio,427520
Jan-25,23679.94,-7155.02,-0.2319999999999999,42583,Factorio,427520
Dec-24,30834.96,-23393.93,-0.4314,64577,Factorio,427520
Nov-24,54228.89,23460.71,0.7625,112738,Factorio,427520
Oct-24,30768.18,19537.85,1.7397,118166,Factorio,427520
Sep-24,11230.33,-853.03,-0.0706,18180,Factorio,427520
Aug-24,12083.36,713.82,0.0628,19571,Factorio,427520
Jul-24,11369.53,370.12,0.0336,18696,Factorio,427520
Jun-24,10999.41,-316.36,-0.0279999999999999,17913,Factorio,427520
May-24,11315.77,-547.92,-0.0462,18427,Factorio,427520
Apr-24,11863.69,-587.36,-0.0472,19776,Factorio,427520
Mar-24,12451.05,330.45,0.0273,20572,Factorio,427520
Feb-24,12120.6,-1405.53,-0.1039,20279,Factorio,427520
Jan-24,13526.13,436.98,0.0334,22665,Factorio,427520
Dec-23,13089.15,259.47,0.0202,20270,Factorio,427520
Nov-23,12829.68,-671.91,-0.0498,21786,Factorio,427520
Oct-23,13501.59,1132.37,0.0915,22854,Factorio,427520
Sep-23,12369.22,1713.19,0.1607999999999999,21207,Factorio,427520
Aug-23,10656.03,501.68,0.0494,17806,Factorio,427520
Jul-23,10154.35,-159.57,-0.0155,16547,Factorio,427520
Jun-23,10313.93,-358.11,-0.0336,17088,Factorio,427520
May-23,10672.03,-1214.43,-0.1022,17536,Factorio,427520
Apr-23,11886.46,229.34,0.0197,19262,Factorio,427520
Mar-23,11657.12,-116.48,-0.0098999999999999,19858,Factorio,427520
Feb-23,11773.6,-1438.43,-0.1089,19829,Factorio,427520
Jan-23,13212.04,375.48,0.0293,21666,Factorio,427520
Dec-22,12836.56,1061.76,0.0902,20148,Factorio,427520
Nov-22,11774.79,252.62,0.0219,19328,Factorio,427520
Oct-22,11522.18,369.63,0.0331,18559,Factorio,427520
Sep-22,11152.54,16.12,0.0014,19153,Factorio,427520
Aug-22,11136.42,-66.65,-0.0059,17799,Factorio,427520
Jul-22,11203.07,91.07,0.0081999999999999,17737,Factorio,427520
Jun-22,11112.01,-724.39,-0.0612,17861,Factorio,427520
May-22,11836.4,-14.04,-0.0012,20112,Factorio,427520
Apr-22,11850.44,1957.34,0.1978,20019,Factorio,427520
Mar-22,9893.1,-832.08,-0.0776,16035,Factorio,427520
Feb-22,10725.18,-934.19,-0.0801,17634,Factorio,427520
Jan-22,11659.37,1276.93,0.123,18519,Factorio,427520
Dec-21,10382.44,-313.52,-0.0293,16558,Factorio,427520
Nov-21,10695.96,-1234.23,-0.1035,17685,Factorio,427520
Oct-21,11930.19,-189.6,-0.0156,20587,Factorio,427520
Sep-21,12119.79,1296.6,0.1198,21906,Factorio,427520
Aug-21,10823.19,1133.4,0.1169999999999999,17512,Factorio,427520
Jul-21,9689.79,70.34,0.0073,15104,Factorio,427520
Jun-21,9619.45,-777.78,-0.0748,15488,Factorio,427520
May-21,10397.23,49.58,0.0048,17087,Factorio,427520
Apr-21,10347.64,-373.41,-0.0348,17173,Factorio,427520
Mar-21,10721.06,-2455.64,-0.1864,17605,Factorio,427520
Feb-21,13176.7,1323.72,0.1117,22392,Factorio,427520
Jan-21,11852.97,1038.59,0.096,21942,Factorio,427520
Dec-20,10814.38,-1386.85,-0.1137,17612,Factorio,427520
Nov-20,12201.23,-1545.53,-0.1124,20177,Factorio,427520
Oct-20,13746.76,-2718.95,-0.1651,23613,Factorio,427520
Sep-20,16465.7,690.36,0.0438,28351,Factorio,427520
Aug-20,15775.35,8052.67,1.0427,34640,Factorio,427520
Jul-20,7722.68,-823.31,-0.0963,12180,Factorio,427520
Jun-20,8545.99,-889.15,-0.0942,13911,Factorio,427520
May-20,9435.14,-1786.95,-0.1592,16378,Factorio,427520
Apr-20,11222.09,1423.56,0.1452999999999999,18766,Factorio,427520
Mar-20,9798.53,884.09,0.0992,18335,Factorio,427520
Feb-20,8914.44,67.84,0.0077,15614,Factorio,427520
Jan-20,8846.6,1076.39,0.1384999999999999,15389,Factorio,427520
Dec-19,7770.21,-161.01,-0.0203,13117,Factorio,427520
Nov-19,7931.22,427.99,0.057,13790,Factorio,427520
Oct-19,7503.23,1113.29,0.1742,13459,Factorio,427520
Sep-19,6389.94,-93.2,-0.0144,12551,Factorio,427520
Aug-19,6483.14,213.48,0.034,11075,Factorio,427520
Jul-19,6269.67,-801.33,-0.1133,10523,Factorio,427520
Jun-19,7071.0,-944.24,-0.1177999999999999,12127,Factorio,427520
May-19,8015.24,-620.48,-0.0718,14507,Factorio,427520
Apr-19,8635.71,-3064.8,-0.2619,16250,Factorio,427520
Mar-19,11700.51,3518.31,0.43,22317,Factorio,427520
Feb-19,8182.2,-189.2,-0.0226,15100,Factorio,427520
Jan-19,8371.4,1252.76,0.176,14682,Factorio,427520
Dec-18,7118.64,409.35,0.061,13114,Factorio,427520
Nov-18,6709.29,-227.38,-0.0327999999999999,11956,Factorio,427520
Oct-18,6936.67,490.32,0.0761,12287,Factorio,427520
Sep-18,6446.35,-90.8,-0.0139,11514,Factorio,427520
Aug-18,6537.15,-448.33,-0.0642,11089,Factorio,427520
Jul-18,6985.48,-353.78,-0.0482,11601,Factorio,427520
Jun-18,7339.26,-799.45,-0.0982,12761,Factorio,427520
May-18,8138.71,-934.25,-0.103,13754,Factorio,427520
Apr-18,9072.96,1559.43,0.2075,16209,Factorio,427520
Mar-18,7513.53,-18.52,-0.0025,13163,Factorio,427520
Feb-18,7532.05,-939.7,-0.1109,13405,Factorio,427520
Jan-18,8471.75,829.22,0.1085,15155,Factorio,427520
Dec-17,7642.52,810.18,0.1186,14585,Factorio,427520
Nov-17,6832.35,-5.2,-0.0008,12246,Factorio,427520
Oct-17,6837.54,-259.84,-0.0366,11915,Factorio,427520
Sep-17,7097.38,127.53,0.0183,13248,Factorio,427520
Aug-17,6969.85,583.37,0.0913,11772,Factorio,427520
Jul-17,6386.48,-1017.83,-0.1375,10971,Factorio,427520
Jun-17,7404.32,-2960.23,-0.2855999999999999,14715,Factorio,427520
May-17,10364.55,3780.83,0.5743,19831,Factorio,427520
Apr-17,6583.72,1165.4,0.2151,20133,Factorio,427520
Mar-17,5418.31,-1023.02,-0.1588,10158,Factorio,427520
Feb-17,6441.33,727.35,0.1273,11814,Factorio,427520
Jan-17,5713.98,1037.23,0.2218,10774,Factorio,427520
Dec-16,4676.75,-23.87,-0.0051,7912,Factorio,427520
Nov-16,4700.62,287.98,0.0653,8697,Factorio,427520
Oct-16,4412.64,60.37,0.0139,8061,Factorio,427520
Sep-16,4352.27,287.38,0.0707,8101,Factorio,427520
Aug-16,4064.89,-794.48,-0.1635,7247,Factorio,427520
Jul-16,4859.37,342.68,0.0759,8183,Factorio,427520
Jun-16,4516.69,-1648.95,-0.2673999999999999,7404,Factorio,427520
May-16,6165.63,-2709.62,-0.3053,13006,Factorio,427520
Apr-16,8875.26,-130.18,-0.0144999999999999,15801,Factorio,427520
Mar-16,9005.43,6846.76,3.1717,16170,Factorio,427520
Feb-16,2158.67,-,0.0,11105,Factorio,427520
Sep-25,4823.02,-589.57,-0.1089,5999,Aseprite,431730
Aug-25,5412.6,250.33,0.0484999999999999,6759,Aseprite,431730
Jul-25,5162.26,374.41,0.0782,6727,Aseprite,431730
Jun-25,4787.85,27.55,0.0058,5781,Aseprite,431730
May-25,4760.3,-27.53,-0.0056999999999999,5777,Aseprite,431730
Apr-25,4787.83,93.16,0.0197999999999999,5785,Aseprite,431730
Mar-25,4694.67,-65.33,-0.0137,5648,Aseprite,431730
Feb-25,4760.0,140.48,0.0304,5606,Aseprite,431730
Jan-25,4619.52,603.38,0.1502,5886,Aseprite,431730
Dec-24,4016.14,-140.38,-0.0338,4831,Aseprite,431730
Nov-24,4156.53,-53.56,-0.0127,4895,Aseprite,431730
Oct-24,4210.08,-4.84,-0.0011,5117,Aseprite,431730
Sep-24,4214.92,-54.8,-0.0128,4978,Aseprite,431730
Aug-24,4269.72,-20.84,-0.0049,5196,Aseprite,431730
Jul-24,4290.56,218.8,0.0537,5165,Aseprite,431730
Jun-24,4071.76,-5.75,-0.0014,4853,Aseprite,431730
May-24,4077.51,118.33,0.0299,4899,Aseprite,431730
Apr-24,3959.18,137.34,0.0359,4708,Aseprite,431730
Mar-24,3821.84,556.1,0.1703,4546,Aseprite,431730
Feb-24,3265.74,450,0.1598,4322,Aseprite,431730
Jan-24,2815.74,216.39,0.0832,3495,Aseprite,431730
Dec-23,2599.36,-657.2,-0.2018,3294,Aseprite,431730
Nov-23,3256.55,4.65,0.0014,3951,Aseprite,431730
Oct-23,3251.9,168.88,0.0548,4076,Aseprite,431730
Sep-23,3083.02,-5.28,-0.0017,3863,Aseprite,431730
Aug-23,3088.3,-215.69,-0.0653,3880,Aseprite,431730
Jul-23,3304.0,298.98,0.0994999999999999,4190,Aseprite,431730
Jun-23,3005.02,-5.48,-0.0018,3646,Aseprite,431730
May-23,3010.5,-75.18,-0.0243999999999999,3768,Aseprite,431730
Apr-23,3085.68,57.91,0.0191,3903,Aseprite,431730
Mar-23,3027.77,-15.78,-0.0052,3690,Aseprite,431730
Feb-23,3043.54,79.2,0.0266999999999999,3884,Aseprite,431730
Jan-23,2964.35,369.84,0.1425,3571,Aseprite,431730
Dec-22,2594.51,-23.66,-0.009,3121,Aseprite,431730
Nov-22,2618.17,10.22,0.0039,3129,Aseprite,431730
Oct-22,2607.96,-3.55,-0.0014,3209,Aseprite,431730
Sep-22,2611.5,-118.54,-0.0434,3295,Aseprite,431730
Aug-22,2730.04,-47.96,-0.0173,3310,Aseprite,431730
Jul-22,2778.0,135.59,0.0513,3410,Aseprite,431730
Jun-22,2642.4,-37.66,-0.0141,3238,Aseprite,431730
May-22,2680.06,-2.63,-0.001,3295,Aseprite,431730
Apr-22,2682.7,182.72,0.0731,3579,Aseprite,431730
Mar-22,2499.97,-186.82,-0.0695,3071,Aseprite,431730
Feb-22,2686.79,-40.79,-0.015,3399,Aseprite,431730
Jan-22,2727.58,379.51,0.1616,3388,Aseprite,431730
Dec-21,2348.07,-25.15,-0.0106,2847,Aseprite,431730
Nov-21,2373.22,66.36,0.0288,2939,Aseprite,431730
Oct-21,2306.87,71.09,0.0318,3015,Aseprite,431730
Sep-21,2235.78,21.03,0.0095,2786,Aseprite,431730
Aug-21,2214.75,48.86,0.0226,2732,Aseprite,431730
Jul-21,2165.88,21.69,0.0101,2708,Aseprite,431730
Jun-21,2144.19,133.15,0.0662,2752,Aseprite,431730
May-21,2011.05,-80.19,-0.0383,2520,Aseprite,431730
Apr-21,2091.24,39.25,0.0191,2749,Aseprite,431730
Mar-21,2051.99,6.05,0.003,2594,Aseprite,431730
Feb-21,2045.94,86.13,0.0438999999999999,2563,Aseprite,431730
Jan-21,1959.81,340.13,0.21,2528,Aseprite,431730
Dec-20,1619.69,3.76,0.0023,2081,Aseprite,431730
Nov-20,1615.92,17.83,0.0112,2039,Aseprite,431730
Oct-20,1598.1,31.94,0.0204,2057,Aseprite,431730
Sep-20,1566.16,-55,-0.0339,1960,Aseprite,431730
Aug-20,1621.16,16.31,0.0102,2012,Aseprite,431730
Jul-20,1604.85,44.92,0.0288,2093,Aseprite,431730
Jun-20,1559.93,-17.6,-0.0112,1985,Aseprite,431730
May-20,1577.52,70.61,0.0469,1945,Aseprite,431730
Apr-20,1506.91,288.38,0.2367,2011,Aseprite,431730
Mar-20,1218.53,151.48,0.142,1637,Aseprite,431730
Feb-20,1067.06,81.99,0.0832,1373,Aseprite,431730
Jan-20,985.06,131.64,0.1542,1209,Aseprite,431730
Dec-19,853.42,33.97,0.0415,1046,Aseprite,431730
Nov-19,819.46,16.47,0.0204999999999999,1036,Aseprite,431730
Oct-19,802.99,28.95,0.0374,1094,Aseprite,431730
Sep-19,774.03,-5.92,-0.0076,990,Aseprite,431730
Aug-19,779.96,-20.84,-0.026,1040,Aseprite,431730
Jul-19,800.8,77.34,0.1069,1007,Aseprite,431730
Jun-19,723.46,18.63,0.0264,894,Aseprite,431730
May-19,704.83,20.54,0.03,892,Aseprite,431730
Apr-19,684.29,16.76,0.0250999999999999,964,Aseprite,431730
Mar-19,667.54,8.55,0.013,866,Aseprite,431730
Feb-19,658.98,-15.53,-0.023,829,Aseprite,431730
Jan-19,674.51,103.88,0.182,919,Aseprite,431730
Dec-18,570.63,-4.1,-0.0070999999999999,854,Aseprite,431730
Nov-18,574.73,60.83,0.1184,717,Aseprite,431730
Oct-18,513.91,18.32,0.037,656,Aseprite,431730
Sep-18,495.58,-18.99,-0.0369,673,Aseprite,431730
Aug-18,514.57,0.04,0.0001,682,Aseprite,431730
Jul-18,514.54,58.85,0.1291,636,Aseprite,431730
Jun-18,455.69,11.83,0.0266999999999999,595,Aseprite,431730
May-18,443.86,4.74,0.0108,563,Aseprite,431730
Apr-18,439.12,23.62,0.0567999999999999,656,Aseprite,431730
Mar-18,415.5,24.59,0.0629,560,Aseprite,431730
Feb-18,390.91,18.44,0.0495,501,Aseprite,431730
Jan-18,372.47,56.16,0.1775,556,Aseprite,431730
Dec-17,316.31,-6.95,-0.0215,468,Aseprite,431730
Nov-17,323.26,16.74,0.0546,423,Aseprite,431730
Oct-17,306.52,7.42,0.0248,412,Aseprite,431730
Sep-17,299.09,20.4,0.0732,407,Aseprite,431730
Aug-17,278.69,-0.96,-0.0034,361,Aseprite,431730
Jul-17,279.65,38.55,0.1599,380,Aseprite,431730
Jun-17,241.1,3.76,0.0159,320,Aseprite,431730
May-17,237.34,0.17,0.0007,330,Aseprite,431730
Apr-17,237.17,13.25,0.0592,369,Aseprite,431730
Mar-17,223.91,8.46,0.0393,297,Aseprite,431730
Feb-17,215.46,9.98,0.0486,279,Aseprite,431730
Jan-17,205.48,43.94,0.272,290,Aseprite,431730
Dec-16,161.54,17.37,0.1205,253,Aseprite,431730
Nov-16,144.16,1.59,0.0112,206,Aseprite,431730
Oct-16,142.57,18.87,0.1525999999999999,212,Aseprite,431730
Sep-16,123.7,13.91,0.1267,197,Aseprite,431730
Aug-16,109.79,9.6,0.0958,161,Aseprite,431730
Jul-16,100.19,8.64,0.0944,155,Aseprite,431730
Jun-16,91.54,6.27,0.0736,130,Aseprite,431730
May-16,85.27,-3.46,-0.039,118,Aseprite,431730
Apr-16,88.73,14.84,0.2007999999999999,147,Aseprite,431730
Mar-16,73.9,27.44,0.5907,115,Aseprite,431730
Feb-16,46.46,-,0.0,103,Aseprite,431730
Sep-25,78471.64,-9290.31,-0.1059,141058,Wallpaper Engine,431960
Aug-25,87761.95,2604.46,0.0306,136322,Wallpaper Engine,431960
Jul-25,85157.49,2584.7,0.0313,130498,Wallpaper Engine,431960
Jun-25,82572.79,6190.97,0.0810999999999999,138702,Wallpaper Engine,431960
May-25,76381.82,-532.38,-0.0069,133127,Wallpaper Engine,431960
Apr-25,76914.2,-2435.81,-0.0306999999999999,138046,Wallpaper Engine,431960
Mar-25,79350.01,-4200.37,-0.0503,138929,Wallpaper Engine,431960
Feb-25,83550.38,-1551.26,-0.0182,139559,Wallpaper Engine,431960
Jan-25,85101.64,6241.64,0.0791,143689,Wallpaper Engine,431960
Dec-24,78859.99,-90.52,-0.0011,136667,Wallpaper Engine,431960
Nov-24,78950.51,1681.28,0.0218,142248,Wallpaper Engine,431960
Oct-24,77269.23,2202.6,0.0293,140232,Wallpaper Engine,431960
Sep-24,75066.63,-4544.02,-0.0571,132539,Wallpaper Engine,431960
Aug-24,79610.65,350.67,0.0044,122730,Wallpaper Engine,431960
Jul-24,79259.98,4162.06,0.0554,123238,Wallpaper Engine,431960
Jun-24,75097.92,8382.18,0.1256,128399,Wallpaper Engine,431960
May-24,66715.73,-1385.43,-0.0203,118888,Wallpaper Engine,431960
Apr-24,68101.16,-2577.08,-0.0365,123964,Wallpaper Engine,431960
Mar-24,70678.24,-4458.83,-0.0593,130658,Wallpaper Engine,431960
Feb-24,75137.07,-3780.65,-0.0479,124042,Wallpaper Engine,431960
Jan-24,78917.72,6104.29,0.0838,131365,Wallpaper Engine,431960
Dec-23,72813.43,2771.95,0.0395999999999999,132225,Wallpaper Engine,431960
Nov-23,70041.48,-1773.89,-0.0247,132609,Wallpaper Engine,431960
Oct-23,71815.37,1908.65,0.0273,128667,Wallpaper Engine,431960
Sep-23,69906.72,-6477.83,-0.0848,133544,Wallpaper Engine,431960
Aug-23,76384.55,1650.24,0.0220999999999999,150271,Wallpaper Engine,431960
Jul-23,74734.31,5712.97,0.0828,121466,Wallpaper Engine,431960
Jun-23,69021.35,7004.68,0.1128999999999999,113887,Wallpaper Engine,431960
May-23,62016.67,-2885.77,-0.0445,113613,Wallpaper Engine,431960
Apr-23,64902.44,-754.97,-0.0115,119791,Wallpaper Engine,431960
Mar-23,65657.41,-8075.22,-0.1094999999999999,121485,Wallpaper Engine,431960
Feb-23,73732.62,-5976.26,-0.075,125911,Wallpaper Engine,431960
Jan-23,79708.88,-2702.17,-0.0327999999999999,134459,Wallpaper Engine,431960
Dec-22,82411.05,10882.04,0.1521,144578,Wallpaper Engine,431960
Nov-22,71529.01,4152.22,0.0616,130959,Wallpaper Engine,431960
Oct-22,67376.79,6116.92,0.0999,116398,Wallpaper Engine,431960
Sep-22,61259.87,1815.84,0.0305,105565,Wallpaper Engine,431960
Aug-22,59444.03,-2479.88,-0.04,95507,Wallpaper Engine,431960
Jul-22,61923.91,-1290.58,-0.0204,92811,Wallpaper Engine,431960
Jun-22,63214.49,7376.57,0.1321,105360,Wallpaper Engine,431960
May-22,55837.92,-1458.47,-0.0255,85111,Wallpaper Engine,431960
Apr-22,57296.39,1761.25,0.0317,92550,Wallpaper Engine,431960
Mar-22,55535.13,-816.69,-0.0144999999999999,90559,Wallpaper Engine,431960
Feb-22,56351.82,938.31,0.0169,88349,Wallpaper Engine,431960
Jan-22,55413.51,3052.77,0.0583,82336,Wallpaper Engine,431960
Dec-21,52360.73,5636.49,0.1206,91899,Wallpaper Engine,431960
Nov-21,46724.25,2869.43,0.0654,105188,Wallpaper Engine,431960
Oct-21,43854.82,1126.86,0.0264,69512,Wallpaper Engine,431960
Sep-21,42727.96,-597.31,-0.0138,67845,Wallpaper Engine,431960
Aug-21,43325.27,2440.74,0.0596999999999999,60440,Wallpaper Engine,431960
Jul-21,40884.53,930.63,0.0233,59235,Wallpaper Engine,431960
Jun-21,39953.9,3561.46,0.0978999999999999,62532,Wallpaper Engine,431960
May-21,36392.44,265.31,0.0073,52689,Wallpaper Engine,431960
Apr-21,36127.13,-2386.25,-0.062,54493,Wallpaper Engine,431960
Mar-21,38513.38,-2928.06,-0.0707,58083,Wallpaper Engine,431960
Feb-21,41441.43,-3206.42,-0.0718,60437,Wallpaper Engine,431960
Jan-21,44647.85,4077.52,0.1005,65041,Wallpaper Engine,431960
Dec-20,40570.33,4512.71,0.1252,61970,Wallpaper Engine,431960
Nov-20,36057.62,3564.18,0.1097,66361,Wallpaper Engine,431960
Oct-20,32493.44,-1451.05,-0.0426999999999999,50092,Wallpaper Engine,431960
Sep-20,33944.49,-1484.94,-0.0419,54924,Wallpaper Engine,431960
Aug-20,35429.43,1932.02,0.0576999999999999,55155,Wallpaper Engine,431960
Jul-20,33497.4,3324.22,0.1101999999999999,50684,Wallpaper Engine,431960
Jun-20,30173.18,478.78,0.0161,43641,Wallpaper Engine,431960
May-20,29694.4,2417.06,0.0886,47845,Wallpaper Engine,431960
Apr-20,27277.34,2320.09,0.093,43257,Wallpaper Engine,431960
Mar-20,24957.25,4514.03,0.2208,37293,Wallpaper Engine,431960
Feb-20,20443.22,3442.67,0.2025,30645,Wallpaper Engine,431960
Jan-20,17000.55,1705.76,0.1115,25694,Wallpaper Engine,431960
Dec-19,15294.79,1662.29,0.1219,24959,Wallpaper Engine,431960
Nov-19,13632.5,792.74,0.0617,21292,Wallpaper Engine,431960
Oct-19,12839.75,58.62,0.0046,22241,Wallpaper Engine,431960
Sep-19,12781.13,498.81,0.0406,20262,Wallpaper Engine,431960
Aug-19,12282.33,800.88,0.0698,17325,Wallpaper Engine,431960
Jul-19,11481.45,607.08,0.0558,15683,Wallpaper Engine,431960
Jun-19,10874.37,342.51,0.0325,17022,Wallpaper Engine,431960
May-19,10531.86,304.76,0.0298,15353,Wallpaper Engine,431960
Apr-19,10227.09,783.63,0.083,15770,Wallpaper Engine,431960
Mar-19,9443.47,-70.05,-0.0074,14369,Wallpaper Engine,431960
Feb-19,9513.52,-517.09,-0.0516,13241,Wallpaper Engine,431960
Jan-19,10030.61,674.06,0.072,13634,Wallpaper Engine,431960
Dec-18,9356.55,408.02,0.0455999999999999,13288,Wallpaper Engine,431960
Nov-18,8948.53,1229.68,0.1593,13155,Wallpaper Engine,431960
Oct-18,7718.85,-43.87,-0.0056999999999999,11420,Wallpaper Engine,431960
Sep-18,7762.73,-44.08,-0.0056,11882,Wallpaper Engine,431960
Aug-18,7806.81,-228.26,-0.0283999999999999,11536,Wallpaper Engine,431960
Jul-18,8035.07,337.25,0.0438,11980,Wallpaper Engine,431960
Jun-18,7697.82,77.01,0.0101,12434,Wallpaper Engine,431960
May-18,7620.81,-100.78,-0.0131,12961,Wallpaper Engine,431960
Apr-18,7721.59,368.09,0.0501,12474,Wallpaper Engine,431960
Mar-18,7353.5,569.78,0.084,13702,Wallpaper Engine,431960
Feb-18,6783.73,-392.8,-0.0547,9481,Wallpaper Engine,431960
Jan-18,7176.52,324.97,0.0474,11641,Wallpaper Engine,431960
Dec-17,6851.55,748.27,0.1226,11397,Wallpaper Engine,431960
Nov-17,6103.28,182.75,0.0308999999999999,10661,Wallpaper Engine,431960
Oct-17,5920.53,-60.58,-0.0101,9332,Wallpaper Engine,431960
Sep-17,5981.11,484.88,0.0882,10332,Wallpaper Engine,431960
Aug-17,5496.23,-569.69,-0.0939,8443,Wallpaper Engine,431960
Jul-17,6065.92,-773.21,-0.1131,10634,Wallpaper Engine,431960
Jun-17,6839.14,127.93,0.0191,12452,Wallpaper Engine,431960
May-17,6711.2,-232.37,-0.0335,11672,Wallpaper Engine,431960
Apr-17,6943.57,-1990.99,-0.2228,11941,Wallpaper Engine,431960
Mar-17,8934.56,750.01,0.0916,16935,Wallpaper Engine,431960
Feb-17,8184.55,789.38,0.1067,20378,Wallpaper Engine,431960
Jan-17,7395.17,5876.43,3.8693,15919,Wallpaper Engine,431960
Dec-16,1518.74,1474.41,33.2594,15732,Wallpaper Engine,431960
Nov-16,44.33,0.09,0.002,92,Wallpaper Engine,431960
Oct-16,44.24,44.11,328.8934,194,Wallpaper Engine,431960
Sep-16,0.13,-,0.0,2,Wallpaper Engine,431960
Sep-25,38622.68,-1549.57,-0.0385999999999999,58890,VRChat,438100
Aug-25,40172.25,1385.09,0.0356999999999999,59212,VRChat,438100
Jul-25,38787.16,425.66,0.0111,57254,VRChat,438100
Jun-25,38361.5,1053.55,0.0282,55762,VRChat,438100
May-25,37307.95,1336.63,0.0372,55832,VRChat,438100
Apr-25,35971.31,-861.77,-0.0233999999999999,56751,VRChat,438100
Mar-25,36833.08,-1594.13,-0.0415,57505,VRChat,438100
Feb-25,38427.21,770.4,0.0204999999999999,59366,VRChat,438100
Jan-25,37656.81,3510.96,0.1027999999999999,66673,VRChat,438100
Dec-24,34145.86,692.74,0.0207,55954,VRChat,438100
Nov-24,33453.11,1090,0.0337,52932,VRChat,438100
Oct-24,32363.11,860,0.0273,51453,VRChat,438100
Sep-24,31503.12,603.53,0.0195,49551,VRChat,438100
Aug-24,30899.58,3492.56,0.1274,46939,VRChat,438100
Jul-24,27407.02,-55.07,-0.002,44391,VRChat,438100
Jun-24,27462.1,2330.62,0.0926999999999999,45567,VRChat,438100
May-24,25131.47,190.5,0.0076,42603,VRChat,438100
Apr-24,24940.98,82.59,0.0033,43644,VRChat,438100
Mar-24,24858.38,737.6,0.0306,43959,VRChat,438100
Feb-24,24120.79,-10.32,-0.0004,42445,VRChat,438100
Jan-24,24131.1,1474,0.0650999999999999,51321,VRChat,438100
Dec-23,22657.1,722.65,0.0329,37639,VRChat,438100
Nov-23,21934.46,171.78,0.0079,38408,VRChat,438100
Oct-23,21762.68,459.11,0.0216,38233,VRChat,438100
Sep-23,21303.57,-1091.3,-0.0487,37260,VRChat,438100
Aug-23,22394.87,-1265.72,-0.0535,37420,VRChat,438100
Jul-23,23660.59,1042.35,0.0461,38319,VRChat,438100
Jun-23,22618.23,1224.23,0.0572,38296,VRChat,438100
May-23,21394.01,-449.74,-0.0206,36871,VRChat,438100
Apr-23,21843.74,998.53,0.0479,37292,VRChat,438100
Mar-23,20845.21,-567.04,-0.0265,37662,VRChat,438100
Feb-23,21412.25,-934.4,-0.0418,37972,VRChat,438100
Jan-23,22346.65,1555.62,0.0748,46509,VRChat,438100
Dec-22,20791.03,1736.84,0.0911999999999999,34802,VRChat,438100
Nov-22,19054.19,-313.21,-0.0162,33743,VRChat,438100
Oct-22,19367.41,264.36,0.0138,32984,VRChat,438100
Sep-22,19103.04,-1107.11,-0.0548,33003,VRChat,438100
Aug-22,20210.16,-2536.13,-0.1115,32322,VRChat,438100
Jul-22,22746.29,588.59,0.0266,36039,VRChat,438100
Jun-22,22157.69,546.5,0.0253,36636,VRChat,438100
May-22,21611.19,-611.11,-0.0275,36758,VRChat,438100
Apr-22,22222.3,1148.47,0.0545,38176,VRChat,438100
Mar-22,21073.83,-189.66,-0.0089,36921,VRChat,438100
Feb-22,21263.49,167.12,0.0079,35815,VRChat,438100
Jan-22,21096.37,3297.62,0.1853,42564,VRChat,438100
Dec-21,17798.75,1183.43,0.0712,28981,VRChat,438100
Nov-21,16615.32,514.91,0.032,29072,VRChat,438100
Oct-21,16100.41,826.21,0.0541,28621,VRChat,438100
Sep-21,15274.2,-1079.31,-0.066,26175,VRChat,438100
Aug-21,16353.51,1124.85,0.0739,26106,VRChat,438100
Jul-21,15228.66,900.77,0.0629,23746,VRChat,438100
Jun-21,14327.89,-335.35,-0.0229,23598,VRChat,438100
May-21,14663.24,-314.24,-0.021,24149,VRChat,438100
Apr-21,14977.49,400.28,0.0275,25744,VRChat,438100
Mar-21,14577.21,-85.68,-0.0058,25572,VRChat,438100
Feb-21,14662.89,-247.23,-0.0166,24673,VRChat,438100
Jan-21,14910.12,2166.03,0.17,26251,VRChat,438100
Dec-20,12744.08,898.45,0.0758,20742,VRChat,438100
Nov-20,11845.63,1752.6,0.1736,19368,VRChat,438100
Oct-20,10093.03,-279.4,-0.0269,17812,VRChat,438100
Sep-20,10372.42,-1069.6,-0.0935,16508,VRChat,438100
Aug-20,11442.02,328.31,0.0295,17514,VRChat,438100
Jul-20,11113.71,-69.68,-0.0062,16634,VRChat,438100
Jun-20,11183.39,-592.8,-0.0503,15781,VRChat,438100
May-20,11776.19,47.21,0.004,17025,VRChat,438100
Apr-20,11728.97,2262.82,0.239,16404,VRChat,438100
Mar-20,9466.15,1486.45,0.1863,14931,VRChat,438100
Feb-20,7979.7,6.76,0.0008,12178,VRChat,438100
Jan-20,7972.94,626.35,0.0852999999999999,14444,VRChat,438100
Dec-19,7346.6,468.04,0.068,11163,VRChat,438100
Nov-19,6878.56,-13.3,-0.0019,10701,VRChat,438100
Oct-19,6891.86,469.16,0.073,10521,VRChat,438100
Sep-19,6422.7,235.85,0.0381,10514,VRChat,438100
Aug-19,6186.85,-322.31,-0.0495,8667,VRChat,438100
Jul-19,6509.16,595.56,0.1007,28596,VRChat,438100
Jun-19,5913.6,157.04,0.0273,8603,VRChat,438100
May-19,5756.57,-101.16,-0.0173,8726,VRChat,438100
Apr-19,5857.73,-517.29,-0.0810999999999999,9106,VRChat,438100
Mar-19,6375.02,-32.03,-0.005,9969,VRChat,438100
Feb-19,6407.04,-778.17,-0.1083,9627,VRChat,438100
Jan-19,7185.21,1209.19,0.2023,10908,VRChat,438100
Dec-18,5976.02,-166.37,-0.0271,9030,VRChat,438100
Nov-18,6142.4,-279.96,-0.0436,9068,VRChat,438100
Oct-18,6422.35,583.74,0.1,9370,VRChat,438100
Sep-18,5838.62,-129.82,-0.0218,8727,VRChat,438100
Aug-18,5968.44,6.37,0.0011,8989,VRChat,438100
Jul-18,5962.07,193.59,0.0336,7785,VRChat,438100
Jun-18,5768.48,390.86,0.0727,7773,VRChat,438100
May-18,5377.61,271.07,0.0530999999999999,7961,VRChat,438100
Apr-18,5106.54,-310.88,-0.0574,8089,VRChat,438100
Mar-18,5417.43,-791.58,-0.1275,9102,VRChat,438100
Feb-18,6209.01,-3014.34,-0.3268,10157,VRChat,438100
Jan-18,9223.35,7477.9,4.2842,20212,VRChat,438100
Dec-17,1745.45,1444.23,4.7945,6433,VRChat,438100
Nov-17,301.22,171.17,1.3161,724,VRChat,438100
Oct-17,130.06,77.47,1.4734,315,VRChat,438100
Sep-17,52.58,21.92,0.7152,138,VRChat,438100
Aug-17,30.66,6.34,0.2607,83,VRChat,438100
Jul-17,24.32,4.14,0.2055,64,VRChat,438100
Jun-17,20.17,-0.97,-0.0458,55,VRChat,438100
May-17,21.14,-1.12,-0.0501,61,VRChat,438100
Apr-17,22.26,-4.25,-0.1603,54,VRChat,438100
Mar-17,26.5,-19.74,-0.4269,82,VRChat,438100
Feb-17,46.24,45.11,39.7149,109,VRChat,438100
Jan-17,1.14,-,0.0,8,VRChat,438100
Sep-25,5507.51,93.87,0.0173,9452,Conan Exiles,440900
Aug-25,5413.64,385.3,0.0766,9175,Conan Exiles,440900
Jul-25,5028.34,-314.32,-0.0588,8468,Conan Exiles,440900
Jun-25,5342.66,-1871.15,-0.2594,10300,Conan Exiles,440900
May-25,7213.81,-2181.79,-0.2322,12312,Conan Exiles,440900
Apr-25,9395.6,342.51,0.0378,17616,Conan Exiles,440900
Mar-25,9053.09,3023.14,0.5014,21039,Conan Exiles,440900
Feb-25,6029.95,-475.39,-0.0731,10668,Conan Exiles,440900
Jan-25,6505.34,132.23,0.0207,11063,Conan Exiles,440900
Dec-24,6373.11,-1074.23,-0.1442,11298,Conan Exiles,440900
Nov-24,7447.34,417.89,0.0594,13868,Conan Exiles,440900
Oct-24,7029.44,1596.74,0.2939,15723,Conan Exiles,440900
Sep-24,5432.71,231.41,0.0445,9297,Conan Exiles,440900
Aug-24,5201.3,-318.94,-0.0578,8857,Conan Exiles,440900
Jul-24,5520.24,-253.6,-0.0438999999999999,9925,Conan Exiles,440900
Jun-24,5773.84,-654.7,-0.1018,10087,Conan Exiles,440900
May-24,6428.54,-1386.08,-0.1773999999999999,10776,Conan Exiles,440900
Apr-24,7814.62,968.94,0.1415,15152,Conan Exiles,440900
Mar-24,6845.67,-74.54,-0.0108,11931,Conan Exiles,440900
Feb-24,6920.22,-2725.77,-0.2826,12296,Conan Exiles,440900
Jan-24,9645.99,112.73,0.0118,17453,Conan Exiles,440900
Dec-23,9533.26,465.89,0.0513999999999999,15876,Conan Exiles,440900
Nov-23,9067.37,-295.89,-0.0316,15913,Conan Exiles,440900
Oct-23,9363.25,1701.78,0.2221,17024,Conan Exiles,440900
Sep-23,7661.48,-588.7,-0.0713999999999999,15921,Conan Exiles,440900
Aug-23,8250.18,-3721.79,-0.3109,13795,Conan Exiles,440900
Jul-23,11971.97,2642.45,0.2832,22283,Conan Exiles,440900
Jun-23,9329.52,-678.68,-0.0678,20016,Conan Exiles,440900
May-23,10008.2,-1536.29,-0.1331,16791,Conan Exiles,440900
Apr-23,11544.49,716.88,0.0662,20732,Conan Exiles,440900
Mar-23,10827.61,1750.4,0.1928,22160,Conan Exiles,440900
Feb-23,9077.21,-1080.81,-0.1064,17384,Conan Exiles,440900
Jan-23,10158.02,617.35,0.0647,16991,Conan Exiles,440900
Dec-22,9540.67,-408.23,-0.0409999999999999,16064,Conan Exiles,440900
Nov-22,9948.9,-2926.78,-0.2273,16724,Conan Exiles,440900
Oct-22,12875.69,-8370.05,-0.3939999999999999,25317,Conan Exiles,440900
Sep-22,21245.74,13258.11,1.6598,42604,Conan Exiles,440900
Aug-22,7987.63,-1096.26,-0.1207,13650,Conan Exiles,440900
Jul-22,9083.89,1692.06,0.2289,14713,Conan Exiles,440900
Jun-22,7391.83,-882.43,-0.1066,13205,Conan Exiles,440900
May-22,8274.26,964.01,0.1319,13845,Conan Exiles,440900
Apr-22,7310.26,589.93,0.0877999999999999,11837,Conan Exiles,440900
Mar-22,6720.33,-1686.46,-0.2006,10792,Conan Exiles,440900
Feb-22,8406.79,-1069.58,-0.1128999999999999,15330,Conan Exiles,440900
Jan-22,9476.37,1355.88,0.1669999999999999,15407,Conan Exiles,440900
Dec-21,8120.49,361.86,0.0466,13248,Conan Exiles,440900
Nov-21,7758.62,1761.86,0.2938,13347,Conan Exiles,440900
Oct-21,5996.77,-1690.24,-0.2198999999999999,11623,Conan Exiles,440900
Sep-21,7687.01,-262.21,-0.033,13075,Conan Exiles,440900
Aug-21,7949.22,-2305.15,-0.2248,12864,Conan Exiles,440900
Jul-21,10254.37,-4050.2,-0.2830999999999999,18208,Conan Exiles,440900
Jun-21,14304.56,4012.71,0.3899,27382,Conan Exiles,440900
May-21,10291.86,1348.98,0.1508,25414,Conan Exiles,440900
Apr-21,8942.88,-51.99,-0.0058,16103,Conan Exiles,440900
Mar-21,8994.87,-58.97,-0.0065,16909,Conan Exiles,440900
Feb-21,9053.84,-631.12,-0.0652,14827,Conan Exiles,440900
Jan-21,9684.96,2481.31,0.3445,15949,Conan Exiles,440900
Dec-20,7203.65,-1671.66,-0.1883,12946,Conan Exiles,440900
Nov-20,8875.3,-2406.02,-0.2133,16063,Conan Exiles,440900
Oct-20,11281.33,-2365.78,-0.1734,23039,Conan Exiles,440900
Sep-20,13647.11,6663.1,0.9541,33819,Conan Exiles,440900
Aug-20,6984.01,-1525.6,-0.1793,11498,Conan Exiles,440900
Jul-20,8509.61,-107.42,-0.0125,14895,Conan Exiles,440900
Jun-20,8617.03,-3275.65,-0.2754,15717,Conan Exiles,440900
May-20,11892.68,943.45,0.0862,23530,Conan Exiles,440900
Apr-20,10949.23,1455.59,0.1533,17890,Conan Exiles,440900
Mar-20,9493.65,99.71,0.0106,15605,Conan Exiles,440900
Feb-20,9393.93,-2266.1,-0.1943,16460,Conan Exiles,440900
Jan-20,11660.03,817.74,0.0754,20972,Conan Exiles,440900
Dec-19,10842.3,4976.65,0.8484,21129,Conan Exiles,440900
Nov-19,5865.65,-403.85,-0.0644,10184,Conan Exiles,440900
Oct-19,6269.5,621.55,0.11,10975,Conan Exiles,440900
Sep-19,5647.95,393.24,0.0748,13269,Conan Exiles,440900
Aug-19,5254.7,-1132.92,-0.1773999999999999,9235,Conan Exiles,440900
Jul-19,6387.63,-499.71,-0.0726,11163,Conan Exiles,440900
Jun-19,6887.34,-2661.75,-0.2787,12247,Conan Exiles,440900
May-19,9549.09,1974.66,0.2607,20449,Conan Exiles,440900
Apr-19,7574.43,-1506.64,-0.1659,13416,Conan Exiles,440900
Mar-19,9081.07,4404.38,0.9418,22210,Conan Exiles,440900
Feb-19,4676.69,-1223.32,-0.2073,8382,Conan Exiles,440900
Jan-19,5900.0,918.08,0.1843,10524,Conan Exiles,440900
Dec-18,4981.92,164.61,0.0342,10458,Conan Exiles,440900
Nov-18,4817.31,-1050.56,-0.179,8678,Conan Exiles,440900
Oct-18,5867.86,878.27,0.176,11885,Conan Exiles,440900
Sep-18,4989.59,-1689.06,-0.2529,8646,Conan Exiles,440900
Aug-18,6678.65,-3071.66,-0.315,13839,Conan Exiles,440900
Jul-18,9750.31,-3251.07,-0.2501,18273,Conan Exiles,440900
Jun-18,13001.37,-8555.4,-0.3969,30233,Conan Exiles,440900
May-18,21556.77,17903.68,4.901,49230,Conan Exiles,440900
Apr-18,3653.09,1768.57,0.9385,12326,Conan Exiles,440900
Mar-18,1884.52,-672.43,-0.263,3677,Conan Exiles,440900
Feb-18,2556.95,-703.1,-0.2157,5087,Conan Exiles,440900
Jan-18,3260.05,642.49,0.2455,5746,Conan Exiles,440900
Dec-17,2617.57,755.24,0.4054999999999999,5225,Conan Exiles,440900
Nov-17,1862.32,-25.68,-0.0136,4079,Conan Exiles,440900
Oct-17,1888.0,-1117.11,-0.3717,4083,Conan Exiles,440900
Sep-17,3005.11,-574.68,-0.1605,7143,Conan Exiles,440900
Aug-17,3579.79,2009.7,1.28,12971,Conan Exiles,440900
Jul-17,1570.09,-224.52,-0.1251,3113,Conan Exiles,440900
Jun-17,1794.61,-331.26,-0.1558,3608,Conan Exiles,440900
May-17,2125.87,-1784.56,-0.4564,3909,Conan Exiles,440900
Apr-17,3910.43,-3069.77,-0.4397999999999999,7645,Conan Exiles,440900
Mar-17,6980.2,-14886.2,-0.6808,15967,Conan Exiles,440900
Feb-17,21866.4,21349.02,41.2635,53402,Conan Exiles,440900
Jan-17,517.38,512.97,116.1607,32772,Conan Exiles,440900
Dec-16,4.42,1.97,0.8086,34,Conan Exiles,440900
Nov-16,2.44,0.52,0.2678,73,Conan Exiles,440900
Oct-16,1.93,-1.43,-0.4257,23,Conan Exiles,440900
Sep-16,3.35,1.7,1.0286,34,Conan Exiles,440900
Aug-16,1.65,1.32,3.9462,24,Conan Exiles,440900
Jul-16,0.33,-0.55,-0.624,13,Conan Exiles,440900
Jun-16,0.89,-,0.0,12,Conan Exiles,440900
Sep-25,4797.84,-153.12,-0.0308999999999999,9579,World of Tanks Blitz,444200
Aug-25,4950.97,-598.68,-0.1079,9107,World of Tanks Blitz,444200
Jul-25,5549.65,-162.76,-0.0285,11026,World of Tanks Blitz,444200
Jun-25,5712.41,193.35,0.035,11717,World of Tanks Blitz,444200
May-25,5519.06,-64.21,-0.0115,11163,World of Tanks Blitz,444200
Apr-25,5583.27,-479.52,-0.0791,10564,World of Tanks Blitz,444200
Mar-25,6062.79,-960.39,-0.1367,11930,World of Tanks Blitz,444200
Feb-25,7023.18,-1601.21,-0.1857,15341,World of Tanks Blitz,444200
Jan-25,8624.39,-448.85,-0.0495,16511,World of Tanks Blitz,444200
Dec-24,9073.24,2097.9,0.3007999999999999,20539,World of Tanks Blitz,444200
Nov-24,6975.34,-129.07,-0.0182,13696,World of Tanks Blitz,444200
Oct-24,7104.41,23.42,0.0033,14931,World of Tanks Blitz,444200
Sep-24,7080.99,-1542.97,-0.1789,13468,World of Tanks Blitz,444200
Aug-24,8623.97,202.94,0.0241,17109,World of Tanks Blitz,444200
Jul-24,8421.03,684.15,0.0883999999999999,16719,World of Tanks Blitz,444200
Jun-24,7736.88,158.49,0.0209,17386,World of Tanks Blitz,444200
May-24,7578.39,-443.83,-0.0553,15927,World of Tanks Blitz,444200
Apr-24,8022.22,-1067.97,-0.1175,16194,World of Tanks Blitz,444200
Mar-24,9090.19,-535.1,-0.0556,17967,World of Tanks Blitz,444200
Feb-24,9625.29,-743.15,-0.0717,19793,World of Tanks Blitz,444200
Jan-24,10368.44,-2206.82,-0.1755,21874,World of Tanks Blitz,444200
Dec-23,12575.26,3793.04,0.4318999999999999,26910,World of Tanks Blitz,444200
Nov-23,8782.21,925.03,0.1177,18385,World of Tanks Blitz,444200
Oct-23,7857.19,355.83,0.0474,16826,World of Tanks Blitz,444200
Sep-23,7501.35,-871.3,-0.1041,14763,World of Tanks Blitz,444200
Aug-23,8372.66,-72.77,-0.0086,16651,World of Tanks Blitz,444200
Jul-23,8445.43,-785.7,-0.0851,15867,World of Tanks Blitz,444200
Jun-23,9231.13,579.5,0.067,18424,World of Tanks Blitz,444200
May-23,8651.63,-619.93,-0.0669,16396,World of Tanks Blitz,444200
Apr-23,9271.56,-338.72,-0.0352,17421,World of Tanks Blitz,444200
Mar-23,9610.28,-1666.63,-0.1478,20297,World of Tanks Blitz,444200
Feb-23,11276.91,-95.64,-0.0084,22339,World of Tanks Blitz,444200
Jan-23,11372.55,-747.79,-0.0617,22178,World of Tanks Blitz,444200
Dec-22,12120.33,2329.27,0.2379,26321,World of Tanks Blitz,444200
Nov-22,9791.06,-3229.96,-0.2481,18605,World of Tanks Blitz,444200
Oct-22,13021.02,-3329.45,-0.2036,32826,World of Tanks Blitz,444200
Sep-22,16350.48,222.12,0.0138,36474,World of Tanks Blitz,444200
Aug-22,16128.35,-49.04,-0.003,30856,World of Tanks Blitz,444200
Jul-22,16177.4,-1101.63,-0.0638,29585,World of Tanks Blitz,444200
Jun-22,17279.03,849.17,0.0516999999999999,36390,World of Tanks Blitz,444200
May-22,16429.85,-636.92,-0.0373,34787,World of Tanks Blitz,444200
Apr-22,17066.77,492.59,0.0297,35092,World of Tanks Blitz,444200
Mar-22,16574.19,-3870.74,-0.1893,33060,World of Tanks Blitz,444200
Feb-22,20444.92,-1173.83,-0.0542999999999999,49555,World of Tanks Blitz,444200
Jan-22,21618.75,-1823.75,-0.0778,47291,World of Tanks Blitz,444200
Dec-21,23442.5,4042.36,0.2084,56489,World of Tanks Blitz,444200
Nov-21,19400.14,1654.03,0.0932,40899,World of Tanks Blitz,444200
Oct-21,17746.12,460.32,0.0266,39393,World of Tanks Blitz,444200
Sep-21,17285.8,1017.95,0.0626,38695,World of Tanks Blitz,444200
Aug-21,16267.84,335.35,0.021,33759,World of Tanks Blitz,444200
Jul-21,15932.49,-713.57,-0.0429,30166,World of Tanks Blitz,444200
Jun-21,16646.06,1157.19,0.0747,36625,World of Tanks Blitz,444200
May-21,15488.87,-1129.68,-0.068,35191,World of Tanks Blitz,444200
Apr-21,16618.55,-1251.59,-0.07,36207,World of Tanks Blitz,444200
Mar-21,17870.14,-844.22,-0.0451,36881,World of Tanks Blitz,444200
Feb-21,18714.36,-777.18,-0.0399,36904,World of Tanks Blitz,444200
Jan-21,19491.54,-2851.78,-0.1276,42806,World of Tanks Blitz,444200
Dec-20,22343.31,4168.73,0.2294,48471,World of Tanks Blitz,444200
Nov-20,18174.59,3961.41,0.2787,37348,World of Tanks Blitz,444200
Oct-20,14213.18,332.38,0.0239,32002,World of Tanks Blitz,444200
Sep-20,13880.8,663.54,0.0501999999999999,29456,World of Tanks Blitz,444200
Aug-20,13217.27,410.23,0.032,31012,World of Tanks Blitz,444200
Jul-20,12807.04,-1952.09,-0.1323,23842,World of Tanks Blitz,444200
Jun-20,14759.13,-1827.76,-0.1101999999999999,29977,World of Tanks Blitz,444200
May-20,16586.89,-1630.78,-0.0895,33441,World of Tanks Blitz,444200
Apr-20,18217.66,4717.27,0.3494,35866,World of Tanks Blitz,444200
Mar-20,13500.4,1400.95,0.1158,29252,World of Tanks Blitz,444200
Feb-20,12099.45,-2134.8,-0.15,24948,World of Tanks Blitz,444200
Jan-20,14234.25,1579.04,0.1248,30161,World of Tanks Blitz,444200
Dec-19,12655.22,1869.11,0.1732999999999999,32114,World of Tanks Blitz,444200
Nov-19,10786.1,-399.29,-0.0356999999999999,25176,World of Tanks Blitz,444200
Oct-19,11185.4,1337.18,0.1358,29808,World of Tanks Blitz,444200
Sep-19,9848.22,349.06,0.0366999999999999,23034,World of Tanks Blitz,444200
Aug-19,9499.16,393.81,0.0433,20013,World of Tanks Blitz,444200
Jul-19,9105.34,-1314.25,-0.1261,21595,World of Tanks Blitz,444200
Jun-19,10419.59,889.45,0.0933,23804,World of Tanks Blitz,444200
May-19,9530.14,754.34,0.086,26085,World of Tanks Blitz,444200
Apr-19,8775.8,-631.96,-0.0672,21920,World of Tanks Blitz,444200
Mar-19,9407.75,-365.19,-0.0374,19853,World of Tanks Blitz,444200
Feb-19,9772.95,37.17,0.0038,21936,World of Tanks Blitz,444200
Jan-19,9735.77,-89.41,-0.0091,24280,World of Tanks Blitz,444200
Dec-18,9825.18,1377.01,0.163,25340,World of Tanks Blitz,444200
Nov-18,8448.17,-365.79,-0.0415,21327,World of Tanks Blitz,444200
Oct-18,8813.96,1486.8,0.2029,25622,World of Tanks Blitz,444200
Sep-18,7327.16,329.15,0.047,14908,World of Tanks Blitz,444200
Aug-18,6998.01,118.62,0.0172,14693,World of Tanks Blitz,444200
Jul-18,6879.39,-644.19,-0.0856,16653,World of Tanks Blitz,444200
Jun-18,7523.57,130.39,0.0176,15537,World of Tanks Blitz,444200
May-18,7393.19,36.47,0.005,16999,World of Tanks Blitz,444200
Apr-18,7356.72,-1355.24,-0.1556,16618,World of Tanks Blitz,444200
Mar-18,8711.97,258.68,0.0306,19217,World of Tanks Blitz,444200
Feb-18,8453.29,253.28,0.0308999999999999,19197,World of Tanks Blitz,444200
Jan-18,8200.01,952.98,0.1315,18190,World of Tanks Blitz,444200
Dec-17,7247.03,680.74,0.1036999999999999,16510,World of Tanks Blitz,444200
Nov-17,6566.28,46.41,0.0070999999999999,13514,World of Tanks Blitz,444200
Oct-17,6519.87,893.58,0.1588,15471,World of Tanks Blitz,444200
Sep-17,5626.29,168.4,0.0308999999999999,11941,World of Tanks Blitz,444200
Aug-17,5457.88,558.36,0.114,12890,World of Tanks Blitz,444200
Jul-17,4899.52,237.14,0.0509,8993,World of Tanks Blitz,444200
Jun-17,4662.38,626.53,0.1552,10817,World of Tanks Blitz,444200
May-17,4035.85,-192.55,-0.0455,9518,World of Tanks Blitz,444200
Apr-17,4228.4,-138.22,-0.0317,10079,World of Tanks Blitz,444200
Mar-17,4366.62,-797.51,-0.1543999999999999,9746,World of Tanks Blitz,444200
Feb-17,5164.13,515.6,0.1109,12924,World of Tanks Blitz,444200
Jan-17,4648.53,616.55,0.1528999999999999,11831,World of Tanks Blitz,444200
Dec-16,4031.97,1218.79,0.4332,9989,World of Tanks Blitz,444200
Nov-16,2813.18,1816.11,1.8214,8092,World of Tanks Blitz,444200
Oct-16,997.08,-,0.0,4687,World of Tanks Blitz,444200
Sep-25,6786.33,-1613.05,-0.192,11804,Oxygen Not Included,457140
Aug-25,8399.38,-2250.76,-0.2113,14446,Oxygen Not Included,457140
Jul-25,10650.14,-458.25,-0.0412999999999999,19940,Oxygen Not Included,457140
Jun-25,11108.39,3766.23,0.513,23103,Oxygen Not Included,457140
May-25,7342.16,-406.88,-0.0525,12564,Oxygen Not Included,457140
Apr-25,7749.04,112.22,0.0147,13641,Oxygen Not Included,457140
Mar-25,7636.83,320.18,0.0438,15932,Oxygen Not Included,457140
Feb-25,7316.65,-1604.26,-0.1798,12184,Oxygen Not Included,457140
Jan-25,8920.91,-1369.13,-0.1331,16235,Oxygen Not Included,457140
Dec-24,10290.04,2021.03,0.2444,18820,Oxygen Not Included,457140
Nov-24,8269.01,1584.54,0.237,22868,Oxygen Not Included,457140
Oct-24,6684.47,-1124.68,-0.144,11764,Oxygen Not Included,457140
Sep-24,7809.15,-1696.66,-0.1785,14040,Oxygen Not Included,457140
Aug-24,9505.8,-299.08,-0.0305,16129,Oxygen Not Included,457140
Jul-24,9804.88,1797.01,0.2244,17747,Oxygen Not Included,457140
Jun-24,8007.87,604.31,0.0816,15244,Oxygen Not Included,457140
May-24,7403.56,-215.58,-0.0283,13694,Oxygen Not Included,457140
Apr-24,7619.13,-1633.41,-0.1765,12539,Oxygen Not Included,457140
Mar-24,9252.54,2670.43,0.4057,15928,Oxygen Not Included,457140
Feb-24,6582.12,-1541.55,-0.1898,10855,Oxygen Not Included,457140
Jan-24,8123.66,-800.47,-0.0897,14428,Oxygen Not Included,457140
Dec-23,8924.14,113.79,0.0129,16359,Oxygen Not Included,457140
Nov-23,8810.35,1823.36,0.261,20141,Oxygen Not Included,457140
Oct-23,6986.99,-77.57,-0.011,12086,Oxygen Not Included,457140
Sep-23,7064.56,-1377.31,-0.1632,12095,Oxygen Not Included,457140
Aug-23,8441.87,-526.32,-0.0587,14616,Oxygen Not Included,457140
Jul-23,8968.19,542.07,0.0643,15263,Oxygen Not Included,457140
Jun-23,8426.12,654.26,0.0842,16177,Oxygen Not Included,457140
May-23,7771.87,-2730.42,-0.26,13538,Oxygen Not Included,457140
Apr-23,10502.29,2666.25,0.3403,21543,Oxygen Not Included,457140
Mar-23,7836.04,-342.96,-0.0419,16123,Oxygen Not Included,457140
Feb-23,8179.0,-1740.77,-0.1755,14590,Oxygen Not Included,457140
Jan-23,9919.77,965.6,0.1077999999999999,17074,Oxygen Not Included,457140
Dec-22,8954.16,656.27,0.0791,15177,Oxygen Not Included,457140
Nov-22,8297.89,1477.63,0.2167,18856,Oxygen Not Included,457140
Oct-22,6820.26,41.74,0.0062,11325,Oxygen Not Included,457140
Sep-22,6778.52,-1095.58,-0.1391,11746,Oxygen Not Included,457140
Aug-22,7874.1,558.32,0.0762999999999999,13575,Oxygen Not Included,457140
Jul-22,7315.78,-583.52,-0.0739,11836,Oxygen Not Included,457140
Jun-22,7899.3,1679.25,0.27,15230,Oxygen Not Included,457140
May-22,6220.04,-229.91,-0.0356,9896,Oxygen Not Included,457140
Apr-22,6449.96,8.82,0.0014,10449,Oxygen Not Included,457140
Mar-22,6441.14,-744.12,-0.1036,10607,Oxygen Not Included,457140
Feb-22,7185.25,-1882.61,-0.2076,12113,Oxygen Not Included,457140
Jan-22,9067.87,540.21,0.0633,16316,Oxygen Not Included,457140
Dec-21,8527.66,2205.4,0.3488,16549,Oxygen Not Included,457140
Nov-21,6322.26,430.57,0.0731,11118,Oxygen Not Included,457140
Oct-21,5891.69,-562.71,-0.0872,11337,Oxygen Not Included,457140
Sep-21,6454.39,-2278.92,-0.2609,11062,Oxygen Not Included,457140
Aug-21,8733.32,906.34,0.1158,18159,Oxygen Not Included,457140
Jul-21,7826.98,-313.97,-0.0385999999999999,13170,Oxygen Not Included,457140
Jun-21,8140.95,1822.75,0.2885,15597,Oxygen Not Included,457140
May-21,6318.2,638.38,0.1124,12579,Oxygen Not Included,457140
Apr-21,5679.82,-905.58,-0.1375,9348,Oxygen Not Included,457140
Mar-21,6585.4,-998.09,-0.1316,13469,Oxygen Not Included,457140
Feb-21,7583.49,-1679.38,-0.1813,12492,Oxygen Not Included,457140
Jan-21,9262.87,-957.13,-0.0936999999999999,16919,Oxygen Not Included,457140
Dec-20,10220.0,4313.28,0.7302,19511,Oxygen Not Included,457140
Nov-20,5906.71,433.74,0.0793,11326,Oxygen Not Included,457140
Oct-20,5472.97,157.59,0.0296,9086,Oxygen Not Included,457140
Sep-20,5315.38,-796.12,-0.1303,8428,Oxygen Not Included,457140
Aug-20,6111.5,-789.26,-0.1144,9479,Oxygen Not Included,457140
Jul-20,6900.76,867.46,0.1438,10730,Oxygen Not Included,457140
Jun-20,6033.3,203.38,0.0349,10810,Oxygen Not Included,457140
May-20,5829.92,-921.98,-0.1366,9003,Oxygen Not Included,457140
Apr-20,6751.9,-1251.85,-0.1564,12751,Oxygen Not Included,457140
Mar-20,8003.74,1350.82,0.203,15827,Oxygen Not Included,457140
Feb-20,6652.92,600.23,0.0992,10510,Oxygen Not Included,457140
Jan-20,6052.69,-288.61,-0.0455,9695,Oxygen Not Included,457140
Dec-19,6341.31,36.69,0.0058,10904,Oxygen Not Included,457140
Nov-19,6304.62,-808.43,-0.1137,12255,Oxygen Not Included,457140
Oct-19,7113.05,-2087.63,-0.2269,12906,Oxygen Not Included,457140
Sep-19,9200.68,-5076.92,-0.3556,16531,Oxygen Not Included,457140
Aug-19,14277.6,9975.46,2.3187,27380,Oxygen Not Included,457140
Jul-19,4302.13,166.83,0.0403,16503,Oxygen Not Included,457140
Jun-19,4135.3,402.55,0.1077999999999999,8297,Oxygen Not Included,457140
May-19,3732.76,-135.81,-0.0351,6655,Oxygen Not Included,457140
Apr-19,3868.57,448.07,0.131,8252,Oxygen Not Included,457140
Mar-19,3420.5,-227.37,-0.0623,6416,Oxygen Not Included,457140
Feb-19,3647.87,-474.4,-0.1151,6588,Oxygen Not Included,457140
Jan-19,4122.27,-139.88,-0.0327999999999999,6898,Oxygen Not Included,457140
Dec-18,4262.15,-81.49,-0.0187999999999999,6934,Oxygen Not Included,457140
Nov-18,4343.63,270.37,0.0664,8207,Oxygen Not Included,457140
Oct-18,4073.27,291.72,0.0771,8446,Oxygen Not Included,457140
Sep-18,3781.54,454.54,0.1366,7187,Oxygen Not Included,457140
Aug-18,3327.0,-873.88,-0.208,5873,Oxygen Not Included,457140
Jul-18,4200.89,-294.38,-0.0655,7363,Oxygen Not Included,457140
Jun-18,4495.26,1657.27,0.584,10707,Oxygen Not Included,457140
May-18,2838.0,146.15,0.0542999999999999,5348,Oxygen Not Included,457140
Apr-18,2691.85,-219.04,-0.0751999999999999,4585,Oxygen Not Included,457140
Mar-18,2910.89,-482.67,-0.1422,5397,Oxygen Not Included,457140
Feb-18,3393.56,4.52,0.0013,6100,Oxygen Not Included,457140
Jan-18,3389.04,-140.99,-0.0399,5387,Oxygen Not Included,457140
Dec-17,3530.03,96.56,0.0281,5946,Oxygen Not Included,457140
Nov-17,3433.47,553.6,0.1921999999999999,7037,Oxygen Not Included,457140
Oct-17,2879.87,967.51,0.5059,6243,Oxygen Not Included,457140
Sep-17,1912.36,614.66,0.4736999999999999,4077,Oxygen Not Included,457140
Aug-17,1297.7,-227.92,-0.1494,3729,Oxygen Not Included,457140
Jul-17,1525.62,-1497.76,-0.4954,2927,Oxygen Not Included,457140
Jun-17,3023.38,750.73,0.3303,5860,Oxygen Not Included,457140
May-17,2272.65,1134.43,0.9967,6670,Oxygen Not Included,457140
Apr-17,1138.22,-1431.78,-0.5571,2602,Oxygen Not Included,457140
Mar-17,2570.0,1717.05,2.0131,5402,Oxygen Not Included,457140
Feb-17,852.94,850.31,322.4162,4020,Oxygen Not Included,457140
Jan-17,2.64,1.86,2.4123,10,Oxygen Not Included,457140
Dec-16,0.77,-0.79,-0.5054,5,Oxygen Not Included,457140
Nov-16,1.56,0.15,0.1099,6,Oxygen Not Included,457140
Oct-16,1.41,-0.04,-0.0289999999999999,7,Oxygen Not Included,457140
Sep-16,1.45,-0.42,-0.2239,5,Oxygen Not Included,457140
Aug-16,1.87,0.36,0.2421,7,Oxygen Not Included,457140
Jul-16,1.5,0.33,0.2839,5,Oxygen Not Included,457140
Jun-16,1.17,-,0.0,5,Oxygen Not Included,457140
Sep-25,17236.75,-1725.89,-0.091,27578,The Elder Scrolls V: Skyrim Special Edition,489830
Aug-25,18962.64,1271.14,0.0719,29693,The Elder Scrolls V: Skyrim Special Edition,489830
Jul-25,17691.5,-3942.22,-0.1822,28765,The Elder Scrolls V: Skyrim Special Edition,489830
Jun-25,21633.72,-6813.34,-0.2395,40410,The Elder Scrolls V: Skyrim Special Edition,489830
May-25,28447.07,6118.37,0.2739999999999999,50490,The Elder Scrolls V: Skyrim Special Edition,489830
Apr-25,22328.7,-1283.78,-0.0544,43957,The Elder Scrolls V: Skyrim Special Edition,489830
Mar-25,23612.48,-4427.78,-0.1578999999999999,39752,The Elder Scrolls V: Skyrim Special Edition,489830
Feb-25,28040.26,-4114.01,-0.1278999999999999,51651,The Elder Scrolls V: Skyrim Special Edition,489830
Jan-25,32154.27,8564.93,0.3631,67482,The Elder Scrolls V: Skyrim Special Edition,489830
Dec-24,23589.34,2760.35,0.1325,41007,The Elder Scrolls V: Skyrim Special Edition,489830
Nov-24,20828.99,1837.47,0.0968,34565,The Elder Scrolls V: Skyrim Special Edition,489830
Oct-24,18991.52,-48.99,-0.0026,32104,The Elder Scrolls V: Skyrim Special Edition,489830
Sep-24,19040.51,-1759.42,-0.0846,30472,The Elder Scrolls V: Skyrim Special Edition,489830
Aug-24,20799.93,3190.45,0.1812,35564,The Elder Scrolls V: Skyrim Special Edition,489830
Jul-24,17609.48,-386.53,-0.0215,27554,The Elder Scrolls V: Skyrim Special Edition,489830
Jun-24,17996.01,-113.28,-0.0063,30680,The Elder Scrolls V: Skyrim Special Edition,489830
May-24,18109.29,304.91,0.0171,30262,The Elder Scrolls V: Skyrim Special Edition,489830
Apr-24,17804.38,-1849.53,-0.0941,29919,The Elder Scrolls V: Skyrim Special Edition,489830
Mar-24,19653.91,-595.55,-0.0294,33366,The Elder Scrolls V: Skyrim Special Edition,489830
Feb-24,20249.46,162.93,0.0081,34671,The Elder Scrolls V: Skyrim Special Edition,489830
Jan-24,20086.53,1997.49,0.1104,33418,The Elder Scrolls V: Skyrim Special Edition,489830
Dec-23,18089.04,-1473.49,-0.0753,31028,The Elder Scrolls V: Skyrim Special Edition,489830
Nov-23,19562.53,360.05,0.0187999999999999,33525,The Elder Scrolls V: Skyrim Special Edition,489830
Oct-23,19202.48,1340,0.075,32928,The Elder Scrolls V: Skyrim Special Edition,489830
Sep-23,17862.48,-4112.7,-0.1871999999999999,28653,The Elder Scrolls V: Skyrim Special Edition,489830
Aug-23,21975.19,-1090.32,-0.0473,35317,The Elder Scrolls V: Skyrim Special Edition,489830
Jul-23,23065.51,2769.45,0.1365,35892,The Elder Scrolls V: Skyrim Special Edition,489830
Jun-23,20296.05,108.1,0.0054,31934,The Elder Scrolls V: Skyrim Special Edition,489830
May-23,20187.95,37.48,0.0019,33013,The Elder Scrolls V: Skyrim Special Edition,489830
Apr-23,20150.47,-97.34,-0.0048,32531,The Elder Scrolls V: Skyrim Special Edition,489830
Mar-23,20247.81,-2821.97,-0.1223,33339,The Elder Scrolls V: Skyrim Special Edition,489830
Feb-23,23069.78,-2784.92,-0.1076999999999999,38842,The Elder Scrolls V: Skyrim Special Edition,489830
Jan-23,25854.7,2174.91,0.0917999999999999,41990,The Elder Scrolls V: Skyrim Special Edition,489830
Dec-22,23679.79,1895.48,0.087,36858,The Elder Scrolls V: Skyrim Special Edition,489830
Nov-22,21784.3,3261.79,0.1761,35973,The Elder Scrolls V: Skyrim Special Edition,489830
Oct-22,18522.51,82.73,0.0045,34949,The Elder Scrolls V: Skyrim Special Edition,489830
Sep-22,18439.78,-3413.24,-0.1562,32587,The Elder Scrolls V: Skyrim Special Edition,489830
Aug-22,21853.02,211.56,0.0098,37365,The Elder Scrolls V: Skyrim Special Edition,489830
Jul-22,21641.46,2199.13,0.1131,34192,The Elder Scrolls V: Skyrim Special Edition,489830
Jun-22,19442.33,2170.71,0.1257,31229,The Elder Scrolls V: Skyrim Special Edition,489830
May-22,17271.62,1281.03,0.0801,31156,The Elder Scrolls V: Skyrim Special Edition,489830
Apr-22,15990.59,164.63,0.0104,25601,The Elder Scrolls V: Skyrim Special Edition,489830
Mar-22,15825.96,-4740.77,-0.2305,25798,The Elder Scrolls V: Skyrim Special Edition,489830
Feb-22,20566.74,-4878.12,-0.1917,35593,The Elder Scrolls V: Skyrim Special Edition,489830
Jan-22,25444.86,-470.86,-0.0182,42340,The Elder Scrolls V: Skyrim Special Edition,489830
Dec-21,25915.72,-438.32,-0.0166,44625,The Elder Scrolls V: Skyrim Special Edition,489830
Nov-21,26354.04,8736.2,0.4959,53665,The Elder Scrolls V: Skyrim Special Edition,489830
Oct-21,17617.84,-2184.9,-0.1103,29879,The Elder Scrolls V: Skyrim Special Edition,489830
Sep-21,19802.74,-2209.46,-0.1003999999999999,32075,The Elder Scrolls V: Skyrim Special Edition,489830
Aug-21,22012.2,2730.71,0.1416,37370,The Elder Scrolls V: Skyrim Special Edition,489830
Jul-21,19281.49,3846.59,0.2492,28758,The Elder Scrolls V: Skyrim Special Edition,489830
Jun-21,15434.9,-1599.09,-0.0939,24341,The Elder Scrolls V: Skyrim Special Edition,489830
May-21,17033.98,450.4,0.0272,27567,The Elder Scrolls V: Skyrim Special Edition,489830
Apr-21,16583.58,-408.88,-0.0241,26159,The Elder Scrolls V: Skyrim Special Edition,489830
Mar-21,16992.46,-3160.19,-0.1568,27364,The Elder Scrolls V: Skyrim Special Edition,489830
Feb-21,20152.65,532.91,0.0272,31961,The Elder Scrolls V: Skyrim Special Edition,489830
Jan-21,19619.74,3835.37,0.243,34631,The Elder Scrolls V: Skyrim Special Edition,489830
Dec-20,15784.37,811.3,0.0542,26658,The Elder Scrolls V: Skyrim Special Edition,489830
Nov-20,14973.07,338.72,0.0231,24514,The Elder Scrolls V: Skyrim Special Edition,489830
Oct-20,14634.35,-1312.59,-0.0823,23284,The Elder Scrolls V: Skyrim Special Edition,489830
Sep-20,15946.93,-3544.31,-0.1818,24612,The Elder Scrolls V: Skyrim Special Edition,489830
Aug-20,19491.25,560.54,0.0296,30978,The Elder Scrolls V: Skyrim Special Edition,489830
Jul-20,18930.71,1504.97,0.0864,29916,The Elder Scrolls V: Skyrim Special Edition,489830
Jun-20,17425.74,660.76,0.0394,29337,The Elder Scrolls V: Skyrim Special Edition,489830
May-20,16764.98,-1042.78,-0.0586,25892,The Elder Scrolls V: Skyrim Special Edition,489830
Apr-20,17807.76,2792.68,0.186,26917,The Elder Scrolls V: Skyrim Special Edition,489830
Mar-20,15015.08,314.21,0.0214,26291,The Elder Scrolls V: Skyrim Special Edition,489830
Feb-20,14700.87,-1290.95,-0.0807,25303,The Elder Scrolls V: Skyrim Special Edition,489830
Jan-20,15991.82,2793,0.2116,26377,The Elder Scrolls V: Skyrim Special Edition,489830
Dec-19,13198.82,2589.68,0.2441,23687,The Elder Scrolls V: Skyrim Special Edition,489830
Nov-19,10609.15,187.28,0.018,17841,The Elder Scrolls V: Skyrim Special Edition,489830
Oct-19,10421.86,-366.55,-0.034,18408,The Elder Scrolls V: Skyrim Special Edition,489830
Sep-19,10788.42,-2189.17,-0.1687,18680,The Elder Scrolls V: Skyrim Special Edition,489830
Aug-19,12977.59,82.03,0.0064,20823,The Elder Scrolls V: Skyrim Special Edition,489830
Jul-19,12895.56,317.67,0.0253,22225,The Elder Scrolls V: Skyrim Special Edition,489830
Jun-19,12577.89,952.59,0.0819,20020,The Elder Scrolls V: Skyrim Special Edition,489830
May-19,11625.3,-126.23,-0.0107,19843,The Elder Scrolls V: Skyrim Special Edition,489830
Apr-19,11751.53,297.68,0.026,20798,The Elder Scrolls V: Skyrim Special Edition,489830
Mar-19,11453.85,-858.34,-0.0697,21780,The Elder Scrolls V: Skyrim Special Edition,489830
Feb-19,12312.19,-273.59,-0.0217,21698,The Elder Scrolls V: Skyrim Special Edition,489830
Jan-19,12585.78,1127.81,0.0984,20884,The Elder Scrolls V: Skyrim Special Edition,489830
Dec-18,11457.97,1366.94,0.1355,19864,The Elder Scrolls V: Skyrim Special Edition,489830
Nov-18,10091.03,-272.38,-0.0263,18616,The Elder Scrolls V: Skyrim Special Edition,489830
Oct-18,10363.41,850.93,0.0895,18838,The Elder Scrolls V: Skyrim Special Edition,489830
Sep-18,9512.48,-1492.03,-0.1356,17567,The Elder Scrolls V: Skyrim Special Edition,489830
Aug-18,11004.51,-1042.06,-0.0865,19106,The Elder Scrolls V: Skyrim Special Edition,489830
Jul-18,12046.57,584.17,0.051,19319,The Elder Scrolls V: Skyrim Special Edition,489830
Jun-18,11462.4,428.86,0.0389,19321,The Elder Scrolls V: Skyrim Special Edition,489830
May-18,11033.55,-741.25,-0.063,18427,The Elder Scrolls V: Skyrim Special Edition,489830
Apr-18,11774.79,1572.45,0.1541,25182,The Elder Scrolls V: Skyrim Special Edition,489830
Mar-18,10202.34,-134.83,-0.013,17857,The Elder Scrolls V: Skyrim Special Edition,489830
Feb-18,10337.17,-1880.06,-0.1539,18673,The Elder Scrolls V: Skyrim Special Edition,489830
Jan-18,12217.23,1157.22,0.1046,21459,The Elder Scrolls V: Skyrim Special Edition,489830
Dec-17,11060.01,2280.03,0.2597,19724,The Elder Scrolls V: Skyrim Special Edition,489830
Nov-17,8779.98,-784.25,-0.0819999999999999,17725,The Elder Scrolls V: Skyrim Special Edition,489830
Oct-17,9564.23,-1345.53,-0.1233,18622,The Elder Scrolls V: Skyrim Special Edition,489830
Sep-17,10909.76,1141.87,0.1168999999999999,23312,The Elder Scrolls V: Skyrim Special Edition,489830
Aug-17,9767.89,-568.48,-0.055,18461,The Elder Scrolls V: Skyrim Special Edition,489830
Jul-17,10336.37,912.68,0.0968,16929,The Elder Scrolls V: Skyrim Special Edition,489830
Jun-17,9423.68,362.08,0.04,15695,The Elder Scrolls V: Skyrim Special Edition,489830
May-17,9061.61,1392.8,0.1816,16427,The Elder Scrolls V: Skyrim Special Edition,489830
Apr-17,7668.81,-702.8,-0.084,15364,The Elder Scrolls V: Skyrim Special Edition,489830
Mar-17,8371.61,-1614.72,-0.1617,16316,The Elder Scrolls V: Skyrim Special Edition,489830
Feb-17,9986.33,-2193.87,-0.1801,18727,The Elder Scrolls V: Skyrim Special Edition,489830
Jan-17,12180.21,-2985.95,-0.1969,22528,The Elder Scrolls V: Skyrim Special Edition,489830
Dec-16,15166.15,-12887.45,-0.4594,30528,The Elder Scrolls V: Skyrim Special Edition,489830
Nov-16,28053.6,22375.2,3.9404,65584,The Elder Scrolls V: Skyrim Special Edition,489830
Oct-16,5678.4,5676.98,3988.3291,69777,The Elder Scrolls V: Skyrim Special Edition,489830
Sep-16,1.42,-,0.0,14,The Elder Scrolls V: Skyrim Special Edition,489830
Sep-25,13600.4,-608.17,-0.0428,24716,SCUM,513710
Aug-25,14208.57,-4417.63,-0.2372,25137,SCUM,513710
Jul-25,18626.2,2970.14,0.1896999999999999,34309,SCUM,513710
Jun-25,15656.07,3789.16,0.3193,44630,SCUM,513710
May-25,11866.91,-2088.3,-0.1496,20531,SCUM,513710
Apr-25,13955.2,-946.76,-0.0635,23046,SCUM,513710
Mar-25,14901.97,1172.88,0.0853999999999999,26476,SCUM,513710
Feb-25,13729.09,-1023.58,-0.0694,22471,SCUM,513710
Jan-25,14752.67,-1459.91,-0.09,23914,SCUM,513710
Dec-24,16212.58,2015.64,0.142,27652,SCUM,513710
Nov-24,14196.94,-1091.3,-0.0713999999999999,25395,SCUM,513710
Oct-24,15288.24,-1262.87,-0.0762999999999999,26075,SCUM,513710
Sep-24,16551.11,1400.95,0.0925,27356,SCUM,513710
Aug-24,15150.16,952.65,0.0670999999999999,28693,SCUM,513710
Jul-24,14197.51,-1236,-0.0801,22921,SCUM,513710
Jun-24,15433.51,-844.94,-0.0519,25941,SCUM,513710
May-24,16278.45,2127.59,0.1503999999999999,27730,SCUM,513710
Apr-24,14150.87,873.33,0.0658,25610,SCUM,513710
Mar-24,13277.54,428.84,0.0334,25089,SCUM,513710
Feb-24,12848.7,-2840.25,-0.181,23753,SCUM,513710
Jan-24,15688.95,551.69,0.0364,29472,SCUM,513710
Dec-23,15137.26,2259.84,0.1755,31461,SCUM,513710
Nov-23,12877.42,-573.62,-0.0426,23721,SCUM,513710
Oct-23,13451.05,343.51,0.0262,27227,SCUM,513710
Sep-23,13107.54,-3123.91,-0.1925,24710,SCUM,513710
Aug-23,16231.44,4918.32,0.4347,32969,SCUM,513710
Jul-23,11313.12,-935.23,-0.0764,21162,SCUM,513710
Jun-23,12248.35,119.29,0.0098,23907,SCUM,513710
May-23,12129.06,3098.94,0.3432,26562,SCUM,513710
Apr-23,9030.12,38.9,0.0043,16780,SCUM,513710
Mar-23,8991.22,-1123.67,-0.1110999999999999,16924,SCUM,513710
Feb-23,10114.89,-1612.95,-0.1375,19180,SCUM,513710
Jan-23,11727.85,-1733.78,-0.1288,21147,SCUM,513710
Dec-22,13461.63,4240.36,0.4598,27515,SCUM,513710
Nov-22,9221.27,-167.83,-0.0179,21094,SCUM,513710
Oct-22,9389.09,1006.85,0.1201,17472,SCUM,513710
Sep-22,8382.24,902.34,0.1206,19911,SCUM,513710
Aug-22,7479.9,-1003.94,-0.1183,13804,SCUM,513710
Jul-22,8483.84,-32.69,-0.0038,15668,SCUM,513710
Jun-22,8516.53,-2390.28,-0.2192,16653,SCUM,513710
May-22,10906.81,-2462.88,-0.1842,20714,SCUM,513710
Apr-22,13369.7,806.19,0.0642,25523,SCUM,513710
Mar-22,12563.51,3991.34,0.4656,30468,SCUM,513710
Feb-22,8572.17,-802.99,-0.0857,16091,SCUM,513710
Jan-22,9375.16,1335.9,0.1662,16126,SCUM,513710
Dec-21,8039.26,-899.79,-0.1007,15108,SCUM,513710
Nov-21,8939.06,-1005.22,-0.1011,16632,SCUM,513710
Oct-21,9944.27,-2127.36,-0.1762,19716,SCUM,513710
Sep-21,12071.63,23.66,0.002,22321,SCUM,513710
Aug-21,12047.97,2583.39,0.273,28376,SCUM,513710
Jul-21,9464.59,1226.43,0.1489,20894,SCUM,513710
Jun-21,8238.16,-2037.68,-0.1982999999999999,15441,SCUM,513710
May-21,10275.83,-2804.59,-0.2144,21728,SCUM,513710
Apr-21,13080.42,4577.52,0.5383,24540,SCUM,513710
Mar-21,8502.91,1541.61,0.2214999999999999,15257,SCUM,513710
Feb-21,6961.3,1267.86,0.2227,11513,SCUM,513710
Jan-21,5693.44,1723.91,0.4343,10402,SCUM,513710
Dec-20,3969.53,48.44,0.0124,7009,SCUM,513710
Nov-20,3921.09,188.69,0.0506,7439,SCUM,513710
Oct-20,3732.4,-145.57,-0.0375,6852,SCUM,513710
Sep-20,3877.97,262.2,0.0725,7260,SCUM,513710
Aug-20,3615.77,1069.93,0.4203,6498,SCUM,513710
Jul-20,2545.85,351.78,0.1603,6856,SCUM,513710
Jun-20,2194.07,-749.5,-0.2546,3814,SCUM,513710
May-20,2943.57,-124.58,-0.0406,5261,SCUM,513710
Apr-20,3068.15,231.1,0.0815,5115,SCUM,513710
Mar-20,2837.06,-155.49,-0.052,5168,SCUM,513710
Feb-20,2992.54,-182.32,-0.0574,5186,SCUM,513710
Jan-20,3174.86,329.72,0.1159,5950,SCUM,513710
Dec-19,2845.14,274.56,0.1067999999999999,6479,SCUM,513710
Nov-19,2570.57,-162.5,-0.0595,4818,SCUM,513710
Oct-19,2733.07,-413.31,-0.1314,5073,SCUM,513710
Sep-19,3146.38,-146.38,-0.0445,6537,SCUM,513710
Aug-19,3292.76,-636.19,-0.1619,5908,SCUM,513710
Jul-19,3928.95,1160.38,0.4191,7255,SCUM,513710
Jun-19,2768.57,849.5,0.4427,7263,SCUM,513710
May-19,1919.06,69.75,0.0377,4020,SCUM,513710
Apr-19,1849.31,307.43,0.1994,4690,SCUM,513710
Mar-19,1541.88,-77.05,-0.0475999999999999,2967,SCUM,513710
Feb-19,1618.93,-509.79,-0.2395,2987,SCUM,513710
Jan-19,2128.72,-330.25,-0.1343,4315,SCUM,513710
Dec-18,2458.96,-44.39,-0.0177,5110,SCUM,513710
Nov-18,2503.35,-1984.52,-0.4422,6291,SCUM,513710
Oct-18,4487.87,-14246.23,-0.7604000000000001,10152,SCUM,513710
Sep-18,18734.1,18733,16986.2743,68031,SCUM,513710
Mar-18,1.1,0.41,0.5882999999999999,14,SCUM,513710
Feb-18,0.69,0.66,21.8146,10,SCUM,513710
Jan-18,0.03,0.02,3.9304,1,SCUM,513710
Dec-17,0.01,-0.1,-0.9432,1,SCUM,513710
Nov-17,0.11,0.1,8.1304,2,SCUM,513710
Oct-17,0.01,0,-0.2262,1,SCUM,513710
Sep-17,0.02,0,-0.0821,1,SCUM,513710
Aug-17,0.02,-0.11,-0.8694,1,SCUM,513710
Jul-17,0.13,0.07,1.1491,8,SCUM,513710
Jun-17,0.06,0.02,0.345,1,SCUM,513710
May-17,0.04,-0.01,-0.226,2,SCUM,513710
Jan-17,0.06,0.05,12.362,5,SCUM,513710
Dec-16,0.0,-,0.0,1,SCUM,513710
Sep-25,3580.62,489.37,0.1583,7955,theHunter: Call of the Wild™,518790
Aug-25,3091.26,-1214.18,-0.282,5358,theHunter: Call of the Wild™,518790
Jul-25,4305.44,-467.79,-0.098,9032,theHunter: Call of the Wild™,518790
Jun-25,4773.22,2066.37,0.7634000000000001,12944,theHunter: Call of the Wild™,518790
May-25,2706.85,-424.3,-0.1355,5305,theHunter: Call of the Wild™,518790
Apr-25,3131.15,-525.31,-0.1437,6547,theHunter: Call of the Wild™,518790
Mar-25,3656.46,-620.36,-0.1451,7443,theHunter: Call of the Wild™,518790
Feb-25,4276.82,-1457.26,-0.2541,7902,theHunter: Call of the Wild™,518790
Jan-25,5734.08,-4396.94,-0.434,11642,theHunter: Call of the Wild™,518790
Dec-24,10131.02,5513.94,1.1942,24953,theHunter: Call of the Wild™,518790
Nov-24,4617.08,1462.7,0.4637,20601,theHunter: Call of the Wild™,518790
Oct-24,3154.38,-3.18,-0.001,5951,theHunter: Call of the Wild™,518790
Sep-24,3157.56,-48.56,-0.0151,7459,theHunter: Call of the Wild™,518790
Aug-24,3206.12,-2745.98,-0.4613,6323,theHunter: Call of the Wild™,518790
Jul-24,5952.09,-231.72,-0.0375,15940,theHunter: Call of the Wild™,518790
Jun-24,6183.82,3522.67,1.3237,20490,theHunter: Call of the Wild™,518790
May-24,2661.15,-597.85,-0.1834,5080,theHunter: Call of the Wild™,518790
Apr-24,3259.0,-687.58,-0.1742,7518,theHunter: Call of the Wild™,518790
Mar-24,3946.58,-143.66,-0.0351,9081,theHunter: Call of the Wild™,518790
Feb-24,4090.24,-1975.81,-0.3257,9353,theHunter: Call of the Wild™,518790
Jan-24,6066.04,-2155.83,-0.2622,14066,theHunter: Call of the Wild™,518790
Dec-23,8221.88,2928.66,0.5533,20227,theHunter: Call of the Wild™,518790
Nov-23,5293.22,1543.19,0.4115,14621,theHunter: Call of the Wild™,518790
Oct-23,3750.03,928.44,0.3289999999999999,10019,theHunter: Call of the Wild™,518790
Sep-23,2821.59,-698.91,-0.1985,5360,theHunter: Call of the Wild™,518790
Aug-23,3520.5,-3490.04,-0.4978,6723,theHunter: Call of the Wild™,518790
Jul-23,7010.54,1020.25,0.1703,18105,theHunter: Call of the Wild™,518790
Jun-23,5990.29,2731.6,0.8382,21219,theHunter: Call of the Wild™,518790
May-23,3258.69,-88.71,-0.0265,7029,theHunter: Call of the Wild™,518790
Apr-23,3347.4,-506.65,-0.1315,6524,theHunter: Call of the Wild™,518790
Mar-23,3854.05,-319.34,-0.0765,8405,theHunter: Call of the Wild™,518790
Feb-23,4173.39,-1513.3,-0.2661,7965,theHunter: Call of the Wild™,518790
Jan-23,5686.69,-2202.13,-0.2791,11683,theHunter: Call of the Wild™,518790
Dec-22,7888.82,3647.52,0.86,16444,theHunter: Call of the Wild™,518790
Nov-22,4241.31,393.32,0.1022,10793,theHunter: Call of the Wild™,518790
Oct-22,3847.98,-320.4,-0.0769,9469,theHunter: Call of the Wild™,518790
Sep-22,4168.38,961.69,0.2999,12922,theHunter: Call of the Wild™,518790
Aug-22,3206.69,-1838.5,-0.3644,5595,theHunter: Call of the Wild™,518790
Jul-22,5045.19,872.07,0.209,11269,theHunter: Call of the Wild™,518790
Jun-22,4173.12,948.4,0.2941,10756,theHunter: Call of the Wild™,518790
May-22,3224.72,-1433.04,-0.3077,6239,theHunter: Call of the Wild™,518790
Apr-22,4657.75,90.7,0.0199,11589,theHunter: Call of the Wild™,518790
Mar-22,4567.05,-2140.68,-0.3191,9119,theHunter: Call of the Wild™,518790
Feb-22,6707.73,-455.16,-0.0635,11890,theHunter: Call of the Wild™,518790
Jan-22,7162.88,-2753.56,-0.2777,15281,theHunter: Call of the Wild™,518790
Dec-21,9916.44,4443.74,0.812,23480,theHunter: Call of the Wild™,518790
Nov-21,5472.7,2518.78,0.8527,21296,theHunter: Call of the Wild™,518790
Oct-21,2953.93,545.66,0.2266,9059,theHunter: Call of the Wild™,518790
Sep-21,2408.26,-354.88,-0.1284,4359,theHunter: Call of the Wild™,518790
Aug-21,2763.14,-2250.7,-0.4489,4751,theHunter: Call of the Wild™,518790
Jul-21,5013.84,-433.07,-0.0795,13079,theHunter: Call of the Wild™,518790
Jun-21,5446.91,2792.8,1.0523,15953,theHunter: Call of the Wild™,518790
May-21,2654.11,-810.99,-0.2339999999999999,7115,theHunter: Call of the Wild™,518790
Apr-21,3465.1,-640.39,-0.156,7700,theHunter: Call of the Wild™,518790
Mar-21,4105.5,363.63,0.0972,11253,theHunter: Call of the Wild™,518790
Feb-21,3741.87,-1653.19,-0.3064,7127,theHunter: Call of the Wild™,518790
Jan-21,5395.05,-48.47,-0.0089,11523,theHunter: Call of the Wild™,518790
Dec-20,5443.52,311.88,0.0608,10157,theHunter: Call of the Wild™,518790
Nov-20,5131.64,2818.67,1.2186,13919,theHunter: Call of the Wild™,518790
Oct-20,2312.97,127.21,0.0582,5272,theHunter: Call of the Wild™,518790
Sep-20,2185.76,-398.28,-0.1541,3815,theHunter: Call of the Wild™,518790
Aug-20,2584.04,-2910.72,-0.5297,4803,theHunter: Call of the Wild™,518790
Jul-20,5494.76,169.42,0.0318,14016,theHunter: Call of the Wild™,518790
Jun-20,5325.34,2808.8,1.1161,17809,theHunter: Call of the Wild™,518790
May-20,2516.54,-1203.83,-0.3236,4713,theHunter: Call of the Wild™,518790
Apr-20,3720.38,-68.41,-0.0181,9579,theHunter: Call of the Wild™,518790
Mar-20,3788.78,1638.75,0.7622,17965,theHunter: Call of the Wild™,518790
Feb-20,2150.03,-200.3,-0.0852,4095,theHunter: Call of the Wild™,518790
Jan-20,2350.33,-315.17,-0.1182,4708,theHunter: Call of the Wild™,518790
Dec-19,2665.5,887.63,0.4993,5633,theHunter: Call of the Wild™,518790
Nov-19,1777.87,-35.53,-0.0196,3703,theHunter: Call of the Wild™,518790
Oct-19,1813.4,414.82,0.2966,5856,theHunter: Call of the Wild™,518790
Sep-19,1398.58,-215.21,-0.1334,2817,theHunter: Call of the Wild™,518790
Aug-19,1613.79,-736.53,-0.3134,2951,theHunter: Call of the Wild™,518790
Jul-19,2350.32,420.35,0.2178,5498,theHunter: Call of the Wild™,518790
Jun-19,1929.97,546.51,0.395,5288,theHunter: Call of the Wild™,518790
May-19,1383.46,-283.83,-0.1702,2789,theHunter: Call of the Wild™,518790
Apr-19,1667.29,321.61,0.239,4214,theHunter: Call of the Wild™,518790
Mar-19,1345.68,-234.36,-0.1483,2955,theHunter: Call of the Wild™,518790
Feb-19,1580.04,116.03,0.0793,3590,theHunter: Call of the Wild™,518790
Jan-19,1464.01,-0.76,-0.0005,3085,theHunter: Call of the Wild™,518790
Dec-18,1464.77,337.44,0.2993,3001,theHunter: Call of the Wild™,518790
Nov-18,1127.33,-44.35,-0.0379,2873,theHunter: Call of the Wild™,518790
Oct-18,1171.68,-141.99,-0.1081,2351,theHunter: Call of the Wild™,518790
Sep-18,1313.67,74.18,0.0598,3028,theHunter: Call of the Wild™,518790
Aug-18,1239.49,251.19,0.2542,3238,theHunter: Call of the Wild™,518790
Jul-18,988.3,-48.31,-0.0466,1872,theHunter: Call of the Wild™,518790
Jun-18,1036.61,-28.81,-0.027,2005,theHunter: Call of the Wild™,518790
May-18,1065.42,-327.33,-0.235,3112,theHunter: Call of the Wild™,518790
Apr-18,1392.75,254.77,0.2239,4463,theHunter: Call of the Wild™,518790
Mar-18,1137.98,-224.82,-0.165,2423,theHunter: Call of the Wild™,518790
Feb-18,1362.8,-555.43,-0.2896,2705,theHunter: Call of the Wild™,518790
Jan-18,1918.22,-215.16,-0.1009,4122,theHunter: Call of the Wild™,518790
Dec-17,2133.38,308.01,0.1687,4344,theHunter: Call of the Wild™,518790
Nov-17,1825.37,-173.89,-0.087,5483,theHunter: Call of the Wild™,518790
Oct-17,1999.26,1001.75,1.0042,5071,theHunter: Call of the Wild™,518790
Sep-17,997.51,-188.9,-0.1592,2122,theHunter: Call of the Wild™,518790
Aug-17,1186.41,-127.95,-0.0973,3793,theHunter: Call of the Wild™,518790
Jul-17,1314.37,499.54,0.6131,4137,theHunter: Call of the Wild™,518790
Jun-17,814.83,243.24,0.4255,3357,theHunter: Call of the Wild™,518790
May-17,571.59,-333.39,-0.3684,1548,theHunter: Call of the Wild™,518790
Apr-17,904.99,-589.73,-0.3945,1745,theHunter: Call of the Wild™,518790
Mar-17,1494.72,507.01,0.5133,4267,theHunter: Call of the Wild™,518790
Feb-17,987.71,983.97,263.6215,4681,theHunter: Call of the Wild™,518790
Jan-17,3.73,-11.87,-0.7608,19,theHunter: Call of the Wild™,518790
Dec-16,15.6,-,0.0,203,theHunter: Call of the Wild™,518790
Sep-25,17460.3,-2349.86,-0.1186,34171,Satisfactory,526870
Aug-25,19810.16,-1501.91,-0.0705,34160,Satisfactory,526870
Jul-25,21312.07,1815,0.0931,41425,Satisfactory,526870
Jun-25,19497.07,5576.11,0.4006,38217,Satisfactory,526870
May-25,13920.97,-3535.47,-0.2025,25454,Satisfactory,526870
Apr-25,17456.44,1433.11,0.0894,33976,Satisfactory,526870
Mar-25,16023.33,1537.46,0.1061,34339,Satisfactory,526870
Feb-25,14485.87,-4871.42,-0.2517,27519,Satisfactory,526870
Jan-25,19357.3,-4701.26,-0.1954,39087,Satisfactory,526870
Dec-24,24058.56,-4979.65,-0.1714999999999999,44190,Satisfactory,526870
Nov-24,29038.21,-31402.06,-0.5196000000000001,64367,Satisfactory,526870
Oct-24,60440.27,-10174.76,-0.1441,137767,Satisfactory,526870
Sep-24,70615.03,62668.2,7.8859,185957,Satisfactory,526870
Aug-24,7946.83,-2494.48,-0.2389,14238,Satisfactory,526870
Jul-24,10441.3,2504.86,0.3156,18380,Satisfactory,526870
Jun-24,7936.44,345.67,0.0455,15495,Satisfactory,526870
May-24,7590.78,-2586.26,-0.2541,14454,Satisfactory,526870
Apr-24,10177.04,1554.92,0.1803,20499,Satisfactory,526870
Mar-24,8622.12,318.07,0.0383,18770,Satisfactory,526870
Feb-24,8304.05,-3298.26,-0.2843,15950,Satisfactory,526870
Jan-24,11602.31,-2835.39,-0.1964,22795,Satisfactory,526870
Dec-23,14437.7,892.67,0.0659,28600,Satisfactory,526870
Nov-23,13545.03,5814.18,0.7521,32525,Satisfactory,526870
Oct-23,7730.84,505.18,0.0699,14256,Satisfactory,526870
Sep-23,7225.67,-1447.84,-0.1669,12512,Satisfactory,526870
Aug-23,8673.51,-3575.6,-0.2919,15454,Satisfactory,526870
Jul-23,12249.11,2678.13,0.2798,21275,Satisfactory,526870
Jun-23,9570.98,-132.32,-0.0136,16929,Satisfactory,526870
May-23,9703.3,-1748.68,-0.1527,17572,Satisfactory,526870
Apr-23,11451.98,-199.61,-0.0171,21688,Satisfactory,526870
Mar-23,11651.59,-1236.87,-0.096,24414,Satisfactory,526870
Feb-23,12888.46,-2645.15,-0.1703,25568,Satisfactory,526870
Jan-23,15533.61,92.26,0.006,28833,Satisfactory,526870
Dec-22,15441.35,2892.21,0.2305,27486,Satisfactory,526870
Nov-22,12549.13,-1484.34,-0.1058,24117,Satisfactory,526870
Oct-22,14033.47,2726.47,0.2410999999999999,27449,Satisfactory,526870
Sep-22,11307.0,1787.78,0.1878,31310,Satisfactory,526870
Aug-22,9519.23,-3827.71,-0.2868,16744,Satisfactory,526870
Jul-22,13346.94,3370.65,0.3379,22573,Satisfactory,526870
Jun-22,9976.28,273.47,0.0282,20417,Satisfactory,526870
May-22,9702.81,-716.55,-0.0688,18259,Satisfactory,526870
Apr-22,10419.37,1653.2,0.1886,18915,Satisfactory,526870
Mar-22,8766.17,-1457.18,-0.1425,19086,Satisfactory,526870
Feb-22,10223.35,-3420.28,-0.2507,19746,Satisfactory,526870
Jan-22,13643.63,-2550.42,-0.1575,26044,Satisfactory,526870
Dec-21,16194.04,2083.02,0.1476,29876,Satisfactory,526870
Nov-21,14111.02,5779.37,0.6937000000000001,34145,Satisfactory,526870
Oct-21,8331.65,-345.18,-0.0398,21323,Satisfactory,526870
Sep-21,8676.83,1579.44,0.2225,17389,Satisfactory,526870
Aug-21,7097.39,-737.28,-0.0941,12160,Satisfactory,526870
Jul-21,7834.67,-320.66,-0.0393,13767,Satisfactory,526870
Jun-21,8155.34,-3194.09,-0.2814,14602,Satisfactory,526870
May-21,11349.43,-2841.29,-0.2002,22983,Satisfactory,526870
Apr-21,14190.72,4723.78,0.499,32831,Satisfactory,526870
Mar-21,9466.93,1644,0.2102,23574,Satisfactory,526870
Feb-21,7822.93,-2483.2,-0.2409,13747,Satisfactory,526870
Jan-21,10306.14,958.73,0.1026,19316,Satisfactory,526870
Dec-20,9347.4,1677.76,0.2188,17080,Satisfactory,526870
Nov-20,7669.64,988.1,0.1479,13671,Satisfactory,526870
Oct-20,6681.53,-142.26,-0.0208,11857,Satisfactory,526870
Sep-20,6823.8,-2306.41,-0.2526,14148,Satisfactory,526870
Aug-20,9130.2,-4690.72,-0.3394,17002,Satisfactory,526870
Jul-20,13820.92,-2951.82,-0.176,23836,Satisfactory,526870
Jun-20,16772.74,-,0.0,27439,Satisfactory,526870
Sep-25,7663.99,-1345.58,-0.1493,16124,Victoria 3,529340
Aug-25,9009.57,-1511.8,-0.1437,14671,Victoria 3,529340
Jul-25,10521.37,839,0.0867,18116,Victoria 3,529340
Jun-25,9682.37,4104.51,0.7359,26403,Victoria 3,529340
May-25,5577.86,-71.28,-0.0126,9742,Victoria 3,529340
Apr-25,5649.15,414.82,0.0791999999999999,10073,Victoria 3,529340
Mar-25,5234.33,-242.88,-0.0443,8845,Victoria 3,529340
Feb-25,5477.21,-960.83,-0.1492,9378,Victoria 3,529340
Jan-25,6438.04,-560.6,-0.0801,10268,Victoria 3,529340
Dec-24,6998.65,140.1,0.0204,12519,Victoria 3,529340
Nov-24,6858.55,1110.62,0.1932,17084,Victoria 3,529340
Oct-24,5747.93,-844.2,-0.1281,10235,Victoria 3,529340
Sep-24,6592.12,-1107.9,-0.1439,11849,Victoria 3,529340
Aug-24,7700.02,-2850.36,-0.2702,13049,Victoria 3,529340
Jul-24,10550.38,3052.92,0.4072,18806,Victoria 3,529340
Jun-24,7497.45,1429.54,0.2355999999999999,21186,Victoria 3,529340
May-24,6067.91,195.22,0.0332,11280,Victoria 3,529340
Apr-24,5872.69,-518.26,-0.0810999999999999,10263,Victoria 3,529340
Mar-24,6390.95,693.18,0.1217,11541,Victoria 3,529340
Feb-24,5697.78,-943.65,-0.1421,9147,Victoria 3,529340
Jan-24,6641.42,-1345.3,-0.1684,10995,Victoria 3,529340
Dec-23,7986.73,-543.9,-0.0638,15137,Victoria 3,529340
Nov-23,8530.63,3752.14,0.7852,27701,Victoria 3,529340
Oct-23,4778.49,150.87,0.0326,8954,Victoria 3,529340
Sep-23,4627.61,212.95,0.0482,8337,Victoria 3,529340
Aug-23,4414.66,-392.38,-0.0816,7402,Victoria 3,529340
Jul-23,4807.05,191.23,0.0414,7645,Victoria 3,529340
Jun-23,4615.82,-259.54,-0.0532,8414,Victoria 3,529340
May-23,4875.36,-552.4,-0.1018,10460,Victoria 3,529340
Apr-23,5427.76,-693.29,-0.1133,10717,Victoria 3,529340
Mar-23,6121.05,918.15,0.1765,11647,Victoria 3,529340
Feb-23,5202.9,-1748.43,-0.2515,8669,Victoria 3,529340
Jan-23,6951.33,-3022.17,-0.303,11546,Victoria 3,529340
Dec-22,9973.5,-10334.96,-0.5089,17363,Victoria 3,529340
Nov-22,20308.45,-26953.82,-0.5703,47437,Victoria 3,529340
Oct-22,47262.27,-,0.0,69663,Victoria 3,529340
Sep-25,5346.53,951.85,0.2166,12664,Dying Light 2 Stay Human: Reloaded Edition,534380
Aug-25,4394.69,-350.17,-0.0738,9152,Dying Light 2 Stay Human: Reloaded Edition,534380
Jul-25,4744.86,-1894.67,-0.2854,9551,Dying Light 2 Stay Human: Reloaded Edition,534380
Jun-25,6639.53,2684.58,0.6788,14153,Dying Light 2 Stay Human: Reloaded Edition,534380
May-25,3954.95,-872.64,-0.1808,8434,Dying Light 2 Stay Human: Reloaded Edition,534380
Apr-25,4827.59,-942.51,-0.1632999999999999,10139,Dying Light 2 Stay Human: Reloaded Edition,534380
Mar-25,5770.1,-4495.14,-0.4379,13144,Dying Light 2 Stay Human: Reloaded Edition,534380
Feb-25,10265.24,5678.47,1.238,24230,Dying Light 2 Stay Human: Reloaded Edition,534380
Jan-25,4586.77,-204.99,-0.0428,10434,Dying Light 2 Stay Human: Reloaded Edition,534380
Dec-24,4791.76,337.82,0.0758,9229,Dying Light 2 Stay Human: Reloaded Edition,534380
Nov-24,4453.94,1245.25,0.3881,9948,Dying Light 2 Stay Human: Reloaded Edition,534380
Oct-24,3208.69,-993.76,-0.2365,7654,Dying Light 2 Stay Human: Reloaded Edition,534380
Sep-24,4202.44,54.86,0.0132,10720,Dying Light 2 Stay Human: Reloaded Edition,534380
Aug-24,4147.58,-778.7,-0.1581,10039,Dying Light 2 Stay Human: Reloaded Edition,534380
Jul-24,4926.28,1711.34,0.5323,10089,Dying Light 2 Stay Human: Reloaded Edition,534380
Jun-24,3214.93,-576.55,-0.1521,10506,Dying Light 2 Stay Human: Reloaded Edition,534380
May-24,3791.48,-455.87,-0.1073,7627,Dying Light 2 Stay Human: Reloaded Edition,534380
Apr-24,4247.35,-4502.38,-0.5146000000000001,8799,Dying Light 2 Stay Human: Reloaded Edition,534380
Mar-24,8749.73,1033.48,0.1339,25689,Dying Light 2 Stay Human: Reloaded Edition,534380
Feb-24,7716.25,3676.05,0.9099,44732,Dying Light 2 Stay Human: Reloaded Edition,534380
Jan-24,4040.2,-282.23,-0.0653,8235,Dying Light 2 Stay Human: Reloaded Edition,534380
Dec-23,4322.43,13.48,0.0031,9081,Dying Light 2 Stay Human: Reloaded Edition,534380
Nov-23,4308.95,1315.35,0.4393999999999999,9200,Dying Light 2 Stay Human: Reloaded Edition,534380
Oct-23,2993.6,-213.23,-0.0665,6134,Dying Light 2 Stay Human: Reloaded Edition,534380
Sep-23,3206.82,-371.95,-0.1039,6558,Dying Light 2 Stay Human: Reloaded Edition,534380
Aug-23,3578.78,-2314.2,-0.3927,8079,Dying Light 2 Stay Human: Reloaded Edition,534380
Jul-23,5892.98,2125.89,0.5643,10169,Dying Light 2 Stay Human: Reloaded Edition,534380
Jun-23,3767.09,-1451.34,-0.2781,7718,Dying Light 2 Stay Human: Reloaded Edition,534380
May-23,5218.43,-567.24,-0.098,15412,Dying Light 2 Stay Human: Reloaded Edition,534380
Apr-23,5785.67,1258.45,0.278,17250,Dying Light 2 Stay Human: Reloaded Edition,534380
Mar-23,4527.22,-4922.95,-0.5209,9641,Dying Light 2 Stay Human: Reloaded Edition,534380
Feb-23,9450.17,4261.42,0.8212999999999999,22566,Dying Light 2 Stay Human: Reloaded Edition,534380
Jan-23,5188.75,-69.32,-0.0132,10713,Dying Light 2 Stay Human: Reloaded Edition,534380
Dec-22,5258.08,83.23,0.0161,10472,Dying Light 2 Stay Human: Reloaded Edition,534380
Nov-22,5174.85,2253.5,0.7714,12684,Dying Light 2 Stay Human: Reloaded Edition,534380
Oct-22,2921.35,-1581.98,-0.3513,5600,Dying Light 2 Stay Human: Reloaded Edition,534380
Sep-22,4503.33,649.1,0.1684,10091,Dying Light 2 Stay Human: Reloaded Edition,534380
Aug-22,3854.24,-1530.49,-0.2842,9291,Dying Light 2 Stay Human: Reloaded Edition,534380
Jul-22,5384.72,975.44,0.2212,10459,Dying Light 2 Stay Human: Reloaded Edition,534380
Jun-22,4409.28,-1326.09,-0.2312,10357,Dying Light 2 Stay Human: Reloaded Edition,534380
May-22,5735.37,352.93,0.0655999999999999,12857,Dying Light 2 Stay Human: Reloaded Edition,534380
Apr-22,5382.44,-7356.32,-0.5775,11901,Dying Light 2 Stay Human: Reloaded Edition,534380
Mar-22,12738.76,-78488.12,-0.8604,30261,Dying Light 2 Stay Human: Reloaded Edition,534380
Feb-22,91226.88,-,0.0,274983,Dying Light 2 Stay Human: Reloaded Edition,534380
Sep-25,6930.56,-1525.88,-0.1804,15458,Deep Rock Galactic,548430
Aug-25,8456.45,910.66,0.1207,19062,Deep Rock Galactic,548430
Jul-25,7545.79,-186.89,-0.0242,16656,Deep Rock Galactic,548430
Jun-25,7732.68,-604.2,-0.0725,16749,Deep Rock Galactic,548430
May-25,8336.88,654.18,0.0852,18778,Deep Rock Galactic,548430
Apr-25,7682.69,-1502.66,-0.1636,16578,Deep Rock Galactic,548430
Mar-25,9185.35,-1412.15,-0.1333,19333,Deep Rock Galactic,548430
Feb-25,10597.5,1532.91,0.1691,20780,Deep Rock Galactic,548430
Jan-25,9064.58,-1378.7,-0.132,19103,Deep Rock Galactic,548430
Dec-24,10443.28,841.75,0.0877,20655,Deep Rock Galactic,548430
Nov-24,9601.53,-244.05,-0.0248,19420,Deep Rock Galactic,548430
Oct-24,9845.58,-509.64,-0.0492,19973,Deep Rock Galactic,548430
Sep-24,10355.22,-2142.37,-0.1714,27089,Deep Rock Galactic,548430
Aug-24,12497.59,-1319.41,-0.0955,25295,Deep Rock Galactic,548430
Jul-24,13817.0,-5565.77,-0.2872,27589,Deep Rock Galactic,548430
Jun-24,19382.77,11356.91,1.415,53558,Deep Rock Galactic,548430
May-24,8025.86,-1491.01,-0.1567,16423,Deep Rock Galactic,548430
Apr-24,9516.88,-5208.75,-0.3536999999999999,21636,Deep Rock Galactic,548430
Mar-24,14725.62,4120.88,0.3886,31452,Deep Rock Galactic,548430
Feb-24,10604.74,-924.02,-0.0801,18738,Deep Rock Galactic,548430
Jan-24,11528.77,-705.12,-0.0576,20789,Deep Rock Galactic,548430
Dec-23,12233.88,-385.2,-0.0305,20579,Deep Rock Galactic,548430
Nov-23,12619.08,1740.95,0.16,22249,Deep Rock Galactic,548430
Oct-23,10878.13,-1505.71,-0.1216,23423,Deep Rock Galactic,548430
Sep-23,12383.85,-2099.4,-0.145,25298,Deep Rock Galactic,548430
Aug-23,14483.24,-4305.9,-0.2292,25573,Deep Rock Galactic,548430
Jul-23,18789.15,980.16,0.055,34474,Deep Rock Galactic,548430
Jun-23,17808.98,4615.36,0.3497999999999999,34905,Deep Rock Galactic,548430
May-23,13193.62,-2034.1,-0.1336,24918,Deep Rock Galactic,548430
Apr-23,15227.72,-5570.67,-0.2678,27496,Deep Rock Galactic,548430
Mar-23,20798.39,7700.37,0.5879,36198,Deep Rock Galactic,548430
Feb-23,13098.02,-3522.72,-0.2119,23460,Deep Rock Galactic,548430
Jan-23,16620.74,284.88,0.0174,27360,Deep Rock Galactic,548430
Dec-22,16335.86,-5301.69,-0.245,25051,Deep Rock Galactic,548430
Nov-22,21637.55,13131.11,1.5437,46392,Deep Rock Galactic,548430
Oct-22,8506.44,-31.65,-0.0037,15230,Deep Rock Galactic,548430
Sep-22,8538.09,393.4,0.0483,16182,Deep Rock Galactic,548430
Aug-22,8144.69,-3769.25,-0.3164,13619,Deep Rock Galactic,548430
Jul-22,11913.93,-1381.37,-0.1039,24217,Deep Rock Galactic,548430
Jun-22,13295.31,470.86,0.0366999999999999,26162,Deep Rock Galactic,548430
May-22,12824.45,3983.47,0.4506,30710,Deep Rock Galactic,548430
Apr-22,8840.98,447.41,0.0533,28698,Deep Rock Galactic,548430
Mar-22,8393.57,-1462.09,-0.1483,16649,Deep Rock Galactic,548430
Feb-22,9855.65,-483.81,-0.0467999999999999,21314,Deep Rock Galactic,548430
Jan-22,10339.46,-501.69,-0.0463,20811,Deep Rock Galactic,548430
Dec-21,10841.15,-7183.58,-0.3985,19148,Deep Rock Galactic,548430
Nov-21,18024.73,13301.11,2.8159,41544,Deep Rock Galactic,548430
Oct-21,4723.62,-175.09,-0.0356999999999999,10818,Deep Rock Galactic,548430
Sep-21,4898.71,452.63,0.1018,9112,Deep Rock Galactic,548430
Aug-21,4446.08,-2255.6,-0.3365999999999999,7472,Deep Rock Galactic,548430
Jul-21,6701.67,1144.29,0.2059,12469,Deep Rock Galactic,548430
Jun-21,5557.39,-743.92,-0.1181,13027,Deep Rock Galactic,548430
May-21,6301.31,1044.34,0.1987,13218,Deep Rock Galactic,548430
Apr-21,5256.97,-5692.64,-0.5199,9049,Deep Rock Galactic,548430
Mar-21,10949.6,1823.14,0.1998,24522,Deep Rock Galactic,548430
Feb-21,9126.46,1921.06,0.2666,35827,Deep Rock Galactic,548430
Jan-21,7205.41,1193.3,0.1985,14077,Deep Rock Galactic,548430
Dec-20,6012.11,485.09,0.0877999999999999,12395,Deep Rock Galactic,548430
Nov-20,5527.01,510.43,0.1017,11275,Deep Rock Galactic,548430
Oct-20,5016.59,382.4,0.0825,12457,Deep Rock Galactic,548430
Sep-20,4634.19,1223.67,0.3588,9273,Deep Rock Galactic,548430
Aug-20,3410.52,-1956.41,-0.3645,6370,Deep Rock Galactic,548430
Jul-20,5366.93,-676.53,-0.1119,10527,Deep Rock Galactic,548430
Jun-20,6043.46,-519.74,-0.0791999999999999,11326,Deep Rock Galactic,548430
May-20,6563.21,3156.66,0.9266,15515,Deep Rock Galactic,548430
Apr-20,3406.54,-3067.17,-0.4738,6541,Deep Rock Galactic,548430
Mar-20,6473.72,3164.79,0.9564,20030,Deep Rock Galactic,548430
Feb-20,3308.93,796.89,0.3172,19471,Deep Rock Galactic,548430
Jan-20,2512.05,13.56,0.0054,5242,Deep Rock Galactic,548430
Dec-19,2498.49,726.93,0.4103,5091,Deep Rock Galactic,548430
Nov-19,1771.56,-165.51,-0.0853999999999999,4489,Deep Rock Galactic,548430
Oct-19,1937.07,-22.84,-0.0116999999999999,4172,Deep Rock Galactic,548430
Sep-19,1959.91,1220.49,1.6506,9790,Deep Rock Galactic,548430
Aug-19,739.42,-624.56,-0.4579,1393,Deep Rock Galactic,548430
Jul-19,1363.98,205.92,0.1778,3026,Deep Rock Galactic,548430
Jun-19,1158.06,15.66,0.0137,3085,Deep Rock Galactic,548430
May-19,1142.41,322.24,0.3928999999999999,3453,Deep Rock Galactic,548430
Apr-19,820.17,-1666.99,-0.6701999999999999,1863,Deep Rock Galactic,548430
Mar-19,2487.16,1305.94,1.1056,14863,Deep Rock Galactic,548430
Feb-19,1181.22,-162.28,-0.1208,4462,Deep Rock Galactic,548430
Jan-19,1343.5,-86.97,-0.0608,3014,Deep Rock Galactic,548430
Dec-18,1430.48,733.6,1.0527,3263,Deep Rock Galactic,548430
Nov-18,696.88,114.51,0.1966,2631,Deep Rock Galactic,548430
Oct-18,582.37,-10.02,-0.0169,1404,Deep Rock Galactic,548430
Sep-18,592.38,303.24,1.0488,1311,Deep Rock Galactic,548430
Aug-18,289.14,-510.75,-0.6385000000000001,743,Deep Rock Galactic,548430
Jul-18,799.88,95.52,0.1356,2272,Deep Rock Galactic,548430
Jun-18,704.37,-102.34,-0.1268999999999999,2189,Deep Rock Galactic,548430
May-18,806.71,192.97,0.3144,2963,Deep Rock Galactic,548430
Apr-18,613.74,-720.77,-0.5401,1686,Deep Rock Galactic,548430
Mar-18,1334.51,1288.12,27.7624,4286,Deep Rock Galactic,548430
Feb-18,46.4,45.6,57.2525,2674,Deep Rock Galactic,548430
Jan-18,0.8,-0.26,-0.2453,6,Deep Rock Galactic,548430
Dec-17,1.06,-1.9,-0.6431999999999999,9,Deep Rock Galactic,548430
Nov-17,2.96,-1.28,-0.3024,17,Deep Rock Galactic,548430
Oct-17,4.24,-7.77,-0.6468,25,Deep Rock Galactic,548430
Sep-17,12.01,1.84,0.1807,59,Deep Rock Galactic,548430
Aug-17,10.17,5.41,1.1361,184,Deep Rock Galactic,548430
Jul-17,4.76,-1.07,-0.1841,28,Deep Rock Galactic,548430
Jun-17,5.83,4.33,2.8811,114,Deep Rock Galactic,548430
May-17,1.5,0.25,0.1987,16,Deep Rock Galactic,548430
Apr-17,1.25,-0.86,-0.406,9,Deep Rock Galactic,548430
Mar-17,2.11,0.55,0.3553,33,Deep Rock Galactic,548430
Feb-17,1.56,1.32,5.549,21,Deep Rock Galactic,548430
Jan-17,0.24,-1.19,-0.8329000000000001,4,Deep Rock Galactic,548430
Dec-16,1.42,-,0.0,11,Deep Rock Galactic,548430
Sep-25,17441.35,3099.68,0.2161,28206,World of Warships,552990
Aug-25,14341.67,5627.5,0.6457999999999999,45913,World of Warships,552990
Jul-25,8714.17,1053.17,0.1375,65888,World of Warships,552990
Jun-25,7661.0,-2275.46,-0.2289999999999999,18055,World of Warships,552990
May-25,9936.47,3306.24,0.4987,122368,World of Warships,552990
Apr-25,6630.23,-114.97,-0.017,20427,World of Warships,552990
Mar-25,6745.2,354.08,0.0554,25186,World of Warships,552990
Feb-25,6391.12,-1193.07,-0.1573,11953,World of Warships,552990
Jan-25,7584.18,-1162.97,-0.133,15275,World of Warships,552990
Dec-24,8747.15,1766.3,0.253,22599,World of Warships,552990
Nov-24,6980.86,186.2,0.0274,17628,World of Warships,552990
Oct-24,6794.66,-1032.83,-0.1319,13944,World of Warships,552990
Sep-24,7827.49,1277.1,0.195,16956,World of Warships,552990
Aug-24,6550.39,455.55,0.0747,11547,World of Warships,552990
Jul-24,6094.84,-1118.1,-0.155,10814,World of Warships,552990
Jun-24,7212.93,-1005.71,-0.1224,15742,World of Warships,552990
May-24,8218.64,1726.3,0.2659,75380,World of Warships,552990
Apr-24,6492.34,93.37,0.0146,12690,World of Warships,552990
Mar-24,6398.97,-1485.73,-0.1884,11840,World of Warships,552990
Feb-24,7884.7,650.31,0.0899,15103,World of Warships,552990
Jan-24,7234.39,-1672.55,-0.1878,12653,World of Warships,552990
Dec-23,8906.94,2981.39,0.5031,192567,World of Warships,552990
Nov-23,5925.55,-235.57,-0.0382,11284,World of Warships,552990
Oct-23,6161.12,-180.96,-0.0285,12030,World of Warships,552990
Sep-23,6342.08,-1570.07,-0.1984,12909,World of Warships,552990
Aug-23,7912.15,-620.24,-0.0727,21956,World of Warships,552990
Jul-23,8532.4,1860.25,0.2788,158210,World of Warships,552990
Jun-23,6672.15,3.8,0.0006,12488,World of Warships,552990
May-23,6668.35,9.66,0.0015,12376,World of Warships,552990
Apr-23,6658.69,19.23,0.0029,12310,World of Warships,552990
Mar-23,6639.46,-281.29,-0.0406,12747,World of Warships,552990
Feb-23,6920.75,-614.47,-0.0815,12391,World of Warships,552990
Jan-23,7535.23,-266.66,-0.0342,12955,World of Warships,552990
Dec-22,7801.89,-2516.8,-0.2439,19011,World of Warships,552990
Nov-22,10318.69,3513.18,0.5162,400538,World of Warships,552990
Oct-22,6805.51,-908.44,-0.1177999999999999,13589,World of Warships,552990
Sep-22,7713.96,183.59,0.0243999999999999,15848,World of Warships,552990
Aug-22,7530.36,-128.33,-0.0168,13204,World of Warships,552990
Jul-22,7658.69,-711.54,-0.085,13567,World of Warships,552990
Jun-22,8370.23,562.79,0.0721,16371,World of Warships,552990
May-22,7807.43,590.47,0.0818,16100,World of Warships,552990
Apr-22,7216.97,323.79,0.047,13056,World of Warships,552990
Mar-22,6893.18,-935.25,-0.1195,13213,World of Warships,552990
Feb-22,7828.43,-665.1,-0.0783,13895,World of Warships,552990
Jan-22,8493.52,1015.18,0.1357,15091,World of Warships,552990
Dec-21,7478.34,52.57,0.0070999999999999,14182,World of Warships,552990
Nov-21,7425.77,300.15,0.0421,35676,World of Warships,552990
Oct-21,7125.62,-164.23,-0.0225,13004,World of Warships,552990
Sep-21,7289.85,-244.49,-0.0325,14757,World of Warships,552990
Aug-21,7534.35,598.06,0.0862,13522,World of Warships,552990
Jul-21,6936.28,-502.49,-0.0676,12355,World of Warships,552990
Jun-21,7438.77,-373.7,-0.0478,14732,World of Warships,552990
May-21,7812.48,819.36,0.1172,14760,World of Warships,552990
Apr-21,6993.11,-281.1,-0.0385999999999999,13218,World of Warships,552990
Mar-21,7274.21,-4300.01,-0.3715,15662,World of Warships,552990
Feb-21,11574.22,3519.22,0.4368999999999999,353413,World of Warships,552990
Jan-21,8055.0,693.87,0.0943,14059,World of Warships,552990
Dec-20,7361.13,252.62,0.0355,14254,World of Warships,552990
Nov-20,7108.52,-616.63,-0.0798,14343,World of Warships,552990
Oct-20,7725.14,-523.6,-0.0635,15604,World of Warships,552990
Sep-20,8248.75,-1124.47,-0.12,15958,World of Warships,552990
Aug-20,9373.22,113.54,0.0123,17432,World of Warships,552990
Jul-20,9259.68,345.92,0.0388,18580,World of Warships,552990
Jun-20,8913.76,-754.11,-0.078,17330,World of Warships,552990
May-20,9667.88,-861.15,-0.0818,17708,World of Warships,552990
Apr-20,10529.03,-122.76,-0.0115,22687,World of Warships,552990
Mar-20,10651.79,183.58,0.0175,19402,World of Warships,552990
Feb-20,10468.21,3068.29,0.4146,19807,World of Warships,552990
Jan-20,7399.93,490.77,0.071,13968,World of Warships,552990
Dec-19,6909.15,1481.74,0.273,14168,World of Warships,552990
Nov-19,5427.41,593.85,0.1229,10845,World of Warships,552990
Oct-19,4833.57,55.33,0.0116,9365,World of Warships,552990
Sep-19,4778.24,71.59,0.0152,9496,World of Warships,552990
Aug-19,4706.65,170.61,0.0375999999999999,8471,World of Warships,552990
Jul-19,4536.04,59.81,0.0134,8628,World of Warships,552990
Jun-19,4476.23,-196.95,-0.0421,7744,World of Warships,552990
May-19,4673.17,483.61,0.1153999999999999,9346,World of Warships,552990
Apr-19,4189.56,21.2,0.0051,8385,World of Warships,552990
Mar-19,4168.37,-47.79,-0.0113,7582,World of Warships,552990
Feb-19,4216.15,17.64,0.0042,8439,World of Warships,552990
Jan-19,4198.51,439.9,0.1169999999999999,7074,World of Warships,552990
Dec-18,3758.6,680.47,0.2211,7247,World of Warships,552990
Nov-18,3078.13,-157.97,-0.0487999999999999,5373,World of Warships,552990
Oct-18,3236.1,95.51,0.0304,5710,World of Warships,552990
Sep-18,3140.58,125.01,0.0415,5634,World of Warships,552990
Aug-18,3015.58,133.32,0.0463,4831,World of Warships,552990
Jul-18,2882.25,-30.52,-0.0105,4679,World of Warships,552990
Jun-18,2912.77,481.99,0.1982999999999999,5496,World of Warships,552990
May-18,2430.78,3.85,0.0016,3896,World of Warships,552990
Apr-18,2426.93,-284.52,-0.1049,3877,World of Warships,552990
Mar-18,2711.44,-432.38,-0.1375,4310,World of Warships,552990
Feb-18,3143.82,-215.93,-0.0643,5209,World of Warships,552990
Jan-18,3359.75,277.1,0.0899,6648,World of Warships,552990
Dec-17,3082.65,1198.64,0.6362,5113,World of Warships,552990
Nov-17,1884.01,1882.81,1567.3653,6739,World of Warships,552990
Oct-17,1.2,-,0.0,5,World of Warships,552990
Sep-25,68412.3,27978.82,0.6920000000000001,177327,HELLDIVERS™ 2,553850
Aug-25,40433.48,2481.73,0.0654,163085,HELLDIVERS™ 2,553850
Jul-25,37951.75,-15184.68,-0.2858,75108,HELLDIVERS™ 2,553850
Jun-25,53136.43,-7154.89,-0.1186999999999999,119358,HELLDIVERS™ 2,553850
May-25,60291.32,32325.67,1.1559,162997,HELLDIVERS™ 2,553850
Apr-25,27965.66,-10555.59,-0.2739999999999999,48671,HELLDIVERS™ 2,553850
Mar-25,38521.25,-14755.08,-0.2769999999999999,74048,HELLDIVERS™ 2,553850
Feb-25,53276.32,6437.4,0.1374,96421,HELLDIVERS™ 2,553850
Jan-25,46838.92,-9895.62,-0.1744,94361,HELLDIVERS™ 2,553850
Dec-24,56734.54,27083.88,0.9134,148524,HELLDIVERS™ 2,553850
Nov-24,29650.66,-756.61,-0.0249,56787,HELLDIVERS™ 2,553850
Oct-24,30407.27,4521.97,0.1747,72196,HELLDIVERS™ 2,553850
Sep-24,25885.31,1311.2,0.0533999999999999,68315,HELLDIVERS™ 2,553850
Aug-24,24574.1,645.82,0.027,62585,HELLDIVERS™ 2,553850
Jul-24,23928.28,-17710.03,-0.4253,47007,HELLDIVERS™ 2,553850
Jun-24,41638.31,-23583.09,-0.3616,91692,HELLDIVERS™ 2,553850
May-24,65221.4,-77632.22,-0.5434,125574,HELLDIVERS™ 2,553850
Apr-24,142853.62,-74191.95,-0.3418,333751,HELLDIVERS™ 2,553850
Mar-24,217045.57,-57258.82,-0.2087,437818,HELLDIVERS™ 2,553850
Feb-24,274304.38,-,0.0,458208,HELLDIVERS™ 2,553850
Sep-25,278095.62,-17408.34,-0.0588999999999999,707773,PUBG: BATTLEGROUNDS,578080
Aug-25,295503.96,-7757.35,-0.0256,724503,PUBG: BATTLEGROUNDS,578080
Jul-25,303261.31,-6630.7,-0.0214,944484,PUBG: BATTLEGROUNDS,578080
Jun-25,309892.01,4638.83,0.0152,778327,PUBG: BATTLEGROUNDS,578080
May-25,305253.18,-12187.85,-0.0384,804674,PUBG: BATTLEGROUNDS,578080
Apr-25,317441.03,-28086.31,-0.0813,861598,PUBG: BATTLEGROUNDS,578080
Mar-25,345527.34,28750.95,0.0908,1329605,PUBG: BATTLEGROUNDS,578080
Feb-25,316776.38,9226.07,0.03,818843,PUBG: BATTLEGROUNDS,578080
Jan-25,307550.31,-13547.61,-0.0421999999999999,786821,PUBG: BATTLEGROUNDS,578080
Dec-24,321097.93,5484.73,0.0174,799077,PUBG: BATTLEGROUNDS,578080
Nov-24,315613.2,22263.22,0.0759,796001,PUBG: BATTLEGROUNDS,578080
Oct-24,293349.98,-4917.4,-0.0165,762909,PUBG: BATTLEGROUNDS,578080
Sep-24,298267.38,13019.92,0.0455999999999999,807515,PUBG: BATTLEGROUNDS,578080
Aug-24,285247.47,-8149.34,-0.0278,719506,PUBG: BATTLEGROUNDS,578080
Jul-24,293396.8,5898.28,0.0204999999999999,700235,PUBG: BATTLEGROUNDS,578080
Jun-24,287498.52,16134.3,0.0595,699256,PUBG: BATTLEGROUNDS,578080
May-24,271364.22,-9488.99,-0.0338,693105,PUBG: BATTLEGROUNDS,578080
Apr-24,280853.22,-488.86,-0.0017,699697,PUBG: BATTLEGROUNDS,578080
Mar-24,281342.08,31027.14,0.124,764034,PUBG: BATTLEGROUNDS,578080
Feb-24,250314.93,757.27,0.003,609366,PUBG: BATTLEGROUNDS,578080
Jan-24,249557.66,2545.11,0.0103,587152,PUBG: BATTLEGROUNDS,578080
Dec-23,247012.55,40803.98,0.1979,623852,PUBG: BATTLEGROUNDS,578080
Nov-23,206208.57,17537.75,0.093,502374,PUBG: BATTLEGROUNDS,578080
Oct-23,188670.82,6714.43,0.0369,444585,PUBG: BATTLEGROUNDS,578080
Sep-23,181956.39,1583.5,0.0088,415099,PUBG: BATTLEGROUNDS,578080
Aug-23,180372.9,16865.16,0.1031,397857,PUBG: BATTLEGROUNDS,578080
Jul-23,163507.73,-935.7,-0.0056999999999999,356738,PUBG: BATTLEGROUNDS,578080
Jun-23,164443.43,-19055.55,-0.1038,376727,PUBG: BATTLEGROUNDS,578080
May-23,183498.98,-14237.33,-0.072,414957,PUBG: BATTLEGROUNDS,578080
Apr-23,197736.31,-5668.79,-0.0279,444973,PUBG: BATTLEGROUNDS,578080
Mar-23,203405.11,-17466.4,-0.0791,459344,PUBG: BATTLEGROUNDS,578080
Feb-23,220871.5,17213.07,0.0844999999999999,490332,PUBG: BATTLEGROUNDS,578080
Jan-23,203658.43,-8631.93,-0.0407,465423,PUBG: BATTLEGROUNDS,578080
Dec-22,212290.36,28370.57,0.1543,586384,PUBG: BATTLEGROUNDS,578080
Nov-22,183919.79,-12639.09,-0.0643,425493,PUBG: BATTLEGROUNDS,578080
Oct-22,196558.88,1119.84,0.0056999999999999,440651,PUBG: BATTLEGROUNDS,578080
Sep-22,195439.04,11066.52,0.06,448410,PUBG: BATTLEGROUNDS,578080
Aug-22,184372.52,7354.3,0.0415,395910,PUBG: BATTLEGROUNDS,578080
Jul-22,177018.21,-4169.6,-0.023,391255,PUBG: BATTLEGROUNDS,578080
Jun-22,181187.81,-19666.4,-0.0978999999999999,413426,PUBG: BATTLEGROUNDS,578080
May-22,200854.21,-22687.24,-0.1015,468207,PUBG: BATTLEGROUNDS,578080
Apr-22,223541.44,-2573.45,-0.0113999999999999,527433,PUBG: BATTLEGROUNDS,578080
Mar-22,226114.89,-15059.57,-0.0624,535587,PUBG: BATTLEGROUNDS,578080
Feb-22,241174.46,-1147.89,-0.0046999999999999,532109,PUBG: BATTLEGROUNDS,578080
Jan-22,242322.35,88651.54,0.5769,696704,PUBG: BATTLEGROUNDS,578080
Dec-21,153670.81,12409.62,0.0877999999999999,363839,PUBG: BATTLEGROUNDS,578080
Nov-21,141261.19,-17176.69,-0.1084,341570,PUBG: BATTLEGROUNDS,578080
Oct-21,158437.88,-8664.24,-0.0518,393496,PUBG: BATTLEGROUNDS,578080
Sep-21,167102.12,-17726.28,-0.0959,400709,PUBG: BATTLEGROUNDS,578080
Aug-21,184828.4,-1421.57,-0.0076,444355,PUBG: BATTLEGROUNDS,578080
Jul-21,186249.97,6911.7,0.0385,413274,PUBG: BATTLEGROUNDS,578080
Jun-21,179338.27,-5362.95,-0.0289999999999999,427913,PUBG: BATTLEGROUNDS,578080
May-21,184701.21,-1409.44,-0.0076,419509,PUBG: BATTLEGROUNDS,578080
Apr-21,186110.65,-7003.53,-0.0363,453579,PUBG: BATTLEGROUNDS,578080
Mar-21,193114.18,-5843.34,-0.0294,464480,PUBG: BATTLEGROUNDS,578080
Feb-21,198957.52,-2289.67,-0.0113999999999999,447390,PUBG: BATTLEGROUNDS,578080
Jan-21,201247.19,12013.61,0.0635,451998,PUBG: BATTLEGROUNDS,578080
Dec-20,189233.58,9713.32,0.0541,444680,PUBG: BATTLEGROUNDS,578080
Nov-20,179520.26,16934.62,0.1042,438919,PUBG: BATTLEGROUNDS,578080
Oct-20,162585.64,-6508.07,-0.0385,381079,PUBG: BATTLEGROUNDS,578080
Sep-20,169093.71,-23398.9,-0.1216,403693,PUBG: BATTLEGROUNDS,578080
Aug-20,192492.61,-19207.7,-0.0907,443390,PUBG: BATTLEGROUNDS,578080
Jul-20,211700.3,-18629.44,-0.0809,469568,PUBG: BATTLEGROUNDS,578080
Jun-20,230329.74,-12929.04,-0.0530999999999999,546359,PUBG: BATTLEGROUNDS,578080
May-20,243258.78,411.51,0.0017,553121,PUBG: BATTLEGROUNDS,578080
Apr-20,242847.28,14380.11,0.0629,913075,PUBG: BATTLEGROUNDS,578080
Mar-20,228467.17,-29117.16,-0.113,562028,PUBG: BATTLEGROUNDS,578080
Feb-20,257584.32,-17778.72,-0.0646,606689,PUBG: BATTLEGROUNDS,578080
Jan-20,275363.04,-33082.41,-0.1073,645414,PUBG: BATTLEGROUNDS,578080
Dec-19,308445.45,2786.06,0.0091,686239,PUBG: BATTLEGROUNDS,578080
Nov-19,305659.39,18525.98,0.0645,695920,PUBG: BATTLEGROUNDS,578080
Oct-19,287133.41,-24310.9,-0.0781,637870,PUBG: BATTLEGROUNDS,578080
Sep-19,311444.31,-47086.65,-0.1313,660864,PUBG: BATTLEGROUNDS,578080
Aug-19,358530.96,5642.08,0.016,750941,PUBG: BATTLEGROUNDS,578080
Jul-19,352888.88,-10194.48,-0.0281,745224,PUBG: BATTLEGROUNDS,578080
Jun-19,363083.37,-22757.23,-0.059,745960,PUBG: BATTLEGROUNDS,578080
May-19,385840.59,-4260.3,-0.0109,817595,PUBG: BATTLEGROUNDS,578080
Apr-19,390100.9,-27711.61,-0.0663,886255,PUBG: BATTLEGROUNDS,578080
Mar-19,417812.51,-20146.59,-0.046,931407,PUBG: BATTLEGROUNDS,578080
Feb-19,437959.1,-59844.15,-0.1202,931754,PUBG: BATTLEGROUNDS,578080
Jan-19,497803.25,24261.99,0.0512,1084606,PUBG: BATTLEGROUNDS,578080
Dec-18,473541.26,55381.78,0.1324,1109766,PUBG: BATTLEGROUNDS,578080
Nov-18,418159.48,-50982.25,-0.1086999999999999,895650,PUBG: BATTLEGROUNDS,578080
Oct-18,469141.74,-73465.31,-0.1354,1048662,PUBG: BATTLEGROUNDS,578080
Sep-18,542607.05,-76713.44,-0.1239,1125229,PUBG: BATTLEGROUNDS,578080
Aug-18,619320.48,-69299.93,-0.1006,1260894,PUBG: BATTLEGROUNDS,578080
Jul-18,688620.42,-112047.81,-0.1399,1350463,PUBG: BATTLEGROUNDS,578080
Jun-18,800668.23,-75512.41,-0.0862,1750216,PUBG: BATTLEGROUNDS,578080
May-18,876180.64,-231001.16,-0.2086,2175704,PUBG: BATTLEGROUNDS,578080
Apr-18,1107181.8,-188226.79,-0.1452999999999999,2456361,PUBG: BATTLEGROUNDS,578080
Mar-18,1295408.59,-95606.71,-0.0687,2799269,PUBG: BATTLEGROUNDS,578080
Feb-18,1391015.3,-193871.48,-0.1223,2934761,PUBG: BATTLEGROUNDS,578080
Jan-18,1584886.77,148728.26,0.1036,3236027,PUBG: BATTLEGROUNDS,578080
Dec-17,1436158.51,101988.42,0.0764,3080769,PUBG: BATTLEGROUNDS,578080
Nov-17,1334170.09,247531.23,0.2278,2915723,PUBG: BATTLEGROUNDS,578080
Oct-17,1086638.87,426446.12,0.6459,2390946,PUBG: BATTLEGROUNDS,578080
Sep-17,660192.74,270665.33,0.6949,1550463,PUBG: BATTLEGROUNDS,578080
Aug-17,389527.42,159825.72,0.6958,874171,PUBG: BATTLEGROUNDS,578080
Jul-17,229701.7,89799.46,0.6419,481291,PUBG: BATTLEGROUNDS,578080
Jun-17,139902.24,32460.64,0.3021,267194,PUBG: BATTLEGROUNDS,578080
May-17,107441.6,37646.63,0.5394,189456,PUBG: BATTLEGROUNDS,578080
Apr-17,69794.98,52243.84,2.9767,140104,PUBG: BATTLEGROUNDS,578080
Mar-17,17551.14,-,0.0,67846,PUBG: BATTLEGROUNDS,578080
Sep-25,8880.86,-1720.27,-0.1623,22627,Monster Hunter: World,582010
Aug-25,10601.13,-458.55,-0.0415,24320,Monster Hunter: World,582010
Jul-25,11059.67,-1413.16,-0.1133,23218,Monster Hunter: World,582010
Jun-25,12472.84,-1714.62,-0.1209,27790,Monster Hunter: World,582010
May-25,14187.45,-667.87,-0.045,34352,Monster Hunter: World,582010
Apr-25,14855.32,-8150.27,-0.3543,34182,Monster Hunter: World,582010
Mar-25,23005.59,-8155.28,-0.2617,50116,Monster Hunter: World,582010
Feb-25,31160.87,5100.39,0.1957,64004,Monster Hunter: World,582010
Jan-25,26060.49,-5098.16,-0.1636,55558,Monster Hunter: World,582010
Dec-24,31158.65,-12287.18,-0.2828,83675,Monster Hunter: World,582010
Nov-24,43445.83,6318.01,0.1702,104488,Monster Hunter: World,582010
Oct-24,37127.82,6018.33,0.1935,87578,Monster Hunter: World,582010
Sep-24,31109.49,124.46,0.004,80120,Monster Hunter: World,582010
Aug-24,30985.03,1659.71,0.0566,69267,Monster Hunter: World,582010
Jul-24,29325.32,-14246.43,-0.327,66465,Monster Hunter: World,582010
Jun-24,43571.75,10077.27,0.3009,106017,Monster Hunter: World,582010
May-24,33494.48,-10074.62,-0.2312,88495,Monster Hunter: World,582010
Apr-24,43569.09,-6843.01,-0.1357,104895,Monster Hunter: World,582010
Mar-24,50412.1,5410.16,0.1202,116935,Monster Hunter: World,582010
Feb-24,45001.94,-31510.82,-0.4118,100370,Monster Hunter: World,582010
Jan-24,76512.76,31493.51,0.6995999999999999,162987,Monster Hunter: World,582010
Dec-23,45019.26,23344.35,1.077,128866,Monster Hunter: World,582010
Nov-23,21674.9,2716.14,0.1433,46691,Monster Hunter: World,582010
Oct-23,18958.76,4119.06,0.2776,43322,Monster Hunter: World,582010
Sep-23,14839.7,1474.54,0.1103,39041,Monster Hunter: World,582010
Aug-23,13365.17,-1847.81,-0.1215,28744,Monster Hunter: World,582010
Jul-23,15212.98,668.82,0.046,30685,Monster Hunter: World,582010
Jun-23,14544.16,98.93,0.0068,31871,Monster Hunter: World,582010
May-23,14445.23,-3640.34,-0.2012999999999999,36179,Monster Hunter: World,582010
Apr-23,18085.57,-2733.09,-0.1313,46080,Monster Hunter: World,582010
Mar-23,20818.66,5463.51,0.3558,52410,Monster Hunter: World,582010
Feb-23,15355.16,-214.12,-0.0138,32302,Monster Hunter: World,582010
Jan-23,15569.28,3654.55,0.3067,31748,Monster Hunter: World,582010
Dec-22,11914.73,640.31,0.0567999999999999,27671,Monster Hunter: World,582010
Nov-22,11274.42,563.45,0.0526,25857,Monster Hunter: World,582010
Oct-22,10710.97,-604.81,-0.0533999999999999,25284,Monster Hunter: World,582010
Sep-22,11315.78,-3246.06,-0.2229,23866,Monster Hunter: World,582010
Aug-22,14561.84,-1409.13,-0.0882,29381,Monster Hunter: World,582010
Jul-22,15970.97,604.01,0.0393,32419,Monster Hunter: World,582010
Jun-22,15366.97,-357.65,-0.0227,33112,Monster Hunter: World,582010
May-22,15724.61,2447.77,0.1844,33243,Monster Hunter: World,582010
Apr-22,13276.84,750.94,0.06,28485,Monster Hunter: World,582010
Mar-22,12525.9,-848.37,-0.0634,33413,Monster Hunter: World,582010
Feb-22,13374.26,-3622.45,-0.2130999999999999,27162,Monster Hunter: World,582010
Jan-22,16996.71,2912.95,0.2067999999999999,30826,Monster Hunter: World,582010
Dec-21,14083.76,1082.55,0.0833,27479,Monster Hunter: World,582010
Nov-21,13001.21,-2058.95,-0.1367,26674,Monster Hunter: World,582010
Oct-21,15060.16,-426.31,-0.0275,32584,Monster Hunter: World,582010
Sep-21,15486.47,-3537.55,-0.186,31712,Monster Hunter: World,582010
Aug-21,19024.02,712.7,0.0389,38707,Monster Hunter: World,582010
Jul-21,18311.32,1423.07,0.0843,35844,Monster Hunter: World,582010
Jun-21,16888.26,-2986.02,-0.1502,36858,Monster Hunter: World,582010
May-21,19874.28,-3385.65,-0.1456,39877,Monster Hunter: World,582010
Apr-21,23259.92,2935.77,0.1444,47791,Monster Hunter: World,582010
Mar-21,20324.15,-3581.21,-0.1498,40090,Monster Hunter: World,582010
Feb-21,23905.37,-6889.87,-0.2237,42501,Monster Hunter: World,582010
Jan-21,30795.24,4984.79,0.1931,56758,Monster Hunter: World,582010
Dec-20,25810.45,897.2,0.036,55776,Monster Hunter: World,582010
Nov-20,24913.25,-22155.95,-0.4707,57301,Monster Hunter: World,582010
Oct-20,47069.19,18691.37,0.6587000000000001,121990,Monster Hunter: World,582010
Sep-20,28377.83,-5407.79,-0.1601,62376,Monster Hunter: World,582010
Aug-20,33785.62,-14294.18,-0.2973,74252,Monster Hunter: World,582010
Jul-20,48079.8,23934.18,0.9912,144000,Monster Hunter: World,582010
Jun-20,24145.61,-19558.09,-0.4475,51086,Monster Hunter: World,582010
May-20,43703.71,-20494.08,-0.3192,106972,Monster Hunter: World,582010
Apr-20,64197.78,-13828.27,-0.1772,149860,Monster Hunter: World,582010
Mar-20,78026.05,-28785.88,-0.2695,219544,Monster Hunter: World,582010
Feb-20,106811.93,-6424.31,-0.0567,224419,Monster Hunter: World,582010
Jan-20,113236.24,82737.26,2.7128,284090,Monster Hunter: World,582010
Dec-19,30498.98,7832.23,0.3455,69511,Monster Hunter: World,582010
Nov-19,22666.75,-8273.54,-0.2673999999999999,60774,Monster Hunter: World,582010
Oct-19,30940.29,-6958.33,-0.1835999999999999,73764,Monster Hunter: World,582010
Sep-19,37898.62,2118.68,0.0592,97996,Monster Hunter: World,582010
Aug-19,35779.93,-2268.84,-0.0596,72823,Monster Hunter: World,582010
Jul-19,38048.77,15377.52,0.6783,91104,Monster Hunter: World,582010
Jun-19,22671.25,-2035.51,-0.0824,59244,Monster Hunter: World,582010
May-19,24706.77,5064.13,0.2578,59524,Monster Hunter: World,582010
Apr-19,19642.64,2959.1,0.1773999999999999,51840,Monster Hunter: World,582010
Mar-19,16683.53,-13761.5,-0.452,38456,Monster Hunter: World,582010
Feb-19,30445.04,-11862.84,-0.2804,62427,Monster Hunter: World,582010
Jan-19,42307.88,4337.19,0.1142,97088,Monster Hunter: World,582010
Dec-18,37970.69,3634.03,0.1058,93833,Monster Hunter: World,582010
Nov-18,34336.66,-7058.79,-0.1705,122496,Monster Hunter: World,582010
Oct-18,41395.45,-47179.72,-0.5327000000000001,122588,Monster Hunter: World,582010
Sep-18,88575.17,-99716.06,-0.5296,227644,Monster Hunter: World,582010
Aug-18,188291.24,-,0.0,329333,Monster Hunter: World,582010
Sep-25,18534.15,-2155.12,-0.1042,24668,Black Desert,582660
Aug-25,20689.27,1469.88,0.0765,27613,Black Desert,582660
Jul-25,19219.39,4855.61,0.3379999999999999,25434,Black Desert,582660
Jun-25,14363.79,-715.21,-0.0474,19266,Black Desert,582660
May-25,15079.0,45.66,0.003,18936,Black Desert,582660
Apr-25,15033.34,-1313.72,-0.0803999999999999,19255,Black Desert,582660
Mar-25,16347.06,-143.72,-0.0087,20970,Black Desert,582660
Feb-25,16490.78,-2756.31,-0.1432,21825,Black Desert,582660
Jan-25,19247.09,4646.11,0.3182,26805,Black Desert,582660
Dec-24,14600.98,2291.68,0.1862,24860,Black Desert,582660
Nov-24,12309.3,1904.34,0.183,17212,Black Desert,582660
Oct-24,10404.96,-2103.71,-0.1682,14211,Black Desert,582660
Sep-24,12508.66,-668.08,-0.0507,17967,Black Desert,582660
Aug-24,13176.74,-3991.35,-0.2325,19015,Black Desert,582660
Jul-24,17168.09,-20.51,-0.0012,24527,Black Desert,582660
Jun-24,17188.59,1216.58,0.0762,25022,Black Desert,582660
May-24,15972.02,-1497.91,-0.0857,21829,Black Desert,582660
Apr-24,17469.92,-136.47,-0.0078,23794,Black Desert,582660
Mar-24,17606.39,-371.87,-0.0207,24559,Black Desert,582660
Feb-24,17978.26,-668.21,-0.0358,24264,Black Desert,582660
Jan-24,18646.47,-1535.95,-0.0761,26465,Black Desert,582660
Dec-23,20182.42,3233.52,0.1907999999999999,28563,Black Desert,582660
Nov-23,16948.91,695.15,0.0428,23915,Black Desert,582660
Oct-23,16253.76,-1861.74,-0.1027999999999999,22977,Black Desert,582660
Sep-23,18115.5,-2014.12,-0.1001,24099,Black Desert,582660
Aug-23,20129.63,-4996.16,-0.1987999999999999,28431,Black Desert,582660
Jul-23,25125.78,9496.33,0.6076,34281,Black Desert,582660
Jun-23,15629.45,1449.81,0.1022,21420,Black Desert,582660
May-23,14179.64,-1726.74,-0.1085999999999999,20404,Black Desert,582660
Apr-23,15906.38,-3487.14,-0.1798,22319,Black Desert,582660
Mar-23,19393.52,2144.55,0.1243,30247,Black Desert,582660
Feb-23,17248.97,-1493.65,-0.0797,25637,Black Desert,582660
Jan-23,18742.62,2002.65,0.1196,25592,Black Desert,582660
Dec-22,16739.97,1988.39,0.1348,23127,Black Desert,582660
Nov-22,14751.58,-815.56,-0.0524,20383,Black Desert,582660
Oct-22,15567.14,2836.56,0.2228,21608,Black Desert,582660
Sep-22,12730.57,-1678.51,-0.1165,19404,Black Desert,582660
Aug-22,14409.08,-536.05,-0.0359,20502,Black Desert,582660
Jul-22,14945.13,1761.46,0.1336,19995,Black Desert,582660
Jun-22,13183.67,-1091.63,-0.0765,18088,Black Desert,582660
May-22,14275.3,-2951.38,-0.1712999999999999,20089,Black Desert,582660
Apr-22,17226.68,3996.19,0.302,28710,Black Desert,582660
Mar-22,13230.5,-1356.39,-0.093,18353,Black Desert,582660
Feb-22,14586.89,-3614.39,-0.1986,19734,Black Desert,582660
Jan-22,18201.28,1893.19,0.1161,25832,Black Desert,582660
Dec-21,16308.09,1258.98,0.0837,24346,Black Desert,582660
Nov-21,15049.11,-517.15,-0.0332,20060,Black Desert,582660
Oct-21,15566.26,-1690.12,-0.0978999999999999,21128,Black Desert,582660
Sep-21,17256.39,-2010.41,-0.1043,24034,Black Desert,582660
Aug-21,19266.8,-3316.64,-0.1469,24798,Black Desert,582660
Jul-21,22583.44,5374.05,0.3123,33859,Black Desert,582660
Jun-21,17209.4,336.98,0.02,33699,Black Desert,582660
May-21,16872.42,-4126.3,-0.1964999999999999,23223,Black Desert,582660
Apr-21,20998.72,-5583.58,-0.21,28860,Black Desert,582660
Mar-21,26582.3,11086.8,0.7155,40449,Black Desert,582660
Feb-21,15495.5,-1871.66,-0.1077999999999999,31685,Black Desert,582660
Jan-21,17367.16,3216.49,0.2273,23806,Black Desert,582660
Dec-20,14150.67,328.15,0.0237,22203,Black Desert,582660
Nov-20,13822.52,-925.06,-0.0626999999999999,19142,Black Desert,582660
Oct-20,14747.58,-1990.91,-0.1189,19307,Black Desert,582660
Sep-20,16738.5,2236.97,0.1543,22953,Black Desert,582660
Aug-20,14501.52,-876.78,-0.057,18551,Black Desert,582660
Jul-20,15378.3,-2871.78,-0.1574,19471,Black Desert,582660
Jun-20,18250.08,-1693.22,-0.0849,24463,Black Desert,582660
May-20,19943.3,-3249.5,-0.1401,25391,Black Desert,582660
Apr-20,23192.8,-867.57,-0.0361,30086,Black Desert,582660
Mar-20,24060.37,9027.52,0.6004999999999999,37034,Black Desert,582660
Feb-20,15032.84,782.37,0.0549,34298,Black Desert,582660
Jan-20,14250.47,3408.38,0.3144,21532,Black Desert,582660
Dec-19,10842.09,569.73,0.0555,17228,Black Desert,582660
Nov-19,10272.36,-54.25,-0.0053,13514,Black Desert,582660
Oct-19,10326.61,-845.39,-0.0757,13906,Black Desert,582660
Sep-19,11172.0,-2241.64,-0.1671,14532,Black Desert,582660
Aug-19,13413.64,1636.06,0.1389,17810,Black Desert,582660
Jul-19,11777.58,605.26,0.0542,15557,Black Desert,582660
Jun-19,11172.32,-3759.61,-0.2518,14938,Black Desert,582660
May-19,14931.93,2842.09,0.2351,59917,Black Desert,582660
Apr-19,12089.84,-1804.01,-0.1298,16260,Black Desert,582660
Mar-19,13893.85,2053.81,0.1735,18176,Black Desert,582660
Feb-19,11840.04,-1823.52,-0.1335,16077,Black Desert,582660
Jan-19,13663.56,2909.66,0.2706,17839,Black Desert,582660
Dec-18,10753.9,61.49,0.0058,15621,Black Desert,582660
Nov-18,10692.41,839.87,0.0852,14965,Black Desert,582660
Oct-18,9852.53,-2194.67,-0.1822,13437,Black Desert,582660
Sep-18,12047.2,1167.67,0.1073,17401,Black Desert,582660
Aug-18,10879.53,-3284.83,-0.2319,15640,Black Desert,582660
Jul-18,14164.37,-728.36,-0.0489,18427,Black Desert,582660
Jun-18,14892.73,926.42,0.0663,19395,Black Desert,582660
May-18,13966.31,-395.82,-0.0276,18850,Black Desert,582660
Apr-18,14362.13,-609.77,-0.0407,19144,Black Desert,582660
Mar-18,14971.9,-1091.87,-0.068,20136,Black Desert,582660
Feb-18,16063.77,503.87,0.0324,22396,Black Desert,582660
Jan-18,15559.89,3540.27,0.2945,26187,Black Desert,582660
Dec-17,12019.62,1916.26,0.1896999999999999,16615,Black Desert,582660
Nov-17,10103.36,-2539.21,-0.2007999999999999,14936,Black Desert,582660
Oct-17,12642.57,586.74,0.0487,17399,Black Desert,582660
Sep-17,12055.83,-1978.16,-0.141,15704,Black Desert,582660
Aug-17,14033.99,-5671.27,-0.2878,18372,Black Desert,582660
Jul-17,19705.27,3192.14,0.1932999999999999,28105,Black Desert,582660
Jun-17,16513.13,13904.64,5.3305,26474,Black Desert,582660
May-17,2608.49,-,0.0,18894,Black Desert,582660
Sep-25,12306.18,-527.47,-0.0411,34847,Hunt: Showdown 1896,594650
Aug-25,12833.65,-788.93,-0.0579,24230,Hunt: Showdown 1896,594650
Jul-25,13622.57,1154.66,0.0926,26834,Hunt: Showdown 1896,594650
Jun-25,12467.92,2189.37,0.213,34894,Hunt: Showdown 1896,594650
May-25,10278.54,-3494.03,-0.2537,23138,Hunt: Showdown 1896,594650
Apr-25,13772.57,1893.8,0.1594,28278,Hunt: Showdown 1896,594650
Mar-25,11878.76,-532.99,-0.0429,32705,Hunt: Showdown 1896,594650
Feb-25,12411.76,-2669.5,-0.177,26312,Hunt: Showdown 1896,594650
Jan-25,15081.26,388.43,0.0264,27573,Hunt: Showdown 1896,594650
Dec-24,14692.83,2253.54,0.1812,34269,Hunt: Showdown 1896,594650
Nov-24,12439.28,-1349.35,-0.0978999999999999,25356,Hunt: Showdown 1896,594650
Oct-24,13788.64,-987.41,-0.0668,29677,Hunt: Showdown 1896,594650
Sep-24,14776.05,-4765.28,-0.2439,30322,Hunt: Showdown 1896,594650
Aug-24,19541.33,6806.86,0.5345,59968,Hunt: Showdown 1896,594650
Jul-24,12734.48,-13.31,-0.001,23792,Hunt: Showdown 1896,594650
Jun-24,12747.79,41.64,0.0033,24646,Hunt: Showdown 1896,594650
May-24,12706.15,-2856.24,-0.1835,24887,Hunt: Showdown 1896,594650
Apr-24,15562.39,-3972.81,-0.2034,29882,Hunt: Showdown 1896,594650
Mar-24,19535.19,5271.84,0.3696,38606,Hunt: Showdown 1896,594650
Feb-24,14263.35,-3738.67,-0.2077,27084,Hunt: Showdown 1896,594650
Jan-24,18002.02,-1554.38,-0.0795,33129,Hunt: Showdown 1896,594650
Dec-23,19556.4,2824.3,0.1687999999999999,39732,Hunt: Showdown 1896,594650
Nov-23,16732.1,-3425.08,-0.1699,29457,Hunt: Showdown 1896,594650
Oct-23,20157.17,8779.58,0.7717,41197,Hunt: Showdown 1896,594650
Sep-23,11377.59,-4006.74,-0.2603999999999999,20692,Hunt: Showdown 1896,594650
Aug-23,15384.33,-8141.98,-0.3461,32477,Hunt: Showdown 1896,594650
Jul-23,23526.31,7447.23,0.4632,43386,Hunt: Showdown 1896,594650
Jun-23,16079.08,-1567.01,-0.0888,44527,Hunt: Showdown 1896,594650
May-23,17646.09,-1256.65,-0.0665,34302,Hunt: Showdown 1896,594650
Apr-23,18902.74,2745.8,0.1699,35937,Hunt: Showdown 1896,594650
Mar-23,16156.94,1865.5,0.1305,32653,Hunt: Showdown 1896,594650
Feb-23,14291.44,-3641.97,-0.2030999999999999,27211,Hunt: Showdown 1896,594650
Jan-23,17933.41,986.68,0.0582,31274,Hunt: Showdown 1896,594650
Dec-22,16946.73,3620.85,0.2717,36866,Hunt: Showdown 1896,594650
Nov-22,13325.87,-1514.49,-0.1021,28590,Hunt: Showdown 1896,594650
Oct-22,14840.36,303.56,0.0209,31888,Hunt: Showdown 1896,594650
Sep-22,14536.8,-2765.65,-0.1598,27247,Hunt: Showdown 1896,594650
Aug-22,17302.44,4398.53,0.3409,33508,Hunt: Showdown 1896,594650
Jul-22,12903.91,1968.17,0.18,38272,Hunt: Showdown 1896,594650
Jun-22,10935.75,-1750.56,-0.138,21253,Hunt: Showdown 1896,594650
May-22,12686.3,-2741.04,-0.1777,23074,Hunt: Showdown 1896,594650
Apr-22,15427.34,2562.97,0.1992,32029,Hunt: Showdown 1896,594650
Mar-22,12864.37,108.2,0.0085,33187,Hunt: Showdown 1896,594650
Feb-22,12756.16,-1387.01,-0.0981,24161,Hunt: Showdown 1896,594650
Jan-22,14143.18,-1232.36,-0.0802,32253,Hunt: Showdown 1896,594650
Dec-21,15375.53,2248.47,0.1712999999999999,31351,Hunt: Showdown 1896,594650
Nov-21,13127.07,1762.62,0.1551,28185,Hunt: Showdown 1896,594650
Oct-21,11364.45,-2594.64,-0.1859,29766,Hunt: Showdown 1896,594650
Sep-21,13959.09,2044.52,0.1716,30658,Hunt: Showdown 1896,594650
Aug-21,11914.58,1930.45,0.1934,34248,Hunt: Showdown 1896,594650
Jul-21,9984.13,1163.96,0.132,21287,Hunt: Showdown 1896,594650
Jun-21,8820.17,-593.47,-0.063,17715,Hunt: Showdown 1896,594650
May-21,9413.64,-5390.76,-0.3641,18632,Hunt: Showdown 1896,594650
Apr-21,14804.4,4589.82,0.4493,32579,Hunt: Showdown 1896,594650
Mar-21,10214.58,2230.03,0.2793,32288,Hunt: Showdown 1896,594650
Feb-21,7984.55,500.25,0.0668,15859,Hunt: Showdown 1896,594650
Jan-21,7484.3,280.24,0.0389,15265,Hunt: Showdown 1896,594650
Dec-20,7204.06,961.76,0.1541,15539,Hunt: Showdown 1896,594650
Nov-20,6242.3,1028.58,0.1973,16523,Hunt: Showdown 1896,594650
Oct-20,5213.72,60.28,0.0116999999999999,15063,Hunt: Showdown 1896,594650
Sep-20,5153.44,-458.75,-0.0817,10451,Hunt: Showdown 1896,594650
Aug-20,5612.19,-776.38,-0.1215,10733,Hunt: Showdown 1896,594650
Jul-20,6388.57,799.27,0.143,13842,Hunt: Showdown 1896,594650
Jun-20,5589.31,-21.07,-0.0038,12660,Hunt: Showdown 1896,594650
May-20,5610.37,-282.23,-0.0479,10746,Hunt: Showdown 1896,594650
Apr-20,5892.6,-127.15,-0.0210999999999999,12472,Hunt: Showdown 1896,594650
Mar-20,6019.75,532.01,0.0969,12856,Hunt: Showdown 1896,594650
Feb-20,5487.75,946.82,0.2085,12428,Hunt: Showdown 1896,594650
Jan-20,4540.92,4.08,0.0009,9065,Hunt: Showdown 1896,594650
Dec-19,4536.84,1626.06,0.5586,12968,Hunt: Showdown 1896,594650
Nov-19,2910.78,-658.73,-0.1845,5806,Hunt: Showdown 1896,594650
Oct-19,3569.52,-1989.73,-0.3579,7713,Hunt: Showdown 1896,594650
Sep-19,5559.25,1430.37,0.3464,13467,Hunt: Showdown 1896,594650
Aug-19,4128.88,1751.2,0.7365,11862,Hunt: Showdown 1896,594650
Jul-19,2377.68,-622.62,-0.2075,4354,Hunt: Showdown 1896,594650
Jun-19,3000.3,1224.68,0.6897,12636,Hunt: Showdown 1896,594650
May-19,1775.62,517.88,0.4118,3888,Hunt: Showdown 1896,594650
Apr-19,1257.74,-132.33,-0.0951999999999999,2663,Hunt: Showdown 1896,594650
Mar-19,1390.07,131.94,0.1049,2817,Hunt: Showdown 1896,594650
Feb-19,1258.13,-301.78,-0.1935,2657,Hunt: Showdown 1896,594650
Jan-19,1559.91,-338.29,-0.1782,3065,Hunt: Showdown 1896,594650
Dec-18,1898.2,286.32,0.1776,3960,Hunt: Showdown 1896,594650
Nov-18,1611.88,-73.13,-0.0434,3831,Hunt: Showdown 1896,594650
Oct-18,1685.02,-229.46,-0.1199,3596,Hunt: Showdown 1896,594650
Sep-18,1914.48,-1290.21,-0.4025999999999999,4236,Hunt: Showdown 1896,594650
Aug-18,3204.69,1183.13,0.5853,14003,Hunt: Showdown 1896,594650
Jul-18,2021.56,468.77,0.3019,3773,Hunt: Showdown 1896,594650
Jun-18,1552.79,525.58,0.5117,3379,Hunt: Showdown 1896,594650
May-18,1027.21,15.44,0.0153,2829,Hunt: Showdown 1896,594650
Apr-18,1011.76,-1468.22,-0.5920000000000001,2262,Hunt: Showdown 1896,594650
Mar-18,2479.98,1086.4,0.7796,8206,Hunt: Showdown 1896,594650
Feb-18,1393.58,1393.17,3360.4425,10296,Hunt: Showdown 1896,594650
Jan-18,0.41,-0.14,-0.2495,3,Hunt: Showdown 1896,594650
Dec-17,0.55,0.25,0.7992,25,Hunt: Showdown 1896,594650
Nov-17,0.31,0.28,9.4392,2,Hunt: Showdown 1896,594650
Oct-17,0.03,-,0.0,1,Hunt: Showdown 1896,594650
Sep-25,13861.81,-2708.32,-0.1634,24071,Soundpad,629520
Aug-25,16570.13,-198.39,-0.0118,24241,Soundpad,629520
Jul-25,16768.52,53.49,0.0032,24412,Soundpad,629520
Jun-25,16715.03,-814.49,-0.0465,25760,Soundpad,629520
May-25,17529.52,-1943.8,-0.0998,30014,Soundpad,629520
Apr-25,19473.32,-25.45,-0.0013,36701,Soundpad,629520
Mar-25,19498.77,5365.64,0.3796,39857,Soundpad,629520
Feb-25,14133.13,-476.11,-0.0326,22503,Soundpad,629520
Jan-25,14609.24,1629.07,0.1255,23884,Soundpad,629520
Dec-24,12980.17,453.9,0.0362,19844,Soundpad,629520
Nov-24,12526.27,231.9,0.0189,20338,Soundpad,629520
Oct-24,12294.37,-212.48,-0.017,20158,Soundpad,629520
Sep-24,12506.86,-1313.91,-0.0951,20254,Soundpad,629520
Aug-24,13820.77,851.26,0.0655999999999999,20184,Soundpad,629520
Jul-24,12969.51,264.18,0.0208,18076,Soundpad,629520
Jun-24,12705.32,275.27,0.0220999999999999,18798,Soundpad,629520
May-24,12430.05,139.37,0.0113,19450,Soundpad,629520
Apr-24,12290.68,-613.39,-0.0475,19429,Soundpad,629520
Mar-24,12904.07,56.28,0.0044,20226,Soundpad,629520
Feb-24,12847.8,-672.05,-0.0496999999999999,20152,Soundpad,629520
Jan-24,13519.85,925.66,0.0735,20939,Soundpad,629520
Dec-23,12594.19,771.43,0.0652,20077,Soundpad,629520
Nov-23,11822.76,619.75,0.0553,19152,Soundpad,629520
Oct-23,11203.01,-414.62,-0.0356999999999999,17500,Soundpad,629520
Sep-23,11617.63,-1206.77,-0.0941,18611,Soundpad,629520
Aug-23,12824.4,-133.72,-0.0103,18319,Soundpad,629520
Jul-23,12958.12,-160.89,-0.0123,17555,Soundpad,629520
Jun-23,13119.01,-205.63,-0.0154,18961,Soundpad,629520
May-23,13324.63,-981.61,-0.0686,20532,Soundpad,629520
Apr-23,14306.25,695.43,0.0511,21806,Soundpad,629520
Mar-23,13610.82,-429.34,-0.0306,21265,Soundpad,629520
Feb-23,14040.16,-68.91,-0.0049,20677,Soundpad,629520
Jan-23,14109.07,1929.16,0.1583999999999999,20509,Soundpad,629520
Dec-22,12179.91,1122.78,0.1015,18038,Soundpad,629520
Nov-22,11057.13,18.54,0.0017,16875,Soundpad,629520
Oct-22,11038.59,5.12,0.0005,16774,Soundpad,629520
Sep-22,11033.47,-441.38,-0.0385,16801,Soundpad,629520
Aug-22,11474.85,-15.49,-0.0013,16060,Soundpad,629520
Jul-22,11490.33,378.13,0.034,15210,Soundpad,629520
Jun-22,11112.21,395.62,0.0369,15764,Soundpad,629520
May-22,10716.59,-432.05,-0.0388,16310,Soundpad,629520
Apr-22,11148.64,605.03,0.0574,16716,Soundpad,629520
Mar-22,10543.61,-780.14,-0.0689,16122,Soundpad,629520
Feb-22,11323.75,76.01,0.0068,16862,Soundpad,629520
Jan-22,11247.74,1467.31,0.15,16772,Soundpad,629520
Dec-21,9780.43,267.58,0.0281,15198,Soundpad,629520
Nov-21,9512.85,658.59,0.0744,14401,Soundpad,629520
Oct-21,8854.25,-164.74,-0.0183,13077,Soundpad,629520
Sep-21,9018.99,-448.07,-0.0473,13364,Soundpad,629520
Aug-21,9467.06,575.9,0.0648,13255,Soundpad,629520
Jul-21,8891.16,-228.22,-0.025,11925,Soundpad,629520
Jun-21,9119.38,-534.7,-0.0554,12741,Soundpad,629520
May-21,9654.08,-808.22,-0.0773,15147,Soundpad,629520
Apr-21,10462.3,337.24,0.0333,15308,Soundpad,629520
Mar-21,10125.06,292.77,0.0298,15036,Soundpad,629520
Feb-21,9832.29,415.4,0.0441,14403,Soundpad,629520
Jan-21,9416.89,1524.19,0.1931,13883,Soundpad,629520
Dec-20,7892.7,111.9,0.0144,11216,Soundpad,629520
Nov-20,7780.8,669.42,0.0941,10900,Soundpad,629520
Oct-20,7111.38,637.6,0.0984999999999999,10486,Soundpad,629520
Sep-20,6473.79,136.96,0.0216,9388,Soundpad,629520
Aug-20,6336.83,157.89,0.0256,8783,Soundpad,629520
Jul-20,6178.94,100.43,0.0165,8800,Soundpad,629520
Jun-20,6078.51,-141.56,-0.0227999999999999,8573,Soundpad,629520
May-20,6220.07,81.17,0.0132,8967,Soundpad,629520
Apr-20,6138.9,2197.65,0.5576,8878,Soundpad,629520
Mar-20,3941.25,830.11,0.2668,6847,Soundpad,629520
Feb-20,3111.14,280.54,0.0991,4773,Soundpad,629520
Jan-20,2830.59,472.29,0.2003,4407,Soundpad,629520
Dec-19,2358.31,142.32,0.0642,3600,Soundpad,629520
Nov-19,2215.99,98.51,0.0465,3465,Soundpad,629520
Oct-19,2117.48,44.02,0.0212,3402,Soundpad,629520
Sep-19,2073.45,-122.82,-0.0559,3372,Soundpad,629520
Aug-19,2196.27,321.24,0.1712999999999999,3326,Soundpad,629520
Jul-19,1875.03,338.98,0.2207,2744,Soundpad,629520
Jun-19,1536.05,248.17,0.1926999999999999,2320,Soundpad,629520
May-19,1287.88,115.67,0.0987,2015,Soundpad,629520
Apr-19,1172.21,50.75,0.0453,1954,Soundpad,629520
Mar-19,1121.46,108.47,0.1071,1739,Soundpad,629520
Feb-19,1012.99,97.88,0.107,1547,Soundpad,629520
Jan-19,915.1,192.57,0.2664999999999999,1500,Soundpad,629520
Dec-18,722.53,101.34,0.1631,1155,Soundpad,629520
Nov-18,621.2,55.72,0.0984999999999999,986,Soundpad,629520
Oct-18,565.48,111.12,0.2446,912,Soundpad,629520
Sep-18,454.36,30.18,0.0711,868,Soundpad,629520
Aug-18,424.19,37.95,0.0982,648,Soundpad,629520
Jul-18,386.24,75.16,0.2416,588,Soundpad,629520
Jun-18,311.08,14.56,0.0491,517,Soundpad,629520
May-18,296.52,11.44,0.0401,496,Soundpad,629520
Apr-18,285.08,34.75,0.1388,503,Soundpad,629520
Mar-18,250.33,79.56,0.4659,448,Soundpad,629520
Feb-18,170.77,73.75,0.7602,352,Soundpad,629520
Jan-18,97.01,65.68,2.0959,212,Soundpad,629520
Dec-17,31.34,15.04,0.9226,79,Soundpad,629520
Nov-17,16.3,6.51,0.6652,41,Soundpad,629520
Oct-17,9.79,-,0.0,28,Soundpad,629520
Sep-25,6462.76,-527.12,-0.0754,13654,Risk of Rain 2,632360
Aug-25,6989.88,-266.1,-0.0366999999999999,14902,Risk of Rain 2,632360
Jul-25,7255.97,104.81,0.0147,11524,Risk of Rain 2,632360
Jun-25,7151.16,-3369.92,-0.3203,12610,Risk of Rain 2,632360
May-25,10521.08,4089.09,0.6357,18254,Risk of Rain 2,632360
Apr-25,6431.99,88.54,0.0139999999999999,10687,Risk of Rain 2,632360
Mar-25,6343.45,-1167.74,-0.1555,10785,Risk of Rain 2,632360
Feb-25,7511.19,1279,0.2052,13434,Risk of Rain 2,632360
Jan-25,6232.19,-633.49,-0.0923,10836,Risk of Rain 2,632360
Dec-24,6865.68,556.59,0.0882,10101,Risk of Rain 2,632360
Nov-24,6309.09,162.85,0.0265,9877,Risk of Rain 2,632360
Oct-24,6146.25,-7886.46,-0.562,10677,Risk of Rain 2,632360
Sep-24,14032.71,3101.24,0.2837,33788,Risk of Rain 2,632360
Aug-24,10931.47,1971.93,0.2201,74945,Risk of Rain 2,632360
Jul-24,8959.53,-190.68,-0.0208,16360,Risk of Rain 2,632360
Jun-24,9150.21,869.5,0.105,20152,Risk of Rain 2,632360
May-24,8280.71,1132.34,0.1583999999999999,19501,Risk of Rain 2,632360
Apr-24,7148.37,591.48,0.0902,13617,Risk of Rain 2,632360
Mar-24,6556.89,-252.78,-0.0371,10948,Risk of Rain 2,632360
Feb-24,6809.68,-1664.82,-0.1964999999999999,11546,Risk of Rain 2,632360
Jan-24,8474.49,-1218.49,-0.1257,15819,Risk of Rain 2,632360
Dec-23,9692.99,-1023.45,-0.0955,18103,Risk of Rain 2,632360
Nov-23,10716.43,4645.02,0.7651,19600,Risk of Rain 2,632360
Oct-23,6071.41,357.57,0.0626,10172,Risk of Rain 2,632360
Sep-23,5713.85,-889.33,-0.1347,8967,Risk of Rain 2,632360
Aug-23,6603.17,-3356.94,-0.337,10657,Risk of Rain 2,632360
Jul-23,9960.12,3109.45,0.4539,14860,Risk of Rain 2,632360
Jun-23,6850.66,876.8,0.1467999999999999,13458,Risk of Rain 2,632360
May-23,5973.86,-1202.51,-0.1676,9411,Risk of Rain 2,632360
Apr-23,7176.37,-157.54,-0.0215,11164,Risk of Rain 2,632360
Mar-23,7333.91,-667.92,-0.0834999999999999,12741,Risk of Rain 2,632360
Feb-23,8001.83,-2213.45,-0.2167,13406,Risk of Rain 2,632360
Jan-23,10215.28,2471.95,0.3192,15294,Risk of Rain 2,632360
Dec-22,7743.33,97.87,0.0128,13857,Risk of Rain 2,632360
Nov-22,7645.46,1893.86,0.3293,13480,Risk of Rain 2,632360
Oct-22,5751.6,-1432.65,-0.1994,9088,Risk of Rain 2,632360
Sep-22,7184.25,480.42,0.0717,12553,Risk of Rain 2,632360
Aug-22,6703.83,-2238.31,-0.2503,9922,Risk of Rain 2,632360
Jul-22,8942.15,-762.97,-0.0786,13551,Risk of Rain 2,632360
Jun-22,9705.12,898.4,0.102,18109,Risk of Rain 2,632360
May-22,8806.72,-4444.85,-0.3354,15205,Risk of Rain 2,632360
Apr-22,13251.57,-14903.09,-0.5293,23506,Risk of Rain 2,632360
Mar-22,28154.67,19816.19,2.3765,70761,Risk of Rain 2,632360
Feb-22,8338.47,186.58,0.0229,14531,Risk of Rain 2,632360
Jan-22,8151.9,1737.67,0.2709,14096,Risk of Rain 2,632360
Dec-21,6414.23,-101.67,-0.0156,12173,Risk of Rain 2,632360
Nov-21,6515.9,1924.87,0.4193,12143,Risk of Rain 2,632360
Oct-21,4591.02,-503.11,-0.0988,7302,Risk of Rain 2,632360
Sep-21,5094.13,-505.54,-0.0902999999999999,8390,Risk of Rain 2,632360
Aug-21,5599.67,-1248.03,-0.1823,8533,Risk of Rain 2,632360
Jul-21,6847.7,1253.8,0.2241,11061,Risk of Rain 2,632360
Jun-21,5593.9,-717.41,-0.1137,9743,Risk of Rain 2,632360
May-21,6311.31,-5103.65,-0.4471,10286,Risk of Rain 2,632360
Apr-21,11414.96,1557.35,0.158,25375,Risk of Rain 2,632360
Mar-21,9857.61,4706.15,0.9136,55559,Risk of Rain 2,632360
Feb-21,5151.47,-1969.41,-0.2766,8037,Risk of Rain 2,632360
Jan-21,7120.88,1823.83,0.3443,12044,Risk of Rain 2,632360
Dec-20,5297.05,69.37,0.0133,10075,Risk of Rain 2,632360
Nov-20,5227.68,-363.95,-0.0650999999999999,8984,Risk of Rain 2,632360
Oct-20,5591.63,-7286.15,-0.5658,9952,Risk of Rain 2,632360
Sep-20,12877.78,-12372.17,-0.49,24530,Risk of Rain 2,632360
Aug-20,25249.95,20718.12,4.5717,71033,Risk of Rain 2,632360
Jul-20,4531.83,947.1,0.2642,6344,Risk of Rain 2,632360
Jun-20,3584.73,-2017.2,-0.3601,5839,Risk of Rain 2,632360
May-20,5601.93,-12828.72,-0.6960999999999999,10349,Risk of Rain 2,632360
Apr-20,18430.64,13077.21,2.4428,64501,Risk of Rain 2,632360
Mar-20,5353.44,-292.48,-0.0518,38104,Risk of Rain 2,632360
Feb-20,5645.91,-2107.93,-0.2719,9544,Risk of Rain 2,632360
Jan-20,7753.84,581.65,0.0810999999999999,15061,Risk of Rain 2,632360
Dec-19,7172.19,4453.99,1.6386,21395,Risk of Rain 2,632360
Nov-19,2718.21,-1753.6,-0.3921,4420,Risk of Rain 2,632360
Oct-19,4471.81,-2039.12,-0.3132,8592,Risk of Rain 2,632360
Sep-19,6510.93,3496.29,1.1598,22317,Risk of Rain 2,632360
Aug-19,3014.64,-1476.81,-0.3288,4946,Risk of Rain 2,632360
Jul-19,4491.45,-712.81,-0.1369999999999999,9032,Risk of Rain 2,632360
Jun-19,5204.26,-2900.75,-0.3579,23817,Risk of Rain 2,632360
May-19,8105.01,-13301.82,-0.6214,17593,Risk of Rain 2,632360
Apr-19,21406.83,-,0.0,54085,Risk of Rain 2,632360
Sep-25,11632.3,481.74,0.0432,20140,Slay the Spire,646570
Aug-25,11150.56,-1616.28,-0.1266,17917,Slay the Spire,646570
Jul-25,12766.85,-511.48,-0.0385,21256,Slay the Spire,646570
Jun-25,13278.33,779.54,0.0624,23232,Slay the Spire,646570
May-25,12498.79,-564.48,-0.0432,22064,Slay the Spire,646570
Apr-25,13063.27,-1175.63,-0.0825999999999999,23372,Slay the Spire,646570
Mar-25,14238.9,1588.51,0.1256,24256,Slay the Spire,646570
Feb-25,12650.39,-1153.04,-0.0834999999999999,18055,Slay the Spire,646570
Jan-25,13803.43,930.87,0.0723,20696,Slay the Spire,646570
Dec-24,12872.57,1447.43,0.1267,20921,Slay the Spire,646570
Nov-24,11425.14,65.03,0.0056999999999999,19011,Slay the Spire,646570
Oct-24,11360.11,-1583.21,-0.1223,19825,Slay the Spire,646570
Sep-24,12943.32,305.56,0.0242,21621,Slay the Spire,646570
Aug-24,12637.76,-372.28,-0.0286,20002,Slay the Spire,646570
Jul-24,13010.04,1283.13,0.1094,19462,Slay the Spire,646570
Jun-24,11726.91,-1113.91,-0.0867,20706,Slay the Spire,646570
May-24,12840.82,-1208.35,-0.086,21186,Slay the Spire,646570
Apr-24,14049.17,2324.08,0.1982,31221,Slay the Spire,646570
Mar-24,11725.09,1787.72,0.1798999999999999,20631,Slay the Spire,646570
Feb-24,9937.37,-746.17,-0.0698,15256,Slay the Spire,646570
Jan-24,10683.54,552.15,0.0545,16383,Slay the Spire,646570
Dec-23,10131.39,-325.94,-0.0312,15450,Slay the Spire,646570
Nov-23,10457.33,431.97,0.0431,18760,Slay the Spire,646570
Oct-23,10025.36,-62.89,-0.0062,18812,Slay the Spire,646570
Sep-23,10088.25,1307.62,0.1489,18551,Slay the Spire,646570
Aug-23,8780.63,-552.83,-0.0592,15058,Slay the Spire,646570
Jul-23,9333.46,2394.54,0.3450999999999999,14646,Slay the Spire,646570
Jun-23,6938.92,-926.71,-0.1177999999999999,11866,Slay the Spire,646570
May-23,7865.64,-1951.1,-0.1987999999999999,12617,Slay the Spire,646570
Apr-23,9816.74,63.44,0.0065,16630,Slay the Spire,646570
Mar-23,9753.29,1348.4,0.1604,18812,Slay the Spire,646570
Feb-23,8404.89,-1381.14,-0.1411,11835,Slay the Spire,646570
Jan-23,9786.04,258.74,0.0272,14255,Slay the Spire,646570
Dec-22,9527.29,-775.02,-0.0751999999999999,18748,Slay the Spire,646570
Nov-22,10302.32,3209.71,0.4525,19314,Slay the Spire,646570
Oct-22,7092.6,-28.03,-0.0039,10043,Slay the Spire,646570
Sep-22,7120.63,-640.33,-0.0825,10495,Slay the Spire,646570
Aug-22,7760.97,-2048.74,-0.2087999999999999,11010,Slay the Spire,646570
Jul-22,9809.7,1701.15,0.2098,16576,Slay the Spire,646570
Jun-22,8108.56,-2049.14,-0.2017,15401,Slay the Spire,646570
May-22,10157.7,1841.79,0.2214999999999999,18918,Slay the Spire,646570
Apr-22,8315.9,1444.39,0.2102,11555,Slay the Spire,646570
Mar-22,6871.52,454.48,0.0708,10695,Slay the Spire,646570
Feb-22,6417.04,-1849.79,-0.2238,8485,Slay the Spire,646570
Jan-22,8266.83,763.16,0.1017,11903,Slay the Spire,646570
Dec-21,7503.67,738.07,0.1091,11087,Slay the Spire,646570
Nov-21,6765.6,-389.82,-0.0545,11044,Slay the Spire,646570
Oct-21,7155.42,476.91,0.0713999999999999,13759,Slay the Spire,646570
Sep-21,6678.51,-856.87,-0.1137,9160,Slay the Spire,646570
Aug-21,7535.38,405.54,0.0569,10843,Slay the Spire,646570
Jul-21,7129.84,1166.59,0.1956,10831,Slay the Spire,646570
Jun-21,5963.25,502.73,0.0921,10381,Slay the Spire,646570
May-21,5460.52,3.98,0.0007,7222,Slay the Spire,646570
Apr-21,5456.54,-863.2,-0.1366,7304,Slay the Spire,646570
Mar-21,6319.74,-1156.22,-0.1547,8773,Slay the Spire,646570
Feb-21,7475.97,-628.48,-0.0775,10380,Slay the Spire,646570
Jan-21,8104.45,825.23,0.1134,11077,Slay the Spire,646570
Dec-20,7279.22,1139.61,0.1856,10297,Slay the Spire,646570
Nov-20,6139.61,430.8,0.0755,9696,Slay the Spire,646570
Oct-20,5708.81,204.06,0.0371,10695,Slay the Spire,646570
Sep-20,5504.75,-1021.79,-0.1566,7895,Slay the Spire,646570
Aug-20,6526.54,-30.56,-0.0046999999999999,9584,Slay the Spire,646570
Jul-20,6557.11,1033.45,0.1871,9621,Slay the Spire,646570
Jun-20,5523.65,-714.34,-0.1144999999999999,9030,Slay the Spire,646570
May-20,6238.0,-850.59,-0.12,7994,Slay the Spire,646570
Apr-20,7088.58,-901.54,-0.1128,14267,Slay the Spire,646570
Mar-20,7990.12,-1524.92,-0.1603,10626,Slay the Spire,646570
Feb-20,9515.04,-1404.44,-0.1286,13209,Slay the Spire,646570
Jan-20,10919.48,4995.31,0.8432,20383,Slay the Spire,646570
Dec-19,5924.18,952.39,0.1916,10057,Slay the Spire,646570
Nov-19,4971.79,-498.15,-0.0911,7128,Slay the Spire,646570
Oct-19,5469.94,-856.31,-0.1354,7864,Slay the Spire,646570
Sep-19,6326.25,249.93,0.0411,9434,Slay the Spire,646570
Aug-19,6076.32,-510.84,-0.0776,10357,Slay the Spire,646570
Jul-19,6587.16,1376.12,0.2641,11521,Slay the Spire,646570
Jun-19,5211.04,-83.61,-0.0158,9508,Slay the Spire,646570
May-19,5294.65,-172.64,-0.0316,7471,Slay the Spire,646570
Apr-19,5467.29,-1422.06,-0.2064,7816,Slay the Spire,646570
Mar-19,6889.35,-1448.25,-0.1737,10303,Slay the Spire,646570
Feb-19,8337.6,-2068.99,-0.1987999999999999,12407,Slay the Spire,646570
Jan-19,10406.59,2128.45,0.2571,14586,Slay the Spire,646570
Dec-18,8278.15,358.59,0.0453,12365,Slay the Spire,646570
Nov-18,7919.56,1169,0.1732,12647,Slay the Spire,646570
Oct-18,6750.57,-167.76,-0.0242,9572,Slay the Spire,646570
Sep-18,6918.33,-12.19,-0.0018,10323,Slay the Spire,646570
Aug-18,6930.52,-4696.65,-0.4039,11015,Slay the Spire,646570
Jul-18,11627.16,894.03,0.0833,21643,Slay the Spire,646570
Jun-18,10733.13,610.6,0.0603,18758,Slay the Spire,646570
May-18,10122.53,-232.09,-0.0224,17216,Slay the Spire,646570
Apr-18,10354.62,-3548,-0.2552,20163,Slay the Spire,646570
Mar-18,13902.62,-5321.67,-0.2768,25018,Slay the Spire,646570
Feb-18,19224.29,9551.09,0.9874,32937,Slay the Spire,646570
Jan-18,9673.2,8435.71,6.8168,19513,Slay the Spire,646570
Dec-17,1237.48,1170.7,17.5313,3189,Slay the Spire,646570
Nov-17,66.78,66.38,165.7204,186,Slay the Spire,646570
Oct-17,0.4,0.35,6.9165,4,Slay the Spire,646570
Sep-17,0.05,-0.02,-0.3076,2,Slay the Spire,646570
Jul-17,0.07,0,-0.0392,2,Slay the Spire,646570
Jun-17,0.08,-,0.0,2,Slay the Spire,646570
Sep-25,5526.16,-1347.66,-0.1961,11821,Raft,648800
Aug-25,6873.82,-2073.42,-0.2317,13080,Raft,648800
Jul-25,8947.24,1631.44,0.223,20306,Raft,648800
Jun-25,7315.8,732.59,0.1113,20617,Raft,648800
May-25,6583.22,163.52,0.0255,13196,Raft,648800
Apr-25,6419.69,-2108.03,-0.2471999999999999,13312,Raft,648800
Mar-25,8527.73,810.07,0.105,23500,Raft,648800
Feb-25,7717.65,-1626.07,-0.174,15011,Raft,648800
Jan-25,9343.73,-261.51,-0.0272,19897,Raft,648800
Dec-24,9605.24,3621.45,0.6052000000000001,22963,Raft,648800
Nov-24,5983.79,205.12,0.0355,21442,Raft,648800
Oct-24,5778.67,81.3,0.0143,12126,Raft,648800
Sep-24,5697.36,-729.6,-0.1134999999999999,12195,Raft,648800
Aug-24,6426.96,-1907.45,-0.2289,12106,Raft,648800
Jul-24,8334.4,1062.94,0.1462,17997,Raft,648800
Jun-24,7271.47,-4441.12,-0.3792,17293,Raft,648800
May-24,11712.58,5800.16,0.981,40621,Raft,648800
Apr-24,5912.43,-1089.97,-0.1557,12044,Raft,648800
Mar-24,7002.4,1281.75,0.2241,18142,Raft,648800
Feb-24,5720.65,-2842.62,-0.332,11508,Raft,648800
Jan-24,8563.27,135.76,0.0161,19003,Raft,648800
Dec-23,8427.51,790.66,0.1035,18715,Raft,648800
Nov-23,7636.85,1180.25,0.1828,25167,Raft,648800
Oct-23,6456.6,-229.69,-0.0344,13656,Raft,648800
Sep-23,6686.29,-1485.39,-0.1818,13949,Raft,648800
Aug-23,8171.68,-4334.88,-0.3465999999999999,15162,Raft,648800
Jul-23,12506.56,5046.56,0.6765000000000001,26332,Raft,648800
Jun-23,7460.0,473.11,0.0677,16144,Raft,648800
May-23,6986.89,-180.03,-0.0250999999999999,13444,Raft,648800
Apr-23,7166.92,-146.47,-0.02,13519,Raft,648800
Mar-23,7313.39,-2106.6,-0.2236,15039,Raft,648800
Feb-23,9419.99,-6911.98,-0.4232,19236,Raft,648800
Jan-23,16331.97,4307.84,0.3583,33779,Raft,648800
Dec-22,12024.13,3217.44,0.3653,26135,Raft,648800
Nov-22,8806.69,1258.77,0.1668,27860,Raft,648800
Oct-22,7547.92,-2510.76,-0.2496,16129,Raft,648800
Sep-22,10058.68,-8525.77,-0.4588,22667,Raft,648800
Aug-22,18584.45,-16631.17,-0.4722999999999999,39286,Raft,648800
Jul-22,35215.62,12282.5,0.5356000000000001,81457,Raft,648800
Jun-22,22933.12,16455.47,2.5403,100474,Raft,648800
May-22,6477.65,142.16,0.0224,13074,Raft,648800
Apr-22,6335.49,166.4,0.027,13444,Raft,648800
Mar-22,6169.09,-1591.1,-0.205,12672,Raft,648800
Feb-22,7760.19,-1299.16,-0.1434,17870,Raft,648800
Jan-22,9059.35,2463.96,0.3736,19102,Raft,648800
Dec-21,6595.39,1079.24,0.1957,14642,Raft,648800
Nov-21,5516.15,-130.85,-0.0232,14996,Raft,648800
Oct-21,5647.01,626.38,0.1248,19392,Raft,648800
Sep-21,5020.62,-1166.82,-0.1886,10391,Raft,648800
Aug-21,6187.44,-3404.34,-0.3549,10734,Raft,648800
Jul-21,9591.78,1277.77,0.1537,24048,Raft,648800
Jun-21,8314.01,3106.25,0.5965,26323,Raft,648800
May-21,5207.76,617.59,0.1344999999999999,17479,Raft,648800
Apr-21,4590.17,-474.06,-0.0935999999999999,7889,Raft,648800
Mar-21,5064.22,-3024.94,-0.3739,8847,Raft,648800
Feb-21,8089.17,-4909.04,-0.3777,18015,Raft,648800
Jan-21,12998.21,1684.45,0.1489,30747,Raft,648800
Dec-20,11313.76,2722.05,0.3167999999999999,30391,Raft,648800
Nov-20,8591.71,-3576.69,-0.2939,22023,Raft,648800
Oct-20,12168.4,9713.15,3.9561,41946,Raft,648800
Sep-20,2455.26,-936.17,-0.276,4681,Raft,648800
Aug-20,3391.43,-1888.48,-0.3577,6121,Raft,648800
Jul-20,5279.91,972.06,0.2256,11495,Raft,648800
Jun-20,4307.84,89.43,0.0212,11197,Raft,648800
May-20,4218.42,171.4,0.0424,7386,Raft,648800
Apr-20,4047.02,-253.33,-0.0588999999999999,10319,Raft,648800
Mar-20,4300.35,-423.51,-0.0897,8907,Raft,648800
Feb-20,4723.86,-871.95,-0.1558,11912,Raft,648800
Jan-20,5595.81,-2412.35,-0.3012,15164,Raft,648800
Dec-19,8008.16,6540.7,4.4572,16568,Raft,648800
Nov-19,1467.46,238.17,0.1937,5196,Raft,648800
Oct-19,1229.29,-86.75,-0.0659,2730,Raft,648800
Sep-19,1316.04,-295.56,-0.1834,2755,Raft,648800
Aug-19,1611.6,-803.85,-0.3328,3195,Raft,648800
Jul-19,2415.45,256.46,0.1188,5881,Raft,648800
Jun-19,2158.99,793.19,0.5808,5157,Raft,648800
May-19,1365.8,186.21,0.1578999999999999,2738,Raft,648800
Apr-19,1179.59,-177.6,-0.1309,2697,Raft,648800
Mar-19,1357.19,-211.86,-0.135,2751,Raft,648800
Feb-19,1569.05,-533.76,-0.2537999999999999,3353,Raft,648800
Jan-19,2102.82,585.84,0.3862,6335,Raft,648800
Dec-18,1516.97,395.57,0.3527,3286,Raft,648800
Nov-18,1121.4,6.42,0.0058,2368,Raft,648800
Oct-18,1114.99,407.02,0.5749,2875,Raft,648800
Sep-18,707.96,-451.31,-0.3893,1556,Raft,648800
Aug-18,1159.27,-897.91,-0.4365,2286,Raft,648800
Jul-18,2057.19,-3785.87,-0.6479,3687,Raft,648800
Jun-18,5843.05,-5240.81,-0.4728,17958,Raft,648800
May-18,11083.86,11083.54,34451.7868,18889,Raft,648800
Mar-18,0.32,-0.34,-0.5171,3,Raft,648800
Feb-18,0.67,0.25,0.5882000000000001,8,Raft,648800
Jan-18,0.42,0.13,0.4402,5,Raft,648800
Dec-17,0.29,-0.09,-0.2375,9,Raft,648800
Nov-17,0.38,0.13,0.5367999999999999,4,Raft,648800
Oct-17,0.25,0.01,0.0435,3,Raft,648800
Sep-17,0.24,-,0.0,3,Raft,648800
Sep-25,3644.93,-126.73,-0.0336,7692,Hell Let Loose,686810
Aug-25,3771.67,129.14,0.0355,9284,Hell Let Loose,686810
Jul-25,3642.52,-494.67,-0.1196,8055,Hell Let Loose,686810
Jun-25,4137.19,-33.14,-0.0079,9163,Hell Let Loose,686810
May-25,4170.33,-639.88,-0.133,9701,Hell Let Loose,686810
Apr-25,4810.22,-807.87,-0.1438,11355,Hell Let Loose,686810
Mar-25,5618.09,-1334.77,-0.192,12824,Hell Let Loose,686810
Feb-25,6952.86,-2239.97,-0.2437,17425,Hell Let Loose,686810
Jan-25,9192.83,4623.66,1.0119,21086,Hell Let Loose,686810
Dec-24,4569.17,-48.49,-0.0105,9833,Hell Let Loose,686810
Nov-24,4617.65,316.72,0.0736,9385,Hell Let Loose,686810
Oct-24,4300.93,-36.75,-0.0085,9082,Hell Let Loose,686810
Sep-24,4337.68,-368.69,-0.0783,8542,Hell Let Loose,686810
Aug-24,4706.37,-90.59,-0.0189,9253,Hell Let Loose,686810
Jul-24,4796.97,-621.4,-0.1147,9466,Hell Let Loose,686810
Jun-24,5418.37,731.34,0.156,14207,Hell Let Loose,686810
May-24,4687.03,-383.29,-0.0756,10259,Hell Let Loose,686810
Apr-24,5070.31,-910.63,-0.1523,10481,Hell Let Loose,686810
Mar-24,5980.94,-1582.64,-0.2092,12608,Hell Let Loose,686810
Feb-24,7563.58,275.64,0.0378,16401,Hell Let Loose,686810
Jan-24,7287.94,1699.45,0.3041,15893,Hell Let Loose,686810
Dec-23,5588.49,932.63,0.2003,15302,Hell Let Loose,686810
Nov-23,4655.86,129.38,0.0286,10001,Hell Let Loose,686810
Oct-23,4526.49,345.26,0.0825999999999999,9414,Hell Let Loose,686810
Sep-23,4181.23,-38.71,-0.0092,7923,Hell Let Loose,686810
Aug-23,4219.94,-309.04,-0.0682,8227,Hell Let Loose,686810
Jul-23,4528.98,-1387.14,-0.2345,8304,Hell Let Loose,686810
Jun-23,5916.12,-1518.58,-0.2043,13554,Hell Let Loose,686810
May-23,7434.7,1047.42,0.1639999999999999,17357,Hell Let Loose,686810
Apr-23,6387.28,615.08,0.1066,12559,Hell Let Loose,686810
Mar-23,5772.21,437.03,0.0819,11646,Hell Let Loose,686810
Feb-23,5335.18,-774.7,-0.1268,10724,Hell Let Loose,686810
Jan-23,6109.88,-723.2,-0.1058,11365,Hell Let Loose,686810
Dec-22,6833.07,1794.93,0.3563,14305,Hell Let Loose,686810
Nov-22,5038.14,-204.08,-0.0389,9942,Hell Let Loose,686810
Oct-22,5242.22,-392.68,-0.0697,9810,Hell Let Loose,686810
Sep-22,5634.9,-761.43,-0.119,10832,Hell Let Loose,686810
Aug-22,6396.33,-278.37,-0.0417,12006,Hell Let Loose,686810
Jul-22,6674.71,1395.2,0.2643,18280,Hell Let Loose,686810
Jun-22,5279.51,-577.1,-0.0984999999999999,9337,Hell Let Loose,686810
May-22,5856.61,-457.91,-0.0725,10486,Hell Let Loose,686810
Apr-22,6314.52,596.54,0.1043,12416,Hell Let Loose,686810
Mar-22,5717.99,-508.09,-0.0816,10439,Hell Let Loose,686810
Feb-22,6226.07,356.55,0.0607,11457,Hell Let Loose,686810
Jan-22,5869.52,1156.83,0.2455,11260,Hell Let Loose,686810
Dec-21,4712.69,737.98,0.1857,9537,Hell Let Loose,686810
Nov-21,3974.71,-297.67,-0.0697,8053,Hell Let Loose,686810
Oct-21,4272.38,264.91,0.0661,8247,Hell Let Loose,686810
Sep-21,4007.47,-850.29,-0.175,8558,Hell Let Loose,686810
Aug-21,4857.76,1253.48,0.3478,11714,Hell Let Loose,686810
Jul-21,3604.28,988.26,0.3778,13865,Hell Let Loose,686810
Jun-21,2616.02,-634.32,-0.1951999999999999,6296,Hell Let Loose,686810
May-21,3250.35,-516.14,-0.1369999999999999,7047,Hell Let Loose,686810
Apr-21,3766.48,169.4,0.0471,8318,Hell Let Loose,686810
Mar-21,3597.08,-150.15,-0.0401,13323,Hell Let Loose,686810
Feb-21,3747.24,-42.33,-0.0112,6740,Hell Let Loose,686810
Jan-21,3789.56,810.33,0.272,7002,Hell Let Loose,686810
Dec-20,2979.23,685.34,0.2988,8105,Hell Let Loose,686810
Nov-20,2293.89,338.03,0.1728,5424,Hell Let Loose,686810
Oct-20,1955.86,-212.98,-0.0982,4813,Hell Let Loose,686810
Sep-20,2168.84,-640.9,-0.2281,4566,Hell Let Loose,686810
Aug-20,2809.74,-24.53,-0.0087,5945,Hell Let Loose,686810
Jul-20,2834.26,1575.23,1.2511,12034,Hell Let Loose,686810
Jun-20,1259.04,-177.1,-0.1233,2997,Hell Let Loose,686810
May-20,1436.14,328.83,0.297,3487,Hell Let Loose,686810
Apr-20,1107.31,16.83,0.0154,3746,Hell Let Loose,686810
Mar-20,1090.48,-33.78,-0.03,2544,Hell Let Loose,686810
Feb-20,1124.26,-83.16,-0.0689,2833,Hell Let Loose,686810
Jan-20,1207.42,77.79,0.0689,3021,Hell Let Loose,686810
Dec-19,1129.63,137.72,0.1388,2890,Hell Let Loose,686810
Nov-19,991.91,-875.2,-0.4686999999999999,2621,Hell Let Loose,686810
Oct-19,1867.11,1342.72,2.5605,11023,Hell Let Loose,686810
Sep-19,524.39,-20.73,-0.038,1499,Hell Let Loose,686810
Aug-19,545.12,-285.41,-0.3436999999999999,1419,Hell Let Loose,686810
Jul-19,830.53,-770.3,-0.4811999999999999,2076,Hell Let Loose,686810
Jun-19,1600.83,-,0.0,4048,Hell Let Loose,686810
Sep-25,3909.77,-2334.66,-0.3739,9187,SCP: Secret Laboratory,700330
Aug-25,6244.43,588.98,0.1041,10093,SCP: Secret Laboratory,700330
Jul-25,5655.45,998.85,0.2145,9800,SCP: Secret Laboratory,700330
Jun-25,4656.6,-20.54,-0.0044,7991,SCP: Secret Laboratory,700330
May-25,4677.14,514.79,0.1236999999999999,8801,SCP: Secret Laboratory,700330
Apr-25,4162.35,237,0.0604,7918,SCP: Secret Laboratory,700330
Mar-25,3925.35,-595.93,-0.1318,7586,SCP: Secret Laboratory,700330
Feb-25,4521.29,-137.37,-0.0295,8352,SCP: Secret Laboratory,700330
Jan-25,4658.66,281.19,0.0642,8212,SCP: Secret Laboratory,700330
Dec-24,4377.47,-286.41,-0.0613999999999999,8160,SCP: Secret Laboratory,700330
Nov-24,4663.88,-249.4,-0.0508,9070,SCP: Secret Laboratory,700330
Oct-24,4913.28,230.96,0.0493,10251,SCP: Secret Laboratory,700330
Sep-24,4682.32,-1735.21,-0.2704,9294,SCP: Secret Laboratory,700330
Aug-24,6417.53,731.14,0.1286,9776,SCP: Secret Laboratory,700330
Jul-24,5686.39,147.44,0.0266,9079,SCP: Secret Laboratory,700330
Jun-24,5538.95,573.92,0.1156,10260,SCP: Secret Laboratory,700330
May-24,4965.03,377.93,0.0824,9691,SCP: Secret Laboratory,700330
Apr-24,4587.1,-532.09,-0.1039,9154,SCP: Secret Laboratory,700330
Mar-24,5119.19,-959.55,-0.1578999999999999,10376,SCP: Secret Laboratory,700330
Feb-24,6078.74,24.85,0.0040999999999999,10984,SCP: Secret Laboratory,700330
Jan-24,6053.89,565.78,0.1031,10950,SCP: Secret Laboratory,700330
Dec-23,5488.11,193,0.0364,11144,SCP: Secret Laboratory,700330
Nov-23,5295.11,-282.66,-0.0507,11104,SCP: Secret Laboratory,700330
Oct-23,5577.77,224.86,0.042,13662,SCP: Secret Laboratory,700330
Sep-23,5352.91,-1452.89,-0.2135,11350,SCP: Secret Laboratory,700330
Aug-23,6805.8,340.84,0.0527,10171,SCP: Secret Laboratory,700330
Jul-23,6464.97,619.52,0.106,9578,SCP: Secret Laboratory,700330
Jun-23,5845.44,1145.85,0.2438,9263,SCP: Secret Laboratory,700330
May-23,4699.59,504.03,0.1201,8200,SCP: Secret Laboratory,700330
Apr-23,4195.56,310.03,0.0798,7367,SCP: Secret Laboratory,700330
Mar-23,3885.53,-492.64,-0.1125,7069,SCP: Secret Laboratory,700330
Feb-23,4378.17,-378,-0.0795,8042,SCP: Secret Laboratory,700330
Jan-23,4756.16,1055.18,0.2851,8215,SCP: Secret Laboratory,700330
Dec-22,3700.98,1295.63,0.5386,7382,SCP: Secret Laboratory,700330
Nov-22,2405.35,-211.07,-0.0807,4650,SCP: Secret Laboratory,700330
Oct-22,2616.43,205.37,0.0852,5015,SCP: Secret Laboratory,700330
Sep-22,2411.06,-941.88,-0.2809,4753,SCP: Secret Laboratory,700330
Aug-22,3352.94,208.42,0.0663,5145,SCP: Secret Laboratory,700330
Jul-22,3144.51,312.21,0.1101999999999999,4554,SCP: Secret Laboratory,700330
Jun-22,2832.3,245.35,0.0948,4248,SCP: Secret Laboratory,700330
May-22,2586.95,-138.61,-0.0509,4458,SCP: Secret Laboratory,700330
Apr-22,2725.56,252.38,0.102,4816,SCP: Secret Laboratory,700330
Mar-22,2473.18,-341.57,-0.1214,4271,SCP: Secret Laboratory,700330
Feb-22,2814.75,-220.85,-0.0728,4398,SCP: Secret Laboratory,700330
Jan-22,3035.6,166.82,0.0581,4749,SCP: Secret Laboratory,700330
Dec-21,2868.78,109.41,0.0397,4805,SCP: Secret Laboratory,700330
Nov-21,2759.37,-825.09,-0.2302,5117,SCP: Secret Laboratory,700330
Oct-21,3584.46,311.98,0.0953,7038,SCP: Secret Laboratory,700330
Sep-21,3272.48,-1712.39,-0.3435,5954,SCP: Secret Laboratory,700330
Aug-21,4984.88,968.86,0.2412,11109,SCP: Secret Laboratory,700330
Jul-21,4016.02,653.94,0.1945,6331,SCP: Secret Laboratory,700330
Jun-21,3362.07,-95.37,-0.0276,5195,SCP: Secret Laboratory,700330
May-21,3457.45,-132.87,-0.037,5818,SCP: Secret Laboratory,700330
Apr-21,3590.31,-677.99,-0.1588,6186,SCP: Secret Laboratory,700330
Mar-21,4268.31,-706.63,-0.142,7422,SCP: Secret Laboratory,700330
Feb-21,4974.93,541.59,0.1222,7438,SCP: Secret Laboratory,700330
Jan-21,4433.34,823.83,0.2282,6929,SCP: Secret Laboratory,700330
Dec-20,3609.51,-80.28,-0.0218,5789,SCP: Secret Laboratory,700330
Nov-20,3689.79,-244.68,-0.0622,6134,SCP: Secret Laboratory,700330
Oct-20,3934.47,-171.53,-0.0418,7238,SCP: Secret Laboratory,700330
Sep-20,4106.0,-1573.27,-0.2769999999999999,6970,SCP: Secret Laboratory,700330
Aug-20,5679.27,1679.49,0.4199,7603,SCP: Secret Laboratory,700330
Jul-20,3999.78,388.2,0.1075,6871,SCP: Secret Laboratory,700330
Jun-20,3611.58,97.97,0.0279,5341,SCP: Secret Laboratory,700330
May-20,3513.61,-296.04,-0.0776999999999999,6395,SCP: Secret Laboratory,700330
Apr-20,3809.65,383.78,0.1119999999999999,5971,SCP: Secret Laboratory,700330
Mar-20,3425.87,710.6,0.2617,5190,SCP: Secret Laboratory,700330
Feb-20,2715.27,42.93,0.0161,4450,SCP: Secret Laboratory,700330
Jan-20,2672.34,200.8,0.0812,4449,SCP: Secret Laboratory,700330
Dec-19,2471.54,-120.43,-0.0465,5901,SCP: Secret Laboratory,700330
Nov-19,2591.97,389.64,0.1769,6553,SCP: Secret Laboratory,700330
Oct-19,2202.33,-272.07,-0.11,4525,SCP: Secret Laboratory,700330
Sep-19,2474.4,-628.82,-0.2026,4720,SCP: Secret Laboratory,700330
Aug-19,3103.22,296.04,0.1055,5002,SCP: Secret Laboratory,700330
Jul-19,2807.17,190.62,0.0729,4039,SCP: Secret Laboratory,700330
Jun-19,2616.56,111.01,0.0443,3815,SCP: Secret Laboratory,700330
May-19,2505.54,-218.3,-0.0801,4463,SCP: Secret Laboratory,700330
Apr-19,2723.85,106.91,0.0409,5050,SCP: Secret Laboratory,700330
Mar-19,2616.94,275.82,0.1177999999999999,4834,SCP: Secret Laboratory,700330
Feb-19,2341.12,-199.8,-0.0786,3999,SCP: Secret Laboratory,700330
Jan-19,2540.91,186.07,0.079,4353,SCP: Secret Laboratory,700330
Dec-18,2354.84,174.33,0.08,4135,SCP: Secret Laboratory,700330
Nov-18,2180.51,-235.52,-0.0975,4219,SCP: Secret Laboratory,700330
Oct-18,2416.03,529.19,0.2805,4540,SCP: Secret Laboratory,700330
Sep-18,1886.83,-104.95,-0.0527,4268,SCP: Secret Laboratory,700330
Aug-18,1991.78,62.95,0.0326,2834,SCP: Secret Laboratory,700330
Jul-18,1928.83,622.67,0.4767,2839,SCP: Secret Laboratory,700330
Jun-18,1306.17,-31.4,-0.0235,2270,SCP: Secret Laboratory,700330
May-18,1337.56,-130.6,-0.089,2954,SCP: Secret Laboratory,700330
Apr-18,1468.16,340.95,0.3025,3133,SCP: Secret Laboratory,700330
Mar-18,1127.21,-25.07,-0.0218,2322,SCP: Secret Laboratory,700330
Feb-18,1152.28,312.4,0.372,2005,SCP: Secret Laboratory,700330
Jan-18,839.88,739.91,7.4011,1634,SCP: Secret Laboratory,700330
Dec-17,99.97,-,0.0,4326,SCP: Secret Laboratory,700330
Sep-25,12175.84,-2019.03,-0.1422,27279,Phasmophobia,739630
Aug-25,14194.86,-1021.73,-0.0670999999999999,29290,Phasmophobia,739630
Jul-25,15216.59,1800.22,0.1341999999999999,29840,Phasmophobia,739630
Jun-25,13416.38,3346.61,0.3323,45319,Phasmophobia,739630
May-25,10069.77,-2203.66,-0.1795,22344,Phasmophobia,739630
Apr-25,12273.43,-4671.44,-0.2757,29191,Phasmophobia,739630
Mar-25,16944.88,-2781.15,-0.141,38755,Phasmophobia,739630
Feb-25,19726.02,-2498.71,-0.1124,37818,Phasmophobia,739630
Jan-25,22224.74,2771.03,0.1424,46841,Phasmophobia,739630
Dec-24,19453.71,-3123.71,-0.1384,40921,Phasmophobia,739630
Nov-24,22577.42,8506.54,0.6045,53806,Phasmophobia,739630
Oct-24,14070.88,1231.21,0.0959,49774,Phasmophobia,739630
Sep-24,12839.67,-3908.47,-0.2334,25720,Phasmophobia,739630
Aug-24,16748.14,-173.56,-0.0103,31344,Phasmophobia,739630
Jul-24,16921.7,4259.37,0.3364,31414,Phasmophobia,739630
Jun-24,12662.33,2318.66,0.2242,34397,Phasmophobia,739630
May-24,10343.67,-1256.01,-0.1083,20017,Phasmophobia,739630
Apr-24,11599.67,-1654.98,-0.1249,25040,Phasmophobia,739630
Mar-24,13254.65,40.83,0.0031,27752,Phasmophobia,739630
Feb-24,13213.82,-3163.9,-0.1932,25471,Phasmophobia,739630
Jan-24,16377.72,-287.75,-0.0173,34635,Phasmophobia,739630
Dec-23,16665.47,-2416.66,-0.1266,35463,Phasmophobia,739630
Nov-23,19082.13,-2058.29,-0.0974,38451,Phasmophobia,739630
Oct-23,21140.42,-1952.71,-0.0846,48913,Phasmophobia,739630
Sep-23,23093.13,-4452.84,-0.1617,47772,Phasmophobia,739630
Aug-23,27545.97,12770.54,0.8643000000000001,86124,Phasmophobia,739630
Jul-23,14775.43,3322.15,0.2901,23355,Phasmophobia,739630
Jun-23,11453.28,603.57,0.0556,18805,Phasmophobia,739630
May-23,10849.71,-1523.44,-0.1231,20730,Phasmophobia,739630
Apr-23,12373.15,49.53,0.004,25914,Phasmophobia,739630
Mar-23,12323.62,883.83,0.0773,24603,Phasmophobia,739630
Feb-23,11439.79,-3154.52,-0.2161,23694,Phasmophobia,739630
Jan-23,14594.3,1415.43,0.1074,28804,Phasmophobia,739630
Dec-22,13178.87,586.93,0.0466,26353,Phasmophobia,739630
Nov-22,12591.94,-4051.93,-0.2434,31193,Phasmophobia,739630
Oct-22,16643.87,4183.83,0.3358,40764,Phasmophobia,739630
Sep-22,12460.04,-333.66,-0.0260999999999999,54717,Phasmophobia,739630
Aug-22,12793.7,-1839.28,-0.1257,22696,Phasmophobia,739630
Jul-22,14632.98,267.19,0.0186,24610,Phasmophobia,739630
Jun-22,14365.79,2734.25,0.2351,33477,Phasmophobia,739630
May-22,11631.53,-833.84,-0.0669,22860,Phasmophobia,739630
Apr-22,12465.37,2038.76,0.1955,25398,Phasmophobia,739630
Mar-22,10426.62,-2863.88,-0.2155,20572,Phasmophobia,739630
Feb-22,13290.5,-4792.77,-0.265,26024,Phasmophobia,739630
Jan-22,18083.27,369.43,0.0209,37163,Phasmophobia,739630
Dec-21,17713.85,1998.19,0.1271,45800,Phasmophobia,739630
Nov-21,15715.66,-1646.32,-0.0948,50647,Phasmophobia,739630
Oct-21,17361.98,-1759.69,-0.092,68797,Phasmophobia,739630
Sep-21,19121.67,4374.87,0.2967,43362,Phasmophobia,739630
Aug-21,14746.8,3935.69,0.364,61917,Phasmophobia,739630
Jul-21,10811.1,208.74,0.0197,19723,Phasmophobia,739630
Jun-21,10602.37,548.92,0.0546,22996,Phasmophobia,739630
May-21,10053.44,-898.74,-0.0821,21975,Phasmophobia,739630
Apr-21,10952.19,-1157.94,-0.0956,23424,Phasmophobia,739630
Mar-21,12110.13,-1354.06,-0.1006,26308,Phasmophobia,739630
Feb-21,13464.19,-6640.37,-0.3303,29465,Phasmophobia,739630
Jan-21,20104.56,-1893.48,-0.0861,42360,Phasmophobia,739630
Dec-20,21998.04,-14604.92,-0.3989999999999999,45537,Phasmophobia,739630
Nov-20,36602.96,-8390.08,-0.1865,99089,Phasmophobia,739630
Oct-20,44993.03,-,0.0,112241,Phasmophobia,739630
Sep-25,7746.34,-1519.72,-0.1639999999999999,12249,Albion Online,761890
Aug-25,9266.06,-688.87,-0.0692,14300,Albion Online,761890
Jul-25,9954.93,1273.57,0.1467,14784,Albion Online,761890
Jun-25,8681.36,-536.98,-0.0583,13662,Albion Online,761890
May-25,9218.35,223.99,0.0249,14109,Albion Online,761890
Apr-25,8994.36,142.09,0.0161,14295,Albion Online,761890
Mar-25,8852.27,-129.09,-0.0144,13897,Albion Online,761890
Feb-25,8981.36,894.49,0.1106,13794,Albion Online,761890
Jan-25,8086.87,607.3,0.0812,12300,Albion Online,761890
Dec-24,7479.57,-940.02,-0.1116,11785,Albion Online,761890
Nov-24,8419.59,207.85,0.0253,13555,Albion Online,761890
Oct-24,8211.75,-266.82,-0.0315,12846,Albion Online,761890
Sep-24,8478.57,-784.19,-0.0847,13204,Albion Online,761890
Aug-24,9262.76,-354.86,-0.0369,13699,Albion Online,761890
Jul-24,9617.62,-1913.77,-0.166,14290,Albion Online,761890
Jun-24,11531.39,-3140.36,-0.214,19649,Albion Online,761890
May-24,14671.75,6399.68,0.7736,26908,Albion Online,761890
Apr-24,8272.07,598.03,0.0779,27208,Albion Online,761890
Mar-24,7674.04,-414.91,-0.0513,12514,Albion Online,761890
Feb-24,8088.95,-234.04,-0.0281,12513,Albion Online,761890
Jan-24,8322.99,455.46,0.0579,12833,Albion Online,761890
Dec-23,7867.53,-666,-0.078,12232,Albion Online,761890
Nov-23,8533.53,-204.69,-0.0233999999999999,13362,Albion Online,761890
Oct-23,8738.22,656.02,0.0812,14439,Albion Online,761890
Sep-23,8082.2,-958.56,-0.106,13050,Albion Online,761890
Aug-23,9040.76,-1214.19,-0.1184,14372,Albion Online,761890
Jul-23,10254.95,-2179.9,-0.1753,16031,Albion Online,761890
Jun-23,12434.86,-2541.48,-0.1697,21600,Albion Online,761890
May-23,14976.34,-1168.67,-0.0724,24696,Albion Online,761890
Apr-23,16145.01,6666.21,0.7033,26041,Albion Online,761890
Mar-23,9478.8,3936.58,0.7103,24942,Albion Online,761890
Feb-23,5542.22,-211.13,-0.0366999999999999,9071,Albion Online,761890
Jan-23,5753.35,-312.1,-0.0515,8748,Albion Online,761890
Dec-22,6065.44,-13.91,-0.0023,10124,Albion Online,761890
Nov-22,6079.35,109.02,0.0183,10903,Albion Online,761890
Oct-22,5970.33,-120.05,-0.0197,9650,Albion Online,761890
Sep-22,6090.38,-374.25,-0.0579,10005,Albion Online,761890
Aug-22,6464.62,-257.31,-0.0383,9487,Albion Online,761890
Jul-22,6721.93,119.58,0.0181,9881,Albion Online,761890
Jun-22,6602.36,606.54,0.1012,10445,Albion Online,761890
May-22,5995.82,-140.18,-0.0227999999999999,9420,Albion Online,761890
Apr-22,6135.99,608.77,0.1101,9822,Albion Online,761890
Mar-22,5527.22,-158.33,-0.0278,9195,Albion Online,761890
Feb-22,5685.55,-507.89,-0.0819999999999999,8839,Albion Online,761890
Jan-22,6193.44,418.9,0.0725,9643,Albion Online,761890
Dec-21,5774.54,317.84,0.0582,8944,Albion Online,761890
Nov-21,5456.7,-165.7,-0.0295,10298,Albion Online,761890
Oct-21,5622.4,-1054.29,-0.1578999999999999,9444,Albion Online,761890
Sep-21,6676.69,-1169.75,-0.1491,10718,Albion Online,761890
Aug-21,7846.44,-289.89,-0.0356,11558,Albion Online,761890
Jul-21,8136.33,-343.83,-0.0405,11732,Albion Online,761890
Jun-21,8480.16,312.92,0.0383,12568,Albion Online,761890
May-21,8167.24,-227.51,-0.0271,11716,Albion Online,761890
Apr-21,8394.75,-56.96,-0.0067,12383,Albion Online,761890
Mar-21,8451.71,426.65,0.0532,12918,Albion Online,761890
Feb-21,8025.07,745.03,0.1023,12360,Albion Online,761890
Jan-21,7280.04,186.6,0.0263,12394,Albion Online,761890
Dec-20,7093.44,-674.27,-0.0868,11038,Albion Online,761890
Nov-20,7767.72,-453.84,-0.0552,12254,Albion Online,761890
Oct-20,8221.55,-626.07,-0.0708,12436,Albion Online,761890
Sep-20,8847.63,1703.53,0.2385,13118,Albion Online,761890
Aug-20,7144.1,1234.67,0.2089,11595,Albion Online,761890
Jul-20,5909.43,27.95,0.0048,8899,Albion Online,761890
Jun-20,5881.48,-1304.71,-0.1816,8863,Albion Online,761890
May-20,7186.19,211.94,0.0304,10990,Albion Online,761890
Apr-20,6974.26,2220.75,0.4672,10616,Albion Online,761890
Mar-20,4753.51,1049.47,0.2833,9166,Albion Online,761890
Feb-20,3704.04,754.81,0.2559,6223,Albion Online,761890
Jan-20,2949.22,358.38,0.1383,5447,Albion Online,761890
Dec-19,2590.85,121.06,0.049,4406,Albion Online,761890
Nov-19,2469.79,236.65,0.106,4433,Albion Online,761890
Oct-19,2233.14,-89.45,-0.0385,3884,Albion Online,761890
Sep-19,2322.59,-146.22,-0.0592,4068,Albion Online,761890
Aug-19,2468.81,-943.14,-0.2764,4585,Albion Online,761890
Jul-19,3411.95,-900.51,-0.2087999999999999,5337,Albion Online,761890
Jun-19,4312.46,-2672.82,-0.3826,7565,Albion Online,761890
May-19,6985.28,1105.45,0.188,12955,Albion Online,761890
Apr-19,5879.83,5549.36,16.7922,13312,Albion Online,761890
Mar-19,330.47,40.57,0.14,758,Albion Online,761890
Feb-19,289.9,24.93,0.0941,568,Albion Online,761890
Jan-19,264.97,25.04,0.1043999999999999,561,Albion Online,761890
Dec-18,239.93,-8.4,-0.0338,407,Albion Online,761890
Nov-18,248.33,15.21,0.0653,473,Albion Online,761890
Oct-18,233.12,-19.66,-0.0778,429,Albion Online,761890
Sep-18,252.77,-102.02,-0.2875,482,Albion Online,761890
Aug-18,354.79,-182.74,-0.34,650,Albion Online,761890
Jul-18,537.53,-182.34,-0.2532999999999999,1052,Albion Online,761890
Jun-18,719.87,-661.13,-0.4786999999999999,1627,Albion Online,761890
May-18,1381.0,-,0.0,2796,Albion Online,761890
Sep-25,10339.35,-950.87,-0.0842,18927,Russian Fishing 4,766570
Aug-25,11290.22,-27.38,-0.0024,19907,Russian Fishing 4,766570
Jul-25,11317.6,-2192.36,-0.1623,20596,Russian Fishing 4,766570
Jun-25,13509.97,2199.64,0.1945,26097,Russian Fishing 4,766570
May-25,11310.32,1220.69,0.121,25212,Russian Fishing 4,766570
Apr-25,10089.63,-569.16,-0.0533999999999999,20738,Russian Fishing 4,766570
Mar-25,10658.79,-391.24,-0.0354,20487,Russian Fishing 4,766570
Feb-25,11050.03,-333.58,-0.0293,20699,Russian Fishing 4,766570
Jan-25,11383.61,382.12,0.0347,22277,Russian Fishing 4,766570
Dec-24,11001.49,716.01,0.0696,23201,Russian Fishing 4,766570
Nov-24,10285.48,161.29,0.0159,19528,Russian Fishing 4,766570
Oct-24,10124.19,411.81,0.0424,18863,Russian Fishing 4,766570
Sep-24,9712.38,-213.74,-0.0215,18423,Russian Fishing 4,766570
Aug-24,9926.12,-131.33,-0.0131,17446,Russian Fishing 4,766570
Jul-24,10057.45,-1782.28,-0.1505,18132,Russian Fishing 4,766570
Jun-24,11839.73,-249.24,-0.0206,23174,Russian Fishing 4,766570
May-24,12088.96,351.97,0.03,24294,Russian Fishing 4,766570
Apr-24,11736.99,391.26,0.0345,23055,Russian Fishing 4,766570
Mar-24,11345.73,636.05,0.0594,21480,Russian Fishing 4,766570
Feb-24,10709.69,-1380.08,-0.1142,20782,Russian Fishing 4,766570
Jan-24,12089.76,1668.65,0.1601,23159,Russian Fishing 4,766570
Dec-23,10421.11,2430.43,0.3042,22557,Russian Fishing 4,766570
Nov-23,7990.68,117.31,0.0149,15914,Russian Fishing 4,766570
Oct-23,7873.37,740.89,0.1039,15446,Russian Fishing 4,766570
Sep-23,7132.48,-17.93,-0.0025,13013,Russian Fishing 4,766570
Aug-23,7150.41,-119.78,-0.0165,12477,Russian Fishing 4,766570
Jul-23,7270.19,127.09,0.0178,12796,Russian Fishing 4,766570
Jun-23,7143.1,53.84,0.0076,13504,Russian Fishing 4,766570
May-23,7089.26,9.05,0.0013,14556,Russian Fishing 4,766570
Apr-23,7080.21,1434.81,0.2542,14272,Russian Fishing 4,766570
Mar-23,5645.4,703.13,0.1423,11220,Russian Fishing 4,766570
Feb-23,4942.27,-89.16,-0.0177,9564,Russian Fishing 4,766570
Jan-23,5031.43,-501.15,-0.0906,10970,Russian Fishing 4,766570
Dec-22,5532.58,-58.13,-0.0104,12914,Russian Fishing 4,766570
Nov-22,5590.71,271.23,0.051,10698,Russian Fishing 4,766570
Oct-22,5319.48,435.67,0.0892,10242,Russian Fishing 4,766570
Sep-22,4883.81,744.54,0.1798999999999999,9037,Russian Fishing 4,766570
Aug-22,4139.26,77.68,0.0191,7609,Russian Fishing 4,766570
Jul-22,4061.58,-349.36,-0.0791999999999999,7186,Russian Fishing 4,766570
Jun-22,4410.94,-158.64,-0.0347,8149,Russian Fishing 4,766570
May-22,4569.58,217.33,0.0499,8764,Russian Fishing 4,766570
Apr-22,4352.26,395.81,0.1,7974,Russian Fishing 4,766570
Mar-22,3956.44,-74.07,-0.0184,8029,Russian Fishing 4,766570
Feb-22,4030.51,-751,-0.1571,7421,Russian Fishing 4,766570
Jan-22,4781.51,407.81,0.0932,9144,Russian Fishing 4,766570
Dec-21,4373.7,665.97,0.1796,10937,Russian Fishing 4,766570
Nov-21,3707.73,244.08,0.0705,7445,Russian Fishing 4,766570
Oct-21,3463.65,-163.66,-0.0451,6497,Russian Fishing 4,766570
Sep-21,3627.32,-210.18,-0.0548,6564,Russian Fishing 4,766570
Aug-21,3837.5,206.25,0.0567999999999999,6620,Russian Fishing 4,766570
Jul-21,3631.25,-423.7,-0.1045,6471,Russian Fishing 4,766570
Jun-21,4054.95,-72.31,-0.0175,7794,Russian Fishing 4,766570
May-21,4127.26,177.15,0.0448,7538,Russian Fishing 4,766570
Apr-21,3950.11,-8.42,-0.0021,7360,Russian Fishing 4,766570
Mar-21,3958.53,-129.23,-0.0316,7506,Russian Fishing 4,766570
Feb-21,4087.76,-215.82,-0.0501,7459,Russian Fishing 4,766570
Jan-21,4303.58,531.59,0.1409,7724,Russian Fishing 4,766570
Dec-20,3771.99,398.04,0.118,7659,Russian Fishing 4,766570
Nov-20,3373.95,230.97,0.0735,6765,Russian Fishing 4,766570
Oct-20,3142.98,-13.08,-0.0040999999999999,5992,Russian Fishing 4,766570
Sep-20,3156.06,-105.44,-0.0323,5969,Russian Fishing 4,766570
Aug-20,3261.5,16.01,0.0049,5758,Russian Fishing 4,766570
Jul-20,3245.5,-310.01,-0.0872,6177,Russian Fishing 4,766570
Jun-20,3555.51,-713.35,-0.1671,6487,Russian Fishing 4,766570
May-20,4268.86,-503.77,-0.1056,8124,Russian Fishing 4,766570
Apr-20,4772.63,550.25,0.1303,8635,Russian Fishing 4,766570
Mar-20,4222.39,570.61,0.1563,7743,Russian Fishing 4,766570
Feb-20,3651.77,1218.18,0.5006,7650,Russian Fishing 4,766570
Jan-20,2433.59,-35.32,-0.0143,4478,Russian Fishing 4,766570
Dec-19,2468.91,-59.47,-0.0235,4978,Russian Fishing 4,766570
Nov-19,2528.39,84.03,0.0344,4746,Russian Fishing 4,766570
Oct-19,2444.36,242.96,0.1104,4366,Russian Fishing 4,766570
Sep-19,2201.39,249.12,0.1276,4193,Russian Fishing 4,766570
Aug-19,1952.27,142.14,0.0785,3408,Russian Fishing 4,766570
Jul-19,1810.13,102.45,0.06,3201,Russian Fishing 4,766570
Jun-19,1707.68,-331.93,-0.1626999999999999,2976,Russian Fishing 4,766570
May-19,2039.61,-200.53,-0.0895,3755,Russian Fishing 4,766570
Apr-19,2240.13,-222.08,-0.0902,3824,Russian Fishing 4,766570
Mar-19,2462.22,-58.91,-0.0233999999999999,3872,Russian Fishing 4,766570
Feb-19,2521.12,-477.07,-0.1591,3949,Russian Fishing 4,766570
Jan-19,2998.19,157.31,0.0554,4358,Russian Fishing 4,766570
Dec-18,2840.89,158.45,0.0591,4197,Russian Fishing 4,766570
Nov-18,2682.43,37.77,0.0143,4094,Russian Fishing 4,766570
Oct-18,2644.67,413.02,0.1851,4246,Russian Fishing 4,766570
Sep-18,2231.65,174.94,0.0851,4076,Russian Fishing 4,766570
Aug-18,2056.71,581.16,0.3939,3605,Russian Fishing 4,766570
Jul-18,1475.54,-6.38,-0.0043,2907,Russian Fishing 4,766570
Jun-18,1481.92,-,0.0,2760,Russian Fishing 4,766570
Sep-25,3911.93,-141.4,-0.0349,8274,Total War: THREE KINGDOMS,779340
Aug-25,4053.32,-497.48,-0.1093,8130,Total War: THREE KINGDOMS,779340
Jul-25,4550.81,-361.37,-0.0736,8698,Total War: THREE KINGDOMS,779340
Jun-25,4912.18,372.4,0.0819999999999999,10014,Total War: THREE KINGDOMS,779340
May-25,4539.78,338.84,0.0807,9311,Total War: THREE KINGDOMS,779340
Apr-25,4200.94,-242.51,-0.0546,8437,Total War: THREE KINGDOMS,779340
Mar-25,4443.45,-530.92,-0.1067,8907,Total War: THREE KINGDOMS,779340
Feb-25,4974.37,155.66,0.0323,10513,Total War: THREE KINGDOMS,779340
Jan-25,4818.71,738.67,0.181,10468,Total War: THREE KINGDOMS,779340
Dec-24,4080.04,-12.72,-0.0031,7811,Total War: THREE KINGDOMS,779340
Nov-24,4092.76,124.61,0.0314,8496,Total War: THREE KINGDOMS,779340
Oct-24,3968.15,131.41,0.0342,7832,Total War: THREE KINGDOMS,779340
Sep-24,3836.74,-208.96,-0.0516999999999999,8136,Total War: THREE KINGDOMS,779340
Aug-24,4045.71,-773.98,-0.1606,8178,Total War: THREE KINGDOMS,779340
Jul-24,4819.69,62.36,0.0131,9524,Total War: THREE KINGDOMS,779340
Jun-24,4757.33,-259.51,-0.0516999999999999,9188,Total War: THREE KINGDOMS,779340
May-24,5016.85,338.48,0.0724,10259,Total War: THREE KINGDOMS,779340
Apr-24,4678.36,-385.32,-0.0761,9103,Total War: THREE KINGDOMS,779340
Mar-24,5063.68,-419.16,-0.0764,10030,Total War: THREE KINGDOMS,779340
Feb-24,5482.84,223.71,0.0425,10422,Total War: THREE KINGDOMS,779340
Jan-24,5259.13,436.31,0.0905,10286,Total War: THREE KINGDOMS,779340
Dec-23,4822.81,215.2,0.0467,9685,Total War: THREE KINGDOMS,779340
Nov-23,4607.61,-431.76,-0.0857,9185,Total War: THREE KINGDOMS,779340
Oct-23,5039.37,-100.25,-0.0195,9664,Total War: THREE KINGDOMS,779340
Sep-23,5139.62,120.32,0.024,10926,Total War: THREE KINGDOMS,779340
Aug-23,5019.3,-718.31,-0.1252,9764,Total War: THREE KINGDOMS,779340
Jul-23,5737.61,801.99,0.1625,10875,Total War: THREE KINGDOMS,779340
Jun-23,4935.62,210.4,0.0445,9321,Total War: THREE KINGDOMS,779340
May-23,4725.22,-87.1,-0.0181,9150,Total War: THREE KINGDOMS,779340
Apr-23,4812.32,41.18,0.0086,9212,Total War: THREE KINGDOMS,779340
Mar-23,4771.13,125.76,0.0271,9962,Total War: THREE KINGDOMS,779340
Feb-23,4645.38,-915.03,-0.1646,9174,Total War: THREE KINGDOMS,779340
Jan-23,5560.41,626.88,0.1271,9987,Total War: THREE KINGDOMS,779340
Dec-22,4933.53,364.71,0.0798,10469,Total War: THREE KINGDOMS,779340
Nov-22,4568.82,-618.82,-0.1193,9756,Total War: THREE KINGDOMS,779340
Oct-22,5187.63,784.35,0.1780999999999999,11042,Total War: THREE KINGDOMS,779340
Sep-22,4403.29,-184.32,-0.0401999999999999,8519,Total War: THREE KINGDOMS,779340
Aug-22,4587.6,-572.46,-0.1109,8240,Total War: THREE KINGDOMS,779340
Jul-22,5160.06,-132.55,-0.025,9402,Total War: THREE KINGDOMS,779340
Jun-22,5292.61,-1228.49,-0.1884,10193,Total War: THREE KINGDOMS,779340
May-22,6521.11,1230.79,0.2326,13158,Total War: THREE KINGDOMS,779340
Apr-22,5290.32,491.58,0.1024,9652,Total War: THREE KINGDOMS,779340
Mar-22,4798.74,-1056.63,-0.1805,9340,Total War: THREE KINGDOMS,779340
Feb-22,5855.37,-627.8,-0.0968,11037,Total War: THREE KINGDOMS,779340
Jan-22,6483.17,1822.54,0.391,12108,Total War: THREE KINGDOMS,779340
Dec-21,4660.63,681.75,0.1712999999999999,8588,Total War: THREE KINGDOMS,779340
Nov-21,3978.89,-359.53,-0.0828999999999999,7827,Total War: THREE KINGDOMS,779340
Oct-21,4338.42,-166.77,-0.037,8357,Total War: THREE KINGDOMS,779340
Sep-21,4505.19,-557.56,-0.1101,8952,Total War: THREE KINGDOMS,779340
Aug-21,5062.75,-626.8,-0.1101999999999999,9500,Total War: THREE KINGDOMS,779340
Jul-21,5689.55,-364.87,-0.0603,11288,Total War: THREE KINGDOMS,779340
Jun-21,6054.42,-1904.67,-0.2392999999999999,12110,Total War: THREE KINGDOMS,779340
May-21,7959.08,741.52,0.1027,19195,Total War: THREE KINGDOMS,779340
Apr-21,7217.56,-2594.05,-0.2644,15271,Total War: THREE KINGDOMS,779340
Mar-21,9811.61,2215.45,0.2917,25161,Total War: THREE KINGDOMS,779340
Feb-21,7596.16,-450.87,-0.0559999999999999,14490,Total War: THREE KINGDOMS,779340
Jan-21,8047.03,2105.47,0.3544,15212,Total War: THREE KINGDOMS,779340
Dec-20,5941.56,482.26,0.0883,13617,Total War: THREE KINGDOMS,779340
Nov-20,5459.29,-1543.95,-0.2205,10478,Total War: THREE KINGDOMS,779340
Oct-20,7003.24,-2696.91,-0.278,13241,Total War: THREE KINGDOMS,779340
Sep-20,9700.15,2704.53,0.3865999999999999,21172,Total War: THREE KINGDOMS,779340
Aug-20,6995.62,138.22,0.0202,13688,Total War: THREE KINGDOMS,779340
Jul-20,6857.4,175.17,0.0262,12918,Total War: THREE KINGDOMS,779340
Jun-20,6682.23,-1140.24,-0.1458,11849,Total War: THREE KINGDOMS,779340
May-20,7822.46,-1978,-0.2018,13560,Total War: THREE KINGDOMS,779340
Apr-20,9800.46,-2581.85,-0.2085,28411,Total War: THREE KINGDOMS,779340
Mar-20,12382.31,-98.75,-0.0079,30076,Total War: THREE KINGDOMS,779340
Feb-20,12481.06,930.08,0.0805,24579,Total War: THREE KINGDOMS,779340
Jan-20,11550.98,5082.38,0.7857,25441,Total War: THREE KINGDOMS,779340
Dec-19,6468.6,1148.59,0.2159,14000,Total War: THREE KINGDOMS,779340
Nov-19,5320.01,-827.52,-0.1346,10194,Total War: THREE KINGDOMS,779340
Oct-19,6147.53,-1626.87,-0.2092999999999999,12312,Total War: THREE KINGDOMS,779340
Sep-19,7774.4,-4950.94,-0.3890999999999999,15935,Total War: THREE KINGDOMS,779340
Aug-19,12725.34,-9389.96,-0.4246,32476,Total War: THREE KINGDOMS,779340
Jul-19,22115.3,-24144.64,-0.5219,50764,Total War: THREE KINGDOMS,779340
Jun-19,46259.95,-56459.12,-0.5496,119246,Total War: THREE KINGDOMS,779340
May-19,102719.07,102719.01,1622960.3394,191816,Total War: THREE KINGDOMS,779340
Mar-18,0.06,-,0.0,1,Total War: THREE KINGDOMS,779340
Sep-25,4263.06,2325.75,1.2005,15405,The Riftbreaker,780310
Aug-25,1937.3,1121.3,1.3741,18775,The Riftbreaker,780310
Jul-25,816.01,101.06,0.1414,2206,The Riftbreaker,780310
Jun-25,714.94,384.38,1.1628,2817,The Riftbreaker,780310
May-25,330.56,-81.25,-0.1973,642,The Riftbreaker,780310
Apr-25,411.81,25.54,0.0661,983,The Riftbreaker,780310
Mar-25,386.27,-40.88,-0.0957,878,The Riftbreaker,780310
Feb-25,427.16,81.31,0.2351,895,The Riftbreaker,780310
Jan-25,345.85,-6.13,-0.0174,632,The Riftbreaker,780310
Dec-24,351.98,-31.66,-0.0825,713,The Riftbreaker,780310
Nov-24,383.64,27.01,0.0757,838,The Riftbreaker,780310
Oct-24,356.62,-34.17,-0.0874,771,The Riftbreaker,780310
Sep-24,390.8,-143.72,-0.2689,949,The Riftbreaker,780310
Aug-24,534.52,-267.6,-0.3336,1614,The Riftbreaker,780310
Jul-24,802.12,31.45,0.0408,1944,The Riftbreaker,780310
Jun-24,770.66,455.81,1.4477000000000002,3586,The Riftbreaker,780310
May-24,314.86,-42.06,-0.1177999999999999,663,The Riftbreaker,780310
Apr-24,356.92,-129.08,-0.2656,739,The Riftbreaker,780310
Mar-24,485.99,124.12,0.3429999999999999,1107,The Riftbreaker,780310
Feb-24,361.87,-80.08,-0.1812,700,The Riftbreaker,780310
Jan-24,441.95,-6.65,-0.0148,905,The Riftbreaker,780310
Dec-23,448.6,-91.96,-0.1701,939,The Riftbreaker,780310
Nov-23,540.56,43.3,0.0871,1279,The Riftbreaker,780310
Oct-23,497.25,28.06,0.0598,1226,The Riftbreaker,780310
Sep-23,469.19,-18.7,-0.0383,1350,The Riftbreaker,780310
Aug-23,487.89,-215.69,-0.3066,917,The Riftbreaker,780310
Jul-23,703.58,-587.63,-0.4551,1431,The Riftbreaker,780310
Jun-23,1291.22,794.56,1.5998,4107,The Riftbreaker,780310
May-23,496.66,31.14,0.0669,3343,The Riftbreaker,780310
Apr-23,465.52,-87.74,-0.1586,1058,The Riftbreaker,780310
Mar-23,553.26,92.41,0.2005,1204,The Riftbreaker,780310
Feb-23,460.85,-157.68,-0.2548999999999999,958,The Riftbreaker,780310
Jan-23,618.53,-112.33,-0.1537,1297,The Riftbreaker,780310
Dec-22,730.86,57.42,0.0852999999999999,1721,The Riftbreaker,780310
Nov-22,673.43,211.98,0.4594,2137,The Riftbreaker,780310
Oct-22,461.45,-60.34,-0.1156,935,The Riftbreaker,780310
Sep-22,521.79,-183.77,-0.2605,1243,The Riftbreaker,780310
Aug-22,705.56,-459.58,-0.3944,1717,The Riftbreaker,780310
Jul-22,1165.14,588.72,1.0214,4092,The Riftbreaker,780310
Jun-22,576.42,150.3,0.3527,1592,The Riftbreaker,780310
May-22,426.11,-70.55,-0.142,1055,The Riftbreaker,780310
Apr-22,496.67,141.39,0.3979999999999999,1463,The Riftbreaker,780310
Mar-22,355.27,-227.47,-0.3903,683,The Riftbreaker,780310
Feb-22,582.75,-302.9,-0.342,1260,The Riftbreaker,780310
Jan-22,885.64,-186.56,-0.174,2075,The Riftbreaker,780310
Dec-21,1072.2,-1161.88,-0.5201,2177,The Riftbreaker,780310
Nov-21,2234.08,-6753.11,-0.7514,6248,The Riftbreaker,780310
Oct-21,8987.19,-,0.0,21506,The Riftbreaker,780310
